[2023-06-01 09:51:56] local.ERROR: There are no commands defined in the "run" namespace. {"exception":"[object] (Symfony\\Component\\Console\\Exception\\NamespaceNotFoundException(code: 0): There are no commands defined in the \"run\" namespace. at /var/www/morechina/vendor/symfony/console/Application.php:598)
[stacktrace]
#0 /var/www/morechina/vendor/symfony/console/Application.php(651): Symfony\\Component\\Console\\Application->findNamespace('run')
#1 /var/www/morechina/vendor/symfony/console/Application.php(236): Symfony\\Component\\Console\\Application->find('run:schedule')
#2 /var/www/morechina/vendor/symfony/console/Application.php(148): Symfony\\Component\\Console\\Application->doRun(Object(Symfony\\Component\\Console\\Input\\ArgvInput), Object(Symfony\\Component\\Console\\Output\\ConsoleOutput))
#3 /var/www/morechina/vendor/laravel/framework/src/Illuminate/Console/Application.php(89): Symfony\\Component\\Console\\Application->run(Object(Symfony\\Component\\Console\\Input\\ArgvInput), Object(Symfony\\Component\\Console\\Output\\ConsoleOutput))
#4 /var/www/morechina/vendor/laravel/framework/src/Illuminate/Foundation/Console/Kernel.php(122): Illuminate\\Console\\Application->run(Object(Symfony\\Component\\Console\\Input\\ArgvInput), Object(Symfony\\Component\\Console\\Output\\ConsoleOutput))
#5 /var/www/morechina/artisan(37): Illuminate\\Foundation\\Console\\Kernel->handle(Object(Symfony\\Component\\Console\\Input\\ArgvInput), Object(Symfony\\Component\\Console\\Output\\ConsoleOutput))
#6 {main}
"} 
[2023-06-01 10:01:22] local.ERROR: There are no commands defined in the "run" namespace. {"exception":"[object] (Symfony\\Component\\Console\\Exception\\NamespaceNotFoundException(code: 0): There are no commands defined in the \"run\" namespace. at /var/www/morechina/vendor/symfony/console/Application.php:598)
[stacktrace]
#0 /var/www/morechina/vendor/symfony/console/Application.php(651): Symfony\\Component\\Console\\Application->findNamespace('run')
#1 /var/www/morechina/vendor/symfony/console/Application.php(236): Symfony\\Component\\Console\\Application->find('run:schedule')
#2 /var/www/morechina/vendor/symfony/console/Application.php(148): Symfony\\Component\\Console\\Application->doRun(Object(Symfony\\Component\\Console\\Input\\ArgvInput), Object(Symfony\\Component\\Console\\Output\\ConsoleOutput))
#3 /var/www/morechina/vendor/laravel/framework/src/Illuminate/Console/Application.php(89): Symfony\\Component\\Console\\Application->run(Object(Symfony\\Component\\Console\\Input\\ArgvInput), Object(Symfony\\Component\\Console\\Output\\ConsoleOutput))
#4 /var/www/morechina/vendor/laravel/framework/src/Illuminate/Foundation/Console/Kernel.php(122): Illuminate\\Console\\Application->run(Object(Symfony\\Component\\Console\\Input\\ArgvInput), Object(Symfony\\Component\\Console\\Output\\ConsoleOutput))
#5 /var/www/morechina/artisan(37): Illuminate\\Foundation\\Console\\Kernel->handle(Object(Symfony\\Component\\Console\\Input\\ArgvInput), Object(Symfony\\Component\\Console\\Output\\ConsoleOutput))
#6 {main}
"} 
[2023-06-01 10:39:02] local.ERROR: SQLSTATE[22007]: Invalid datetime format: 1292 Incorrect datetime value: '0000-00-00 00:00:00' for column 'first_call' at row 1 (SQL: alter table `customers` add `first_call` datetime not null) {"exception":"[object] (Illuminate\\Database\\QueryException(code: 22007): SQLSTATE[22007]: Invalid datetime format: 1292 Incorrect datetime value: '0000-00-00 00:00:00' for column 'first_call' at row 1 (SQL: alter table `customers` add `first_call` datetime not null) at /var/www/morechina/vendor/laravel/framework/src/Illuminate/Database/Connection.php:664, Doctrine\\DBAL\\Driver\\PDOException(code: 22007): SQLSTATE[22007]: Invalid datetime format: 1292 Incorrect datetime value: '0000-00-00 00:00:00' for column 'first_call' at row 1 at /var/www/morechina/vendor/doctrine/dbal/lib/Doctrine/DBAL/Driver/PDOStatement.php:123, PDOException(code: 22007): SQLSTATE[22007]: Invalid datetime format: 1292 Incorrect datetime value: '0000-00-00 00:00:00' for column 'first_call' at row 1 at /var/www/morechina/vendor/doctrine/dbal/lib/Doctrine/DBAL/Driver/PDOStatement.php:121)
[stacktrace]
#0 /var/www/morechina/vendor/laravel/framework/src/Illuminate/Database/Connection.php(624): Illuminate\\Database\\Connection->runQueryCallback('alter table `cu...', Array, Object(Closure))
#1 /var/www/morechina/vendor/laravel/framework/src/Illuminate/Database/Connection.php(459): Illuminate\\Database\\Connection->run('alter table `cu...', Array, Object(Closure))
#2 /var/www/morechina/vendor/laravel/framework/src/Illuminate/Database/Schema/Blueprint.php(97): Illuminate\\Database\\Connection->statement('alter table `cu...')
#3 /var/www/morechina/vendor/laravel/framework/src/Illuminate/Database/Schema/Builder.php(264): Illuminate\\Database\\Schema\\Blueprint->build(Object(Illuminate\\Database\\MySqlConnection), Object(Illuminate\\Database\\Schema\\Grammars\\MySqlGrammar))
#4 /var/www/morechina/vendor/laravel/framework/src/Illuminate/Database/Schema/Builder.php(149): Illuminate\\Database\\Schema\\Builder->build(Object(Illuminate\\Database\\Schema\\Blueprint))
#5 /var/www/morechina/vendor/laravel/framework/src/Illuminate/Support/Facades/Facade.php(237): Illuminate\\Database\\Schema\\Builder->table('customers', Object(Closure))
#6 /var/www/morechina/database/migrations/2023_06_01_102738_add_first_call_to_customers_table.php(18): Illuminate\\Support\\Facades\\Facade::__callStatic('table', Array)
#7 /var/www/morechina/vendor/laravel/framework/src/Illuminate/Database/Migrations/Migrator.php(360): AddFirstCallToCustomersTable->up()
#8 /var/www/morechina/vendor/laravel/framework/src/Illuminate/Database/Migrations/Migrator.php(367): Illuminate\\Database\\Migrations\\Migrator->Illuminate\\Database\\Migrations\\{closure}()
#9 /var/www/morechina/vendor/laravel/framework/src/Illuminate/Database/Migrations/Migrator.php(178): Illuminate\\Database\\Migrations\\Migrator->runMigration(Object(AddFirstCallToCustomersTable), 'up')
#10 /var/www/morechina/vendor/laravel/framework/src/Illuminate/Database/Migrations/Migrator.php(147): Illuminate\\Database\\Migrations\\Migrator->runUp('/var/www/morech...', 28, false)
#11 /var/www/morechina/vendor/laravel/framework/src/Illuminate/Database/Migrations/Migrator.php(96): Illuminate\\Database\\Migrations\\Migrator->runPending(Array, Array)
#12 /var/www/morechina/vendor/laravel/framework/src/Illuminate/Database/Console/Migrations/MigrateCommand.php(71): Illuminate\\Database\\Migrations\\Migrator->run(Array, Array)
#13 [internal function]: Illuminate\\Database\\Console\\Migrations\\MigrateCommand->handle()
#14 /var/www/morechina/vendor/laravel/framework/src/Illuminate/Container/BoundMethod.php(29): call_user_func_array(Array, Array)
#15 /var/www/morechina/vendor/laravel/framework/src/Illuminate/Container/BoundMethod.php(87): Illuminate\\Container\\BoundMethod::Illuminate\\Container\\{closure}()
#16 /var/www/morechina/vendor/laravel/framework/src/Illuminate/Container/BoundMethod.php(31): Illuminate\\Container\\BoundMethod::callBoundMethod(Object(Illuminate\\Foundation\\Application), Array, Object(Closure))
#17 /var/www/morechina/vendor/laravel/framework/src/Illuminate/Container/Container.php(572): Illuminate\\Container\\BoundMethod::call(Object(Illuminate\\Foundation\\Application), Array, Array, NULL)
#18 /var/www/morechina/vendor/laravel/framework/src/Illuminate/Console/Command.php(183): Illuminate\\Container\\Container->call(Array)
#19 /var/www/morechina/vendor/symfony/console/Command/Command.php(255): Illuminate\\Console\\Command->execute(Object(Symfony\\Component\\Console\\Input\\ArgvInput), Object(Illuminate\\Console\\OutputStyle))
#20 /var/www/morechina/vendor/laravel/framework/src/Illuminate/Console/Command.php(170): Symfony\\Component\\Console\\Command\\Command->run(Object(Symfony\\Component\\Console\\Input\\ArgvInput), Object(Illuminate\\Console\\OutputStyle))
#21 /var/www/morechina/vendor/symfony/console/Application.php(1011): Illuminate\\Console\\Command->run(Object(Symfony\\Component\\Console\\Input\\ArgvInput), Object(Symfony\\Component\\Console\\Output\\ConsoleOutput))
#22 /var/www/morechina/vendor/symfony/console/Application.php(272): Symfony\\Component\\Console\\Application->doRunCommand(Object(Illuminate\\Database\\Console\\Migrations\\MigrateCommand), Object(Symfony\\Component\\Console\\Input\\ArgvInput), Object(Symfony\\Component\\Console\\Output\\ConsoleOutput))
#23 /var/www/morechina/vendor/symfony/console/Application.php(148): Symfony\\Component\\Console\\Application->doRun(Object(Symfony\\Component\\Console\\Input\\ArgvInput), Object(Symfony\\Component\\Console\\Output\\ConsoleOutput))
#24 /var/www/morechina/vendor/laravel/framework/src/Illuminate/Console/Application.php(89): Symfony\\Component\\Console\\Application->run(Object(Symfony\\Component\\Console\\Input\\ArgvInput), Object(Symfony\\Component\\Console\\Output\\ConsoleOutput))
#25 /var/www/morechina/vendor/laravel/framework/src/Illuminate/Foundation/Console/Kernel.php(122): Illuminate\\Console\\Application->run(Object(Symfony\\Component\\Console\\Input\\ArgvInput), Object(Symfony\\Component\\Console\\Output\\ConsoleOutput))
#26 /var/www/morechina/artisan(37): Illuminate\\Foundation\\Console\\Kernel->handle(Object(Symfony\\Component\\Console\\Input\\ArgvInput), Object(Symfony\\Component\\Console\\Output\\ConsoleOutput))
#27 {main}
"} 
[2023-06-01 10:41:47] local.ERROR: SQLSTATE[22007]: Invalid datetime format: 1292 Incorrect datetime value: '0000-00-00 00:00:00' for column 'first_call' at row 1 (SQL: alter table `customers` add `first_call` datetime not null) {"exception":"[object] (Illuminate\\Database\\QueryException(code: 22007): SQLSTATE[22007]: Invalid datetime format: 1292 Incorrect datetime value: '0000-00-00 00:00:00' for column 'first_call' at row 1 (SQL: alter table `customers` add `first_call` datetime not null) at /var/www/morechina/vendor/laravel/framework/src/Illuminate/Database/Connection.php:664, Doctrine\\DBAL\\Driver\\PDOException(code: 22007): SQLSTATE[22007]: Invalid datetime format: 1292 Incorrect datetime value: '0000-00-00 00:00:00' for column 'first_call' at row 1 at /var/www/morechina/vendor/doctrine/dbal/lib/Doctrine/DBAL/Driver/PDOStatement.php:123, PDOException(code: 22007): SQLSTATE[22007]: Invalid datetime format: 1292 Incorrect datetime value: '0000-00-00 00:00:00' for column 'first_call' at row 1 at /var/www/morechina/vendor/doctrine/dbal/lib/Doctrine/DBAL/Driver/PDOStatement.php:121)
[stacktrace]
#0 /var/www/morechina/vendor/laravel/framework/src/Illuminate/Database/Connection.php(624): Illuminate\\Database\\Connection->runQueryCallback('alter table `cu...', Array, Object(Closure))
#1 /var/www/morechina/vendor/laravel/framework/src/Illuminate/Database/Connection.php(459): Illuminate\\Database\\Connection->run('alter table `cu...', Array, Object(Closure))
#2 /var/www/morechina/vendor/laravel/framework/src/Illuminate/Database/Schema/Blueprint.php(97): Illuminate\\Database\\Connection->statement('alter table `cu...')
#3 /var/www/morechina/vendor/laravel/framework/src/Illuminate/Database/Schema/Builder.php(264): Illuminate\\Database\\Schema\\Blueprint->build(Object(Illuminate\\Database\\MySqlConnection), Object(Illuminate\\Database\\Schema\\Grammars\\MySqlGrammar))
#4 /var/www/morechina/vendor/laravel/framework/src/Illuminate/Database/Schema/Builder.php(149): Illuminate\\Database\\Schema\\Builder->build(Object(Illuminate\\Database\\Schema\\Blueprint))
#5 /var/www/morechina/vendor/laravel/framework/src/Illuminate/Support/Facades/Facade.php(237): Illuminate\\Database\\Schema\\Builder->table('customers', Object(Closure))
#6 /var/www/morechina/database/migrations/2023_06_01_102738_add_first_call_to_customers_table.php(18): Illuminate\\Support\\Facades\\Facade::__callStatic('table', Array)
#7 /var/www/morechina/vendor/laravel/framework/src/Illuminate/Database/Migrations/Migrator.php(360): AddFirstCallToCustomersTable->up()
#8 /var/www/morechina/vendor/laravel/framework/src/Illuminate/Database/Migrations/Migrator.php(367): Illuminate\\Database\\Migrations\\Migrator->Illuminate\\Database\\Migrations\\{closure}()
#9 /var/www/morechina/vendor/laravel/framework/src/Illuminate/Database/Migrations/Migrator.php(178): Illuminate\\Database\\Migrations\\Migrator->runMigration(Object(AddFirstCallToCustomersTable), 'up')
#10 /var/www/morechina/vendor/laravel/framework/src/Illuminate/Database/Migrations/Migrator.php(147): Illuminate\\Database\\Migrations\\Migrator->runUp('/var/www/morech...', 28, false)
#11 /var/www/morechina/vendor/laravel/framework/src/Illuminate/Database/Migrations/Migrator.php(96): Illuminate\\Database\\Migrations\\Migrator->runPending(Array, Array)
#12 /var/www/morechina/vendor/laravel/framework/src/Illuminate/Database/Console/Migrations/MigrateCommand.php(71): Illuminate\\Database\\Migrations\\Migrator->run(Array, Array)
#13 [internal function]: Illuminate\\Database\\Console\\Migrations\\MigrateCommand->handle()
#14 /var/www/morechina/vendor/laravel/framework/src/Illuminate/Container/BoundMethod.php(29): call_user_func_array(Array, Array)
#15 /var/www/morechina/vendor/laravel/framework/src/Illuminate/Container/BoundMethod.php(87): Illuminate\\Container\\BoundMethod::Illuminate\\Container\\{closure}()
#16 /var/www/morechina/vendor/laravel/framework/src/Illuminate/Container/BoundMethod.php(31): Illuminate\\Container\\BoundMethod::callBoundMethod(Object(Illuminate\\Foundation\\Application), Array, Object(Closure))
#17 /var/www/morechina/vendor/laravel/framework/src/Illuminate/Container/Container.php(572): Illuminate\\Container\\BoundMethod::call(Object(Illuminate\\Foundation\\Application), Array, Array, NULL)
#18 /var/www/morechina/vendor/laravel/framework/src/Illuminate/Console/Command.php(183): Illuminate\\Container\\Container->call(Array)
#19 /var/www/morechina/vendor/symfony/console/Command/Command.php(255): Illuminate\\Console\\Command->execute(Object(Symfony\\Component\\Console\\Input\\ArgvInput), Object(Illuminate\\Console\\OutputStyle))
#20 /var/www/morechina/vendor/laravel/framework/src/Illuminate/Console/Command.php(170): Symfony\\Component\\Console\\Command\\Command->run(Object(Symfony\\Component\\Console\\Input\\ArgvInput), Object(Illuminate\\Console\\OutputStyle))
#21 /var/www/morechina/vendor/symfony/console/Application.php(1011): Illuminate\\Console\\Command->run(Object(Symfony\\Component\\Console\\Input\\ArgvInput), Object(Symfony\\Component\\Console\\Output\\ConsoleOutput))
#22 /var/www/morechina/vendor/symfony/console/Application.php(272): Symfony\\Component\\Console\\Application->doRunCommand(Object(Illuminate\\Database\\Console\\Migrations\\MigrateCommand), Object(Symfony\\Component\\Console\\Input\\ArgvInput), Object(Symfony\\Component\\Console\\Output\\ConsoleOutput))
#23 /var/www/morechina/vendor/symfony/console/Application.php(148): Symfony\\Component\\Console\\Application->doRun(Object(Symfony\\Component\\Console\\Input\\ArgvInput), Object(Symfony\\Component\\Console\\Output\\ConsoleOutput))
#24 /var/www/morechina/vendor/laravel/framework/src/Illuminate/Console/Application.php(89): Symfony\\Component\\Console\\Application->run(Object(Symfony\\Component\\Console\\Input\\ArgvInput), Object(Symfony\\Component\\Console\\Output\\ConsoleOutput))
#25 /var/www/morechina/vendor/laravel/framework/src/Illuminate/Foundation/Console/Kernel.php(122): Illuminate\\Console\\Application->run(Object(Symfony\\Component\\Console\\Input\\ArgvInput), Object(Symfony\\Component\\Console\\Output\\ConsoleOutput))
#26 /var/www/morechina/artisan(37): Illuminate\\Foundation\\Console\\Kernel->handle(Object(Symfony\\Component\\Console\\Input\\ArgvInput), Object(Symfony\\Component\\Console\\Output\\ConsoleOutput))
#27 {main}
"} 
[2023-06-01 10:53:31] local.ERROR: Cannot redeclare App\Models\Customer::$dates {"exception":"[object] (Symfony\\Component\\Debug\\Exception\\FatalErrorException(code: 64): Cannot redeclare App\\Models\\Customer::$dates at /var/www/morechina/app/Models/Customer.php:19)
[stacktrace]
#0 {main}
"} 
[2023-06-01 10:55:32] local.ERROR: SQLSTATE[22007]: Invalid datetime format: 1292 Incorrect datetime value: '111' for column 'first_call' at row 1 (SQL: update `customers` set `last_used_at` = 2023-05-31 00:00:00, `updated_at` = 2023-06-01 10:55:32, `first_call` = 111 where `id` = 68) {"userId":1,"email":"8016@morechina.com.cn","exception":"[object] (Illuminate\\Database\\QueryException(code: 22007): SQLSTATE[22007]: Invalid datetime format: 1292 Incorrect datetime value: '111' for column 'first_call' at row 1 (SQL: update `customers` set `last_used_at` = 2023-05-31 00:00:00, `updated_at` = 2023-06-01 10:55:32, `first_call` = 111 where `id` = 68) at /var/www/morechina/vendor/laravel/framework/src/Illuminate/Database/Connection.php:664, Doctrine\\DBAL\\Driver\\PDOException(code: 22007): SQLSTATE[22007]: Invalid datetime format: 1292 Incorrect datetime value: '111' for column 'first_call' at row 1 at /var/www/morechina/vendor/doctrine/dbal/lib/Doctrine/DBAL/Driver/PDOStatement.php:123, PDOException(code: 22007): SQLSTATE[22007]: Invalid datetime format: 1292 Incorrect datetime value: '111' for column 'first_call' at row 1 at /var/www/morechina/vendor/doctrine/dbal/lib/Doctrine/DBAL/Driver/PDOStatement.php:121)
[stacktrace]
#0 /var/www/morechina/vendor/laravel/framework/src/Illuminate/Database/Connection.php(624): Illuminate\\Database\\Connection->runQueryCallback('update `custome...', Array, Object(Closure))
#1 /var/www/morechina/vendor/laravel/framework/src/Illuminate/Database/Connection.php(490): Illuminate\\Database\\Connection->run('update `custome...', Array, Object(Closure))
#2 /var/www/morechina/vendor/laravel/framework/src/Illuminate/Database/Connection.php(423): Illuminate\\Database\\Connection->affectingStatement('update `custome...', Array)
#3 /var/www/morechina/vendor/laravel/framework/src/Illuminate/Database/Query/Builder.php(2659): Illuminate\\Database\\Connection->update('update `custome...', Array)
#4 /var/www/morechina/vendor/laravel/framework/src/Illuminate/Database/Eloquent/Builder.php(818): Illuminate\\Database\\Query\\Builder->update(Array)
#5 /var/www/morechina/vendor/laravel/framework/src/Illuminate/Database/Eloquent/Model.php(729): Illuminate\\Database\\Eloquent\\Builder->update(Array)
#6 /var/www/morechina/vendor/laravel/framework/src/Illuminate/Database/Eloquent/Model.php(644): Illuminate\\Database\\Eloquent\\Model->performUpdate(Object(Illuminate\\Database\\Eloquent\\Builder))
#7 /var/www/morechina/vendor/laravel/framework/src/Illuminate/Database/Eloquent/Model.php(591): Illuminate\\Database\\Eloquent\\Model->save(Array)
#8 /var/www/morechina/app/Http/Controllers/CustomersController.php(48): Illuminate\\Database\\Eloquent\\Model->update(Array)
#9 [internal function]: App\\Http\\Controllers\\CustomersController->update(Object(App\\Models\\Customer), Object(App\\Http\\Requests\\CustomerRequest))
#10 /var/www/morechina/vendor/laravel/framework/src/Illuminate/Routing/Controller.php(54): call_user_func_array(Array, Array)
#11 /var/www/morechina/vendor/laravel/framework/src/Illuminate/Routing/ControllerDispatcher.php(45): Illuminate\\Routing\\Controller->callAction('update', Array)
#12 /var/www/morechina/vendor/laravel/framework/src/Illuminate/Routing/Route.php(219): Illuminate\\Routing\\ControllerDispatcher->dispatch(Object(Illuminate\\Routing\\Route), Object(App\\Http\\Controllers\\CustomersController), 'update')
#13 /var/www/morechina/vendor/laravel/framework/src/Illuminate/Routing/Route.php(176): Illuminate\\Routing\\Route->runController()
#14 /var/www/morechina/vendor/laravel/framework/src/Illuminate/Routing/Router.php(682): Illuminate\\Routing\\Route->run()
#15 /var/www/morechina/vendor/laravel/framework/src/Illuminate/Routing/Pipeline.php(30): Illuminate\\Routing\\Router->Illuminate\\Routing\\{closure}(Object(Illuminate\\Http\\Request))
#16 /var/www/morechina/vendor/laravel/framework/src/Illuminate/Auth/Middleware/EnsureEmailIsVerified.php(28): Illuminate\\Routing\\Pipeline->Illuminate\\Routing\\{closure}(Object(Illuminate\\Http\\Request))
#17 /var/www/morechina/vendor/laravel/framework/src/Illuminate/Pipeline/Pipeline.php(163): Illuminate\\Auth\\Middleware\\EnsureEmailIsVerified->handle(Object(Illuminate\\Http\\Request), Object(Closure))
#18 /var/www/morechina/vendor/laravel/framework/src/Illuminate/Routing/Pipeline.php(53): Illuminate\\Pipeline\\Pipeline->Illuminate\\Pipeline\\{closure}(Object(Illuminate\\Http\\Request))
#19 /var/www/morechina/app/Http/Middleware/EnsureEmailIsVerified.php(26): Illuminate\\Routing\\Pipeline->Illuminate\\Routing\\{closure}(Object(Illuminate\\Http\\Request))
#20 /var/www/morechina/vendor/laravel/framework/src/Illuminate/Pipeline/Pipeline.php(163): App\\Http\\Middleware\\EnsureEmailIsVerified->handle(Object(Illuminate\\Http\\Request), Object(Closure))
#21 /var/www/morechina/vendor/laravel/framework/src/Illuminate/Routing/Pipeline.php(53): Illuminate\\Pipeline\\Pipeline->Illuminate\\Pipeline\\{closure}(Object(Illuminate\\Http\\Request))
#22 /var/www/morechina/vendor/laravel/framework/src/Illuminate/Routing/Middleware/SubstituteBindings.php(41): Illuminate\\Routing\\Pipeline->Illuminate\\Routing\\{closure}(Object(Illuminate\\Http\\Request))
#23 /var/www/morechina/vendor/laravel/framework/src/Illuminate/Pipeline/Pipeline.php(163): Illuminate\\Routing\\Middleware\\SubstituteBindings->handle(Object(Illuminate\\Http\\Request), Object(Closure))
#24 /var/www/morechina/vendor/laravel/framework/src/Illuminate/Routing/Pipeline.php(53): Illuminate\\Pipeline\\Pipeline->Illuminate\\Pipeline\\{closure}(Object(Illuminate\\Http\\Request))
#25 /var/www/morechina/vendor/laravel/framework/src/Illuminate/Auth/Middleware/Authenticate.php(43): Illuminate\\Routing\\Pipeline->Illuminate\\Routing\\{closure}(Object(Illuminate\\Http\\Request))
#26 /var/www/morechina/vendor/laravel/framework/src/Illuminate/Pipeline/Pipeline.php(163): Illuminate\\Auth\\Middleware\\Authenticate->handle(Object(Illuminate\\Http\\Request), Object(Closure))
#27 /var/www/morechina/vendor/laravel/framework/src/Illuminate/Routing/Pipeline.php(53): Illuminate\\Pipeline\\Pipeline->Illuminate\\Pipeline\\{closure}(Object(Illuminate\\Http\\Request))
#28 /var/www/morechina/vendor/laravel/framework/src/Illuminate/Foundation/Http/Middleware/VerifyCsrfToken.php(75): Illuminate\\Routing\\Pipeline->Illuminate\\Routing\\{closure}(Object(Illuminate\\Http\\Request))
#29 /var/www/morechina/vendor/laravel/framework/src/Illuminate/Pipeline/Pipeline.php(163): Illuminate\\Foundation\\Http\\Middleware\\VerifyCsrfToken->handle(Object(Illuminate\\Http\\Request), Object(Closure))
#30 /var/www/morechina/vendor/laravel/framework/src/Illuminate/Routing/Pipeline.php(53): Illuminate\\Pipeline\\Pipeline->Illuminate\\Pipeline\\{closure}(Object(Illuminate\\Http\\Request))
#31 /var/www/morechina/vendor/laravel/framework/src/Illuminate/View/Middleware/ShareErrorsFromSession.php(49): Illuminate\\Routing\\Pipeline->Illuminate\\Routing\\{closure}(Object(Illuminate\\Http\\Request))
#32 /var/www/morechina/vendor/laravel/framework/src/Illuminate/Pipeline/Pipeline.php(163): Illuminate\\View\\Middleware\\ShareErrorsFromSession->handle(Object(Illuminate\\Http\\Request), Object(Closure))
#33 /var/www/morechina/vendor/laravel/framework/src/Illuminate/Routing/Pipeline.php(53): Illuminate\\Pipeline\\Pipeline->Illuminate\\Pipeline\\{closure}(Object(Illuminate\\Http\\Request))
#34 /var/www/morechina/vendor/laravel/framework/src/Illuminate/Session/Middleware/StartSession.php(63): Illuminate\\Routing\\Pipeline->Illuminate\\Routing\\{closure}(Object(Illuminate\\Http\\Request))
#35 /var/www/morechina/vendor/laravel/framework/src/Illuminate/Pipeline/Pipeline.php(163): Illuminate\\Session\\Middleware\\StartSession->handle(Object(Illuminate\\Http\\Request), Object(Closure))
#36 /var/www/morechina/vendor/laravel/framework/src/Illuminate/Routing/Pipeline.php(53): Illuminate\\Pipeline\\Pipeline->Illuminate\\Pipeline\\{closure}(Object(Illuminate\\Http\\Request))
#37 /var/www/morechina/vendor/laravel/framework/src/Illuminate/Cookie/Middleware/AddQueuedCookiesToResponse.php(37): Illuminate\\Routing\\Pipeline->Illuminate\\Routing\\{closure}(Object(Illuminate\\Http\\Request))
#38 /var/www/morechina/vendor/laravel/framework/src/Illuminate/Pipeline/Pipeline.php(163): Illuminate\\Cookie\\Middleware\\AddQueuedCookiesToResponse->handle(Object(Illuminate\\Http\\Request), Object(Closure))
#39 /var/www/morechina/vendor/laravel/framework/src/Illuminate/Routing/Pipeline.php(53): Illuminate\\Pipeline\\Pipeline->Illuminate\\Pipeline\\{closure}(Object(Illuminate\\Http\\Request))
#40 /var/www/morechina/vendor/laravel/framework/src/Illuminate/Cookie/Middleware/EncryptCookies.php(66): Illuminate\\Routing\\Pipeline->Illuminate\\Routing\\{closure}(Object(Illuminate\\Http\\Request))
#41 /var/www/morechina/vendor/laravel/framework/src/Illuminate/Pipeline/Pipeline.php(163): Illuminate\\Cookie\\Middleware\\EncryptCookies->handle(Object(Illuminate\\Http\\Request), Object(Closure))
#42 /var/www/morechina/vendor/laravel/framework/src/Illuminate/Routing/Pipeline.php(53): Illuminate\\Pipeline\\Pipeline->Illuminate\\Pipeline\\{closure}(Object(Illuminate\\Http\\Request))
#43 /var/www/morechina/vendor/laravel/framework/src/Illuminate/Pipeline/Pipeline.php(104): Illuminate\\Routing\\Pipeline->Illuminate\\Routing\\{closure}(Object(Illuminate\\Http\\Request))
#44 /var/www/morechina/vendor/laravel/framework/src/Illuminate/Routing/Router.php(684): Illuminate\\Pipeline\\Pipeline->then(Object(Closure))
#45 /var/www/morechina/vendor/laravel/framework/src/Illuminate/Routing/Router.php(659): Illuminate\\Routing\\Router->runRouteWithinStack(Object(Illuminate\\Routing\\Route), Object(Illuminate\\Http\\Request))
#46 /var/www/morechina/vendor/laravel/framework/src/Illuminate/Routing/Router.php(625): Illuminate\\Routing\\Router->runRoute(Object(Illuminate\\Http\\Request), Object(Illuminate\\Routing\\Route))
#47 /var/www/morechina/vendor/laravel/framework/src/Illuminate/Routing/Router.php(614): Illuminate\\Routing\\Router->dispatchToRoute(Object(Illuminate\\Http\\Request))
#48 /var/www/morechina/vendor/laravel/framework/src/Illuminate/Foundation/Http/Kernel.php(176): Illuminate\\Routing\\Router->dispatch(Object(Illuminate\\Http\\Request))
#49 /var/www/morechina/vendor/laravel/framework/src/Illuminate/Routing/Pipeline.php(30): Illuminate\\Foundation\\Http\\Kernel->Illuminate\\Foundation\\Http\\{closure}(Object(Illuminate\\Http\\Request))
#50 /var/www/morechina/vendor/barryvdh/laravel-debugbar/src/Middleware/InjectDebugbar.php(65): Illuminate\\Routing\\Pipeline->Illuminate\\Routing\\{closure}(Object(Illuminate\\Http\\Request))
#51 /var/www/morechina/vendor/laravel/framework/src/Illuminate/Pipeline/Pipeline.php(163): Barryvdh\\Debugbar\\Middleware\\InjectDebugbar->handle(Object(Illuminate\\Http\\Request), Object(Closure))
#52 /var/www/morechina/vendor/laravel/framework/src/Illuminate/Routing/Pipeline.php(53): Illuminate\\Pipeline\\Pipeline->Illuminate\\Pipeline\\{closure}(Object(Illuminate\\Http\\Request))
#53 /var/www/morechina/vendor/fideloper/proxy/src/TrustProxies.php(57): Illuminate\\Routing\\Pipeline->Illuminate\\Routing\\{closure}(Object(Illuminate\\Http\\Request))
#54 /var/www/morechina/vendor/laravel/framework/src/Illuminate/Pipeline/Pipeline.php(163): Fideloper\\Proxy\\TrustProxies->handle(Object(Illuminate\\Http\\Request), Object(Closure))
#55 /var/www/morechina/vendor/laravel/framework/src/Illuminate/Routing/Pipeline.php(53): Illuminate\\Pipeline\\Pipeline->Illuminate\\Pipeline\\{closure}(Object(Illuminate\\Http\\Request))
#56 /var/www/morechina/vendor/laravel/framework/src/Illuminate/Foundation/Http/Middleware/TransformsRequest.php(31): Illuminate\\Routing\\Pipeline->Illuminate\\Routing\\{closure}(Object(Illuminate\\Http\\Request))
#57 /var/www/morechina/vendor/laravel/framework/src/Illuminate/Pipeline/Pipeline.php(163): Illuminate\\Foundation\\Http\\Middleware\\TransformsRequest->handle(Object(Illuminate\\Http\\Request), Object(Closure))
#58 /var/www/morechina/vendor/laravel/framework/src/Illuminate/Routing/Pipeline.php(53): Illuminate\\Pipeline\\Pipeline->Illuminate\\Pipeline\\{closure}(Object(Illuminate\\Http\\Request))
#59 /var/www/morechina/vendor/laravel/framework/src/Illuminate/Foundation/Http/Middleware/TransformsRequest.php(31): Illuminate\\Routing\\Pipeline->Illuminate\\Routing\\{closure}(Object(Illuminate\\Http\\Request))
#60 /var/www/morechina/vendor/laravel/framework/src/Illuminate/Pipeline/Pipeline.php(163): Illuminate\\Foundation\\Http\\Middleware\\TransformsRequest->handle(Object(Illuminate\\Http\\Request), Object(Closure))
#61 /var/www/morechina/vendor/laravel/framework/src/Illuminate/Routing/Pipeline.php(53): Illuminate\\Pipeline\\Pipeline->Illuminate\\Pipeline\\{closure}(Object(Illuminate\\Http\\Request))
#62 /var/www/morechina/vendor/laravel/framework/src/Illuminate/Foundation/Http/Middleware/ValidatePostSize.php(27): Illuminate\\Routing\\Pipeline->Illuminate\\Routing\\{closure}(Object(Illuminate\\Http\\Request))
#63 /var/www/morechina/vendor/laravel/framework/src/Illuminate/Pipeline/Pipeline.php(163): Illuminate\\Foundation\\Http\\Middleware\\ValidatePostSize->handle(Object(Illuminate\\Http\\Request), Object(Closure))
#64 /var/www/morechina/vendor/laravel/framework/src/Illuminate/Routing/Pipeline.php(53): Illuminate\\Pipeline\\Pipeline->Illuminate\\Pipeline\\{closure}(Object(Illuminate\\Http\\Request))
#65 /var/www/morechina/vendor/laravel/framework/src/Illuminate/Foundation/Http/Middleware/CheckForMaintenanceMode.php(62): Illuminate\\Routing\\Pipeline->Illuminate\\Routing\\{closure}(Object(Illuminate\\Http\\Request))
#66 /var/www/morechina/vendor/laravel/framework/src/Illuminate/Pipeline/Pipeline.php(163): Illuminate\\Foundation\\Http\\Middleware\\CheckForMaintenanceMode->handle(Object(Illuminate\\Http\\Request), Object(Closure))
#67 /var/www/morechina/vendor/laravel/framework/src/Illuminate/Routing/Pipeline.php(53): Illuminate\\Pipeline\\Pipeline->Illuminate\\Pipeline\\{closure}(Object(Illuminate\\Http\\Request))
#68 /var/www/morechina/vendor/laravel/framework/src/Illuminate/Pipeline/Pipeline.php(104): Illuminate\\Routing\\Pipeline->Illuminate\\Routing\\{closure}(Object(Illuminate\\Http\\Request))
#69 /var/www/morechina/vendor/laravel/framework/src/Illuminate/Foundation/Http/Kernel.php(151): Illuminate\\Pipeline\\Pipeline->then(Object(Closure))
#70 /var/www/morechina/vendor/laravel/framework/src/Illuminate/Foundation/Http/Kernel.php(116): Illuminate\\Foundation\\Http\\Kernel->sendRequestThroughRouter(Object(Illuminate\\Http\\Request))
#71 /var/www/morechina/public/index.php(55): Illuminate\\Foundation\\Http\\Kernel->handle(Object(Illuminate\\Http\\Request))
#72 {main}
"} 
[2023-06-01 11:16:13] local.ERROR: Undefined variable: table {"exception":"[object] (ErrorException(code: 0): Undefined variable: table at /var/www/morechina/database/migrations/2023_06_01_110734_alter_customers_table.php:16)
[stacktrace]
#0 /var/www/morechina/database/migrations/2023_06_01_110734_alter_customers_table.php(16): Illuminate\\Foundation\\Bootstrap\\HandleExceptions->handleError(8, 'Undefined varia...', '/var/www/morech...', 16, Array)
#1 /var/www/morechina/vendor/laravel/framework/src/Illuminate/Database/Migrations/Migrator.php(360): AlterCustomersTable->up()
#2 /var/www/morechina/vendor/laravel/framework/src/Illuminate/Database/Migrations/Migrator.php(367): Illuminate\\Database\\Migrations\\Migrator->Illuminate\\Database\\Migrations\\{closure}()
#3 /var/www/morechina/vendor/laravel/framework/src/Illuminate/Database/Migrations/Migrator.php(178): Illuminate\\Database\\Migrations\\Migrator->runMigration(Object(AlterCustomersTable), 'up')
#4 /var/www/morechina/vendor/laravel/framework/src/Illuminate/Database/Migrations/Migrator.php(147): Illuminate\\Database\\Migrations\\Migrator->runUp('/var/www/morech...', 30, false)
#5 /var/www/morechina/vendor/laravel/framework/src/Illuminate/Database/Migrations/Migrator.php(96): Illuminate\\Database\\Migrations\\Migrator->runPending(Array, Array)
#6 /var/www/morechina/vendor/laravel/framework/src/Illuminate/Database/Console/Migrations/MigrateCommand.php(71): Illuminate\\Database\\Migrations\\Migrator->run(Array, Array)
#7 [internal function]: Illuminate\\Database\\Console\\Migrations\\MigrateCommand->handle()
#8 /var/www/morechina/vendor/laravel/framework/src/Illuminate/Container/BoundMethod.php(29): call_user_func_array(Array, Array)
#9 /var/www/morechina/vendor/laravel/framework/src/Illuminate/Container/BoundMethod.php(87): Illuminate\\Container\\BoundMethod::Illuminate\\Container\\{closure}()
#10 /var/www/morechina/vendor/laravel/framework/src/Illuminate/Container/BoundMethod.php(31): Illuminate\\Container\\BoundMethod::callBoundMethod(Object(Illuminate\\Foundation\\Application), Array, Object(Closure))
#11 /var/www/morechina/vendor/laravel/framework/src/Illuminate/Container/Container.php(572): Illuminate\\Container\\BoundMethod::call(Object(Illuminate\\Foundation\\Application), Array, Array, NULL)
#12 /var/www/morechina/vendor/laravel/framework/src/Illuminate/Console/Command.php(183): Illuminate\\Container\\Container->call(Array)
#13 /var/www/morechina/vendor/symfony/console/Command/Command.php(255): Illuminate\\Console\\Command->execute(Object(Symfony\\Component\\Console\\Input\\ArgvInput), Object(Illuminate\\Console\\OutputStyle))
#14 /var/www/morechina/vendor/laravel/framework/src/Illuminate/Console/Command.php(170): Symfony\\Component\\Console\\Command\\Command->run(Object(Symfony\\Component\\Console\\Input\\ArgvInput), Object(Illuminate\\Console\\OutputStyle))
#15 /var/www/morechina/vendor/symfony/console/Application.php(1011): Illuminate\\Console\\Command->run(Object(Symfony\\Component\\Console\\Input\\ArgvInput), Object(Symfony\\Component\\Console\\Output\\ConsoleOutput))
#16 /var/www/morechina/vendor/symfony/console/Application.php(272): Symfony\\Component\\Console\\Application->doRunCommand(Object(Illuminate\\Database\\Console\\Migrations\\MigrateCommand), Object(Symfony\\Component\\Console\\Input\\ArgvInput), Object(Symfony\\Component\\Console\\Output\\ConsoleOutput))
#17 /var/www/morechina/vendor/symfony/console/Application.php(148): Symfony\\Component\\Console\\Application->doRun(Object(Symfony\\Component\\Console\\Input\\ArgvInput), Object(Symfony\\Component\\Console\\Output\\ConsoleOutput))
#18 /var/www/morechina/vendor/laravel/framework/src/Illuminate/Console/Application.php(89): Symfony\\Component\\Console\\Application->run(Object(Symfony\\Component\\Console\\Input\\ArgvInput), Object(Symfony\\Component\\Console\\Output\\ConsoleOutput))
#19 /var/www/morechina/vendor/laravel/framework/src/Illuminate/Foundation/Console/Kernel.php(122): Illuminate\\Console\\Application->run(Object(Symfony\\Component\\Console\\Input\\ArgvInput), Object(Symfony\\Component\\Console\\Output\\ConsoleOutput))
#20 /var/www/morechina/artisan(37): Illuminate\\Foundation\\Console\\Kernel->handle(Object(Symfony\\Component\\Console\\Input\\ArgvInput), Object(Symfony\\Component\\Console\\Output\\ConsoleOutput))
#21 {main}
"} 
[2023-06-01 11:20:50] local.ERROR: Undefined variable: table {"exception":"[object] (ErrorException(code: 0): Undefined variable: table at /var/www/morechina/database/migrations/2023_06_01_110734_alter_customers_table.php:16)
[stacktrace]
#0 /var/www/morechina/database/migrations/2023_06_01_110734_alter_customers_table.php(16): Illuminate\\Foundation\\Bootstrap\\HandleExceptions->handleError(8, 'Undefined varia...', '/var/www/morech...', 16, Array)
#1 /var/www/morechina/vendor/laravel/framework/src/Illuminate/Database/Migrations/Migrator.php(360): AlterCustomersTable->up()
#2 /var/www/morechina/vendor/laravel/framework/src/Illuminate/Database/Migrations/Migrator.php(367): Illuminate\\Database\\Migrations\\Migrator->Illuminate\\Database\\Migrations\\{closure}()
#3 /var/www/morechina/vendor/laravel/framework/src/Illuminate/Database/Migrations/Migrator.php(178): Illuminate\\Database\\Migrations\\Migrator->runMigration(Object(AlterCustomersTable), 'up')
#4 /var/www/morechina/vendor/laravel/framework/src/Illuminate/Database/Migrations/Migrator.php(147): Illuminate\\Database\\Migrations\\Migrator->runUp('/var/www/morech...', 30, false)
#5 /var/www/morechina/vendor/laravel/framework/src/Illuminate/Database/Migrations/Migrator.php(96): Illuminate\\Database\\Migrations\\Migrator->runPending(Array, Array)
#6 /var/www/morechina/vendor/laravel/framework/src/Illuminate/Database/Console/Migrations/MigrateCommand.php(71): Illuminate\\Database\\Migrations\\Migrator->run(Array, Array)
#7 [internal function]: Illuminate\\Database\\Console\\Migrations\\MigrateCommand->handle()
#8 /var/www/morechina/vendor/laravel/framework/src/Illuminate/Container/BoundMethod.php(29): call_user_func_array(Array, Array)
#9 /var/www/morechina/vendor/laravel/framework/src/Illuminate/Container/BoundMethod.php(87): Illuminate\\Container\\BoundMethod::Illuminate\\Container\\{closure}()
#10 /var/www/morechina/vendor/laravel/framework/src/Illuminate/Container/BoundMethod.php(31): Illuminate\\Container\\BoundMethod::callBoundMethod(Object(Illuminate\\Foundation\\Application), Array, Object(Closure))
#11 /var/www/morechina/vendor/laravel/framework/src/Illuminate/Container/Container.php(572): Illuminate\\Container\\BoundMethod::call(Object(Illuminate\\Foundation\\Application), Array, Array, NULL)
#12 /var/www/morechina/vendor/laravel/framework/src/Illuminate/Console/Command.php(183): Illuminate\\Container\\Container->call(Array)
#13 /var/www/morechina/vendor/symfony/console/Command/Command.php(255): Illuminate\\Console\\Command->execute(Object(Symfony\\Component\\Console\\Input\\ArgvInput), Object(Illuminate\\Console\\OutputStyle))
#14 /var/www/morechina/vendor/laravel/framework/src/Illuminate/Console/Command.php(170): Symfony\\Component\\Console\\Command\\Command->run(Object(Symfony\\Component\\Console\\Input\\ArgvInput), Object(Illuminate\\Console\\OutputStyle))
#15 /var/www/morechina/vendor/symfony/console/Application.php(1011): Illuminate\\Console\\Command->run(Object(Symfony\\Component\\Console\\Input\\ArgvInput), Object(Symfony\\Component\\Console\\Output\\ConsoleOutput))
#16 /var/www/morechina/vendor/symfony/console/Application.php(272): Symfony\\Component\\Console\\Application->doRunCommand(Object(Illuminate\\Database\\Console\\Migrations\\MigrateCommand), Object(Symfony\\Component\\Console\\Input\\ArgvInput), Object(Symfony\\Component\\Console\\Output\\ConsoleOutput))
#17 /var/www/morechina/vendor/symfony/console/Application.php(148): Symfony\\Component\\Console\\Application->doRun(Object(Symfony\\Component\\Console\\Input\\ArgvInput), Object(Symfony\\Component\\Console\\Output\\ConsoleOutput))
#18 /var/www/morechina/vendor/laravel/framework/src/Illuminate/Console/Application.php(89): Symfony\\Component\\Console\\Application->run(Object(Symfony\\Component\\Console\\Input\\ArgvInput), Object(Symfony\\Component\\Console\\Output\\ConsoleOutput))
#19 /var/www/morechina/vendor/laravel/framework/src/Illuminate/Foundation/Console/Kernel.php(122): Illuminate\\Console\\Application->run(Object(Symfony\\Component\\Console\\Input\\ArgvInput), Object(Symfony\\Component\\Console\\Output\\ConsoleOutput))
#20 /var/www/morechina/artisan(37): Illuminate\\Foundation\\Console\\Kernel->handle(Object(Symfony\\Component\\Console\\Input\\ArgvInput), Object(Symfony\\Component\\Console\\Output\\ConsoleOutput))
#21 {main}
"} 
[2023-06-01 13:51:45] local.ERROR: SQLSTATE[23000]: Integrity constraint violation: 1048 Column 'contact_email' cannot be null (SQL: insert into `customers` (`customer_name`, `contact_name`, `contact_phone`, `memo`, `last_used_at`, `first_call`, `region`, `city`, `customer_type`, `contact_info`, `contact_email`, `contact_QQ`, `contact_address`, `user_id`, `updated_at`, `created_at`) values (111, 111, 11, 11, 2023-05-31 00:00:00, 11, 11, 11, 11, 111, , 11, 11, 1, 2023-06-01 13:51:45, 2023-06-01 13:51:45)) {"userId":1,"email":"8016@morechina.com.cn","exception":"[object] (Illuminate\\Database\\QueryException(code: 23000): SQLSTATE[23000]: Integrity constraint violation: 1048 Column 'contact_email' cannot be null (SQL: insert into `customers` (`customer_name`, `contact_name`, `contact_phone`, `memo`, `last_used_at`, `first_call`, `region`, `city`, `customer_type`, `contact_info`, `contact_email`, `contact_QQ`, `contact_address`, `user_id`, `updated_at`, `created_at`) values (111, 111, 11, 11, 2023-05-31 00:00:00, 11, 11, 11, 11, 111, , 11, 11, 1, 2023-06-01 13:51:45, 2023-06-01 13:51:45)) at /var/www/morechina/vendor/laravel/framework/src/Illuminate/Database/Connection.php:664, Doctrine\\DBAL\\Driver\\PDOException(code: 23000): SQLSTATE[23000]: Integrity constraint violation: 1048 Column 'contact_email' cannot be null at /var/www/morechina/vendor/doctrine/dbal/lib/Doctrine/DBAL/Driver/PDOStatement.php:123, PDOException(code: 23000): SQLSTATE[23000]: Integrity constraint violation: 1048 Column 'contact_email' cannot be null at /var/www/morechina/vendor/doctrine/dbal/lib/Doctrine/DBAL/Driver/PDOStatement.php:121)
[stacktrace]
#0 /var/www/morechina/vendor/laravel/framework/src/Illuminate/Database/Connection.php(624): Illuminate\\Database\\Connection->runQueryCallback('insert into `cu...', Array, Object(Closure))
#1 /var/www/morechina/vendor/laravel/framework/src/Illuminate/Database/Connection.php(459): Illuminate\\Database\\Connection->run('insert into `cu...', Array, Object(Closure))
#2 /var/www/morechina/vendor/laravel/framework/src/Illuminate/Database/Connection.php(411): Illuminate\\Database\\Connection->statement('insert into `cu...', Array)
#3 /var/www/morechina/vendor/laravel/framework/src/Illuminate/Database/Query/Processors/Processor.php(32): Illuminate\\Database\\Connection->insert('insert into `cu...', Array)
#4 /var/www/morechina/vendor/laravel/framework/src/Illuminate/Database/Query/Builder.php(2628): Illuminate\\Database\\Query\\Processors\\Processor->processInsertGetId(Object(Illuminate\\Database\\Query\\Builder), 'insert into `cu...', Array, 'id')
#5 /var/www/morechina/vendor/laravel/framework/src/Illuminate/Database/Eloquent/Builder.php(1338): Illuminate\\Database\\Query\\Builder->insertGetId(Array, 'id')
#6 /var/www/morechina/vendor/laravel/framework/src/Illuminate/Database/Eloquent/Model.php(823): Illuminate\\Database\\Eloquent\\Builder->__call('insertGetId', Array)
#7 /var/www/morechina/vendor/laravel/framework/src/Illuminate/Database/Eloquent/Model.php(788): Illuminate\\Database\\Eloquent\\Model->insertAndSetId(Object(Illuminate\\Database\\Eloquent\\Builder), Array)
#8 /var/www/morechina/vendor/laravel/framework/src/Illuminate/Database/Eloquent/Model.php(651): Illuminate\\Database\\Eloquent\\Model->performInsert(Object(Illuminate\\Database\\Eloquent\\Builder))
#9 /var/www/morechina/vendor/laravel/framework/src/Illuminate/Database/Eloquent/Relations/HasOneOrMany.php(281): Illuminate\\Database\\Eloquent\\Model->save()
#10 /var/www/morechina/vendor/laravel/framework/src/Illuminate/Support/helpers.php(1027): Illuminate\\Database\\Eloquent\\Relations\\HasOneOrMany->Illuminate\\Database\\Eloquent\\Relations\\{closure}(Object(App\\Models\\Customer))
#11 /var/www/morechina/vendor/laravel/framework/src/Illuminate/Database/Eloquent/Relations/HasOneOrMany.php(282): tap(Object(App\\Models\\Customer), Object(Closure))
#12 /var/www/morechina/app/Http/Controllers/CustomersController.php(31): Illuminate\\Database\\Eloquent\\Relations\\HasOneOrMany->create(Array)
#13 [internal function]: App\\Http\\Controllers\\CustomersController->store(Object(App\\Http\\Requests\\CustomerRequest))
#14 /var/www/morechina/vendor/laravel/framework/src/Illuminate/Routing/Controller.php(54): call_user_func_array(Array, Array)
#15 /var/www/morechina/vendor/laravel/framework/src/Illuminate/Routing/ControllerDispatcher.php(45): Illuminate\\Routing\\Controller->callAction('store', Array)
#16 /var/www/morechina/vendor/laravel/framework/src/Illuminate/Routing/Route.php(219): Illuminate\\Routing\\ControllerDispatcher->dispatch(Object(Illuminate\\Routing\\Route), Object(App\\Http\\Controllers\\CustomersController), 'store')
#17 /var/www/morechina/vendor/laravel/framework/src/Illuminate/Routing/Route.php(176): Illuminate\\Routing\\Route->runController()
#18 /var/www/morechina/vendor/laravel/framework/src/Illuminate/Routing/Router.php(682): Illuminate\\Routing\\Route->run()
#19 /var/www/morechina/vendor/laravel/framework/src/Illuminate/Routing/Pipeline.php(30): Illuminate\\Routing\\Router->Illuminate\\Routing\\{closure}(Object(Illuminate\\Http\\Request))
#20 /var/www/morechina/vendor/laravel/framework/src/Illuminate/Auth/Middleware/EnsureEmailIsVerified.php(28): Illuminate\\Routing\\Pipeline->Illuminate\\Routing\\{closure}(Object(Illuminate\\Http\\Request))
#21 /var/www/morechina/vendor/laravel/framework/src/Illuminate/Pipeline/Pipeline.php(163): Illuminate\\Auth\\Middleware\\EnsureEmailIsVerified->handle(Object(Illuminate\\Http\\Request), Object(Closure))
#22 /var/www/morechina/vendor/laravel/framework/src/Illuminate/Routing/Pipeline.php(53): Illuminate\\Pipeline\\Pipeline->Illuminate\\Pipeline\\{closure}(Object(Illuminate\\Http\\Request))
#23 /var/www/morechina/app/Http/Middleware/EnsureEmailIsVerified.php(26): Illuminate\\Routing\\Pipeline->Illuminate\\Routing\\{closure}(Object(Illuminate\\Http\\Request))
#24 /var/www/morechina/vendor/laravel/framework/src/Illuminate/Pipeline/Pipeline.php(163): App\\Http\\Middleware\\EnsureEmailIsVerified->handle(Object(Illuminate\\Http\\Request), Object(Closure))
#25 /var/www/morechina/vendor/laravel/framework/src/Illuminate/Routing/Pipeline.php(53): Illuminate\\Pipeline\\Pipeline->Illuminate\\Pipeline\\{closure}(Object(Illuminate\\Http\\Request))
#26 /var/www/morechina/vendor/laravel/framework/src/Illuminate/Routing/Middleware/SubstituteBindings.php(41): Illuminate\\Routing\\Pipeline->Illuminate\\Routing\\{closure}(Object(Illuminate\\Http\\Request))
#27 /var/www/morechina/vendor/laravel/framework/src/Illuminate/Pipeline/Pipeline.php(163): Illuminate\\Routing\\Middleware\\SubstituteBindings->handle(Object(Illuminate\\Http\\Request), Object(Closure))
#28 /var/www/morechina/vendor/laravel/framework/src/Illuminate/Routing/Pipeline.php(53): Illuminate\\Pipeline\\Pipeline->Illuminate\\Pipeline\\{closure}(Object(Illuminate\\Http\\Request))
#29 /var/www/morechina/vendor/laravel/framework/src/Illuminate/Auth/Middleware/Authenticate.php(43): Illuminate\\Routing\\Pipeline->Illuminate\\Routing\\{closure}(Object(Illuminate\\Http\\Request))
#30 /var/www/morechina/vendor/laravel/framework/src/Illuminate/Pipeline/Pipeline.php(163): Illuminate\\Auth\\Middleware\\Authenticate->handle(Object(Illuminate\\Http\\Request), Object(Closure))
#31 /var/www/morechina/vendor/laravel/framework/src/Illuminate/Routing/Pipeline.php(53): Illuminate\\Pipeline\\Pipeline->Illuminate\\Pipeline\\{closure}(Object(Illuminate\\Http\\Request))
#32 /var/www/morechina/vendor/laravel/framework/src/Illuminate/Foundation/Http/Middleware/VerifyCsrfToken.php(75): Illuminate\\Routing\\Pipeline->Illuminate\\Routing\\{closure}(Object(Illuminate\\Http\\Request))
#33 /var/www/morechina/vendor/laravel/framework/src/Illuminate/Pipeline/Pipeline.php(163): Illuminate\\Foundation\\Http\\Middleware\\VerifyCsrfToken->handle(Object(Illuminate\\Http\\Request), Object(Closure))
#34 /var/www/morechina/vendor/laravel/framework/src/Illuminate/Routing/Pipeline.php(53): Illuminate\\Pipeline\\Pipeline->Illuminate\\Pipeline\\{closure}(Object(Illuminate\\Http\\Request))
#35 /var/www/morechina/vendor/laravel/framework/src/Illuminate/View/Middleware/ShareErrorsFromSession.php(49): Illuminate\\Routing\\Pipeline->Illuminate\\Routing\\{closure}(Object(Illuminate\\Http\\Request))
#36 /var/www/morechina/vendor/laravel/framework/src/Illuminate/Pipeline/Pipeline.php(163): Illuminate\\View\\Middleware\\ShareErrorsFromSession->handle(Object(Illuminate\\Http\\Request), Object(Closure))
#37 /var/www/morechina/vendor/laravel/framework/src/Illuminate/Routing/Pipeline.php(53): Illuminate\\Pipeline\\Pipeline->Illuminate\\Pipeline\\{closure}(Object(Illuminate\\Http\\Request))
#38 /var/www/morechina/vendor/laravel/framework/src/Illuminate/Session/Middleware/StartSession.php(63): Illuminate\\Routing\\Pipeline->Illuminate\\Routing\\{closure}(Object(Illuminate\\Http\\Request))
#39 /var/www/morechina/vendor/laravel/framework/src/Illuminate/Pipeline/Pipeline.php(163): Illuminate\\Session\\Middleware\\StartSession->handle(Object(Illuminate\\Http\\Request), Object(Closure))
#40 /var/www/morechina/vendor/laravel/framework/src/Illuminate/Routing/Pipeline.php(53): Illuminate\\Pipeline\\Pipeline->Illuminate\\Pipeline\\{closure}(Object(Illuminate\\Http\\Request))
#41 /var/www/morechina/vendor/laravel/framework/src/Illuminate/Cookie/Middleware/AddQueuedCookiesToResponse.php(37): Illuminate\\Routing\\Pipeline->Illuminate\\Routing\\{closure}(Object(Illuminate\\Http\\Request))
#42 /var/www/morechina/vendor/laravel/framework/src/Illuminate/Pipeline/Pipeline.php(163): Illuminate\\Cookie\\Middleware\\AddQueuedCookiesToResponse->handle(Object(Illuminate\\Http\\Request), Object(Closure))
#43 /var/www/morechina/vendor/laravel/framework/src/Illuminate/Routing/Pipeline.php(53): Illuminate\\Pipeline\\Pipeline->Illuminate\\Pipeline\\{closure}(Object(Illuminate\\Http\\Request))
#44 /var/www/morechina/vendor/laravel/framework/src/Illuminate/Cookie/Middleware/EncryptCookies.php(66): Illuminate\\Routing\\Pipeline->Illuminate\\Routing\\{closure}(Object(Illuminate\\Http\\Request))
#45 /var/www/morechina/vendor/laravel/framework/src/Illuminate/Pipeline/Pipeline.php(163): Illuminate\\Cookie\\Middleware\\EncryptCookies->handle(Object(Illuminate\\Http\\Request), Object(Closure))
#46 /var/www/morechina/vendor/laravel/framework/src/Illuminate/Routing/Pipeline.php(53): Illuminate\\Pipeline\\Pipeline->Illuminate\\Pipeline\\{closure}(Object(Illuminate\\Http\\Request))
#47 /var/www/morechina/vendor/laravel/framework/src/Illuminate/Pipeline/Pipeline.php(104): Illuminate\\Routing\\Pipeline->Illuminate\\Routing\\{closure}(Object(Illuminate\\Http\\Request))
#48 /var/www/morechina/vendor/laravel/framework/src/Illuminate/Routing/Router.php(684): Illuminate\\Pipeline\\Pipeline->then(Object(Closure))
#49 /var/www/morechina/vendor/laravel/framework/src/Illuminate/Routing/Router.php(659): Illuminate\\Routing\\Router->runRouteWithinStack(Object(Illuminate\\Routing\\Route), Object(Illuminate\\Http\\Request))
#50 /var/www/morechina/vendor/laravel/framework/src/Illuminate/Routing/Router.php(625): Illuminate\\Routing\\Router->runRoute(Object(Illuminate\\Http\\Request), Object(Illuminate\\Routing\\Route))
#51 /var/www/morechina/vendor/laravel/framework/src/Illuminate/Routing/Router.php(614): Illuminate\\Routing\\Router->dispatchToRoute(Object(Illuminate\\Http\\Request))
#52 /var/www/morechina/vendor/laravel/framework/src/Illuminate/Foundation/Http/Kernel.php(176): Illuminate\\Routing\\Router->dispatch(Object(Illuminate\\Http\\Request))
#53 /var/www/morechina/vendor/laravel/framework/src/Illuminate/Routing/Pipeline.php(30): Illuminate\\Foundation\\Http\\Kernel->Illuminate\\Foundation\\Http\\{closure}(Object(Illuminate\\Http\\Request))
#54 /var/www/morechina/vendor/barryvdh/laravel-debugbar/src/Middleware/InjectDebugbar.php(65): Illuminate\\Routing\\Pipeline->Illuminate\\Routing\\{closure}(Object(Illuminate\\Http\\Request))
#55 /var/www/morechina/vendor/laravel/framework/src/Illuminate/Pipeline/Pipeline.php(163): Barryvdh\\Debugbar\\Middleware\\InjectDebugbar->handle(Object(Illuminate\\Http\\Request), Object(Closure))
#56 /var/www/morechina/vendor/laravel/framework/src/Illuminate/Routing/Pipeline.php(53): Illuminate\\Pipeline\\Pipeline->Illuminate\\Pipeline\\{closure}(Object(Illuminate\\Http\\Request))
#57 /var/www/morechina/vendor/fideloper/proxy/src/TrustProxies.php(57): Illuminate\\Routing\\Pipeline->Illuminate\\Routing\\{closure}(Object(Illuminate\\Http\\Request))
#58 /var/www/morechina/vendor/laravel/framework/src/Illuminate/Pipeline/Pipeline.php(163): Fideloper\\Proxy\\TrustProxies->handle(Object(Illuminate\\Http\\Request), Object(Closure))
#59 /var/www/morechina/vendor/laravel/framework/src/Illuminate/Routing/Pipeline.php(53): Illuminate\\Pipeline\\Pipeline->Illuminate\\Pipeline\\{closure}(Object(Illuminate\\Http\\Request))
#60 /var/www/morechina/vendor/laravel/framework/src/Illuminate/Foundation/Http/Middleware/TransformsRequest.php(31): Illuminate\\Routing\\Pipeline->Illuminate\\Routing\\{closure}(Object(Illuminate\\Http\\Request))
#61 /var/www/morechina/vendor/laravel/framework/src/Illuminate/Pipeline/Pipeline.php(163): Illuminate\\Foundation\\Http\\Middleware\\TransformsRequest->handle(Object(Illuminate\\Http\\Request), Object(Closure))
#62 /var/www/morechina/vendor/laravel/framework/src/Illuminate/Routing/Pipeline.php(53): Illuminate\\Pipeline\\Pipeline->Illuminate\\Pipeline\\{closure}(Object(Illuminate\\Http\\Request))
#63 /var/www/morechina/vendor/laravel/framework/src/Illuminate/Foundation/Http/Middleware/TransformsRequest.php(31): Illuminate\\Routing\\Pipeline->Illuminate\\Routing\\{closure}(Object(Illuminate\\Http\\Request))
#64 /var/www/morechina/vendor/laravel/framework/src/Illuminate/Pipeline/Pipeline.php(163): Illuminate\\Foundation\\Http\\Middleware\\TransformsRequest->handle(Object(Illuminate\\Http\\Request), Object(Closure))
#65 /var/www/morechina/vendor/laravel/framework/src/Illuminate/Routing/Pipeline.php(53): Illuminate\\Pipeline\\Pipeline->Illuminate\\Pipeline\\{closure}(Object(Illuminate\\Http\\Request))
#66 /var/www/morechina/vendor/laravel/framework/src/Illuminate/Foundation/Http/Middleware/ValidatePostSize.php(27): Illuminate\\Routing\\Pipeline->Illuminate\\Routing\\{closure}(Object(Illuminate\\Http\\Request))
#67 /var/www/morechina/vendor/laravel/framework/src/Illuminate/Pipeline/Pipeline.php(163): Illuminate\\Foundation\\Http\\Middleware\\ValidatePostSize->handle(Object(Illuminate\\Http\\Request), Object(Closure))
#68 /var/www/morechina/vendor/laravel/framework/src/Illuminate/Routing/Pipeline.php(53): Illuminate\\Pipeline\\Pipeline->Illuminate\\Pipeline\\{closure}(Object(Illuminate\\Http\\Request))
#69 /var/www/morechina/vendor/laravel/framework/src/Illuminate/Foundation/Http/Middleware/CheckForMaintenanceMode.php(62): Illuminate\\Routing\\Pipeline->Illuminate\\Routing\\{closure}(Object(Illuminate\\Http\\Request))
#70 /var/www/morechina/vendor/laravel/framework/src/Illuminate/Pipeline/Pipeline.php(163): Illuminate\\Foundation\\Http\\Middleware\\CheckForMaintenanceMode->handle(Object(Illuminate\\Http\\Request), Object(Closure))
#71 /var/www/morechina/vendor/laravel/framework/src/Illuminate/Routing/Pipeline.php(53): Illuminate\\Pipeline\\Pipeline->Illuminate\\Pipeline\\{closure}(Object(Illuminate\\Http\\Request))
#72 /var/www/morechina/vendor/laravel/framework/src/Illuminate/Pipeline/Pipeline.php(104): Illuminate\\Routing\\Pipeline->Illuminate\\Routing\\{closure}(Object(Illuminate\\Http\\Request))
#73 /var/www/morechina/vendor/laravel/framework/src/Illuminate/Foundation/Http/Kernel.php(151): Illuminate\\Pipeline\\Pipeline->then(Object(Closure))
#74 /var/www/morechina/vendor/laravel/framework/src/Illuminate/Foundation/Http/Kernel.php(116): Illuminate\\Foundation\\Http\\Kernel->sendRequestThroughRouter(Object(Illuminate\\Http\\Request))
#75 /var/www/morechina/public/index.php(55): Illuminate\\Foundation\\Http\\Kernel->handle(Object(Illuminate\\Http\\Request))
#76 {main}
"} 
[2023-06-01 14:12:02] local.ERROR: There are no commands defined in the "shedule" namespace.

Did you mean this?
    schedule {"exception":"[object] (Symfony\\Component\\Console\\Exception\\NamespaceNotFoundException(code: 0): There are no commands defined in the \"shedule\" namespace.

Did you mean this?
    schedule at /var/www/morechina/vendor/symfony/console/Application.php:598)
[stacktrace]
#0 /var/www/morechina/vendor/symfony/console/Application.php(651): Symfony\\Component\\Console\\Application->findNamespace('shedule')
#1 /var/www/morechina/vendor/symfony/console/Application.php(236): Symfony\\Component\\Console\\Application->find('shedule:run')
#2 /var/www/morechina/vendor/symfony/console/Application.php(148): Symfony\\Component\\Console\\Application->doRun(Object(Symfony\\Component\\Console\\Input\\ArgvInput), Object(Symfony\\Component\\Console\\Output\\ConsoleOutput))
#3 /var/www/morechina/vendor/laravel/framework/src/Illuminate/Console/Application.php(89): Symfony\\Component\\Console\\Application->run(Object(Symfony\\Component\\Console\\Input\\ArgvInput), Object(Symfony\\Component\\Console\\Output\\ConsoleOutput))
#4 /var/www/morechina/vendor/laravel/framework/src/Illuminate/Foundation/Console/Kernel.php(122): Illuminate\\Console\\Application->run(Object(Symfony\\Component\\Console\\Input\\ArgvInput), Object(Symfony\\Component\\Console\\Output\\ConsoleOutput))
#5 /var/www/morechina/artisan(37): Illuminate\\Foundation\\Console\\Kernel->handle(Object(Symfony\\Component\\Console\\Input\\ArgvInput), Object(Symfony\\Component\\Console\\Output\\ConsoleOutput))
#6 {main}
"} 
[2023-06-01 14:25:33] local.ERROR: SQLSTATE[23000]: Integrity constraint violation: 1048 Column 'contact_QQ' cannot be null (SQL: update `customers` set `updated_at` = 2023-06-01 14:25:33, `contact_QQ` =  where `id` = 69) {"userId":1,"email":"8016@morechina.com.cn","exception":"[object] (Illuminate\\Database\\QueryException(code: 23000): SQLSTATE[23000]: Integrity constraint violation: 1048 Column 'contact_QQ' cannot be null (SQL: update `customers` set `updated_at` = 2023-06-01 14:25:33, `contact_QQ` =  where `id` = 69) at /var/www/morechina/vendor/laravel/framework/src/Illuminate/Database/Connection.php:664, Doctrine\\DBAL\\Driver\\PDOException(code: 23000): SQLSTATE[23000]: Integrity constraint violation: 1048 Column 'contact_QQ' cannot be null at /var/www/morechina/vendor/doctrine/dbal/lib/Doctrine/DBAL/Driver/PDOStatement.php:123, PDOException(code: 23000): SQLSTATE[23000]: Integrity constraint violation: 1048 Column 'contact_QQ' cannot be null at /var/www/morechina/vendor/doctrine/dbal/lib/Doctrine/DBAL/Driver/PDOStatement.php:121)
[stacktrace]
#0 /var/www/morechina/vendor/laravel/framework/src/Illuminate/Database/Connection.php(624): Illuminate\\Database\\Connection->runQueryCallback('update `custome...', Array, Object(Closure))
#1 /var/www/morechina/vendor/laravel/framework/src/Illuminate/Database/Connection.php(490): Illuminate\\Database\\Connection->run('update `custome...', Array, Object(Closure))
#2 /var/www/morechina/vendor/laravel/framework/src/Illuminate/Database/Connection.php(423): Illuminate\\Database\\Connection->affectingStatement('update `custome...', Array)
#3 /var/www/morechina/vendor/laravel/framework/src/Illuminate/Database/Query/Builder.php(2659): Illuminate\\Database\\Connection->update('update `custome...', Array)
#4 /var/www/morechina/vendor/laravel/framework/src/Illuminate/Database/Eloquent/Builder.php(818): Illuminate\\Database\\Query\\Builder->update(Array)
#5 /var/www/morechina/vendor/laravel/framework/src/Illuminate/Database/Eloquent/Model.php(729): Illuminate\\Database\\Eloquent\\Builder->update(Array)
#6 /var/www/morechina/vendor/laravel/framework/src/Illuminate/Database/Eloquent/Model.php(644): Illuminate\\Database\\Eloquent\\Model->performUpdate(Object(Illuminate\\Database\\Eloquent\\Builder))
#7 /var/www/morechina/vendor/laravel/framework/src/Illuminate/Database/Eloquent/Model.php(591): Illuminate\\Database\\Eloquent\\Model->save(Array)
#8 /var/www/morechina/app/Http/Controllers/CustomersController.php(55): Illuminate\\Database\\Eloquent\\Model->update(Array)
#9 [internal function]: App\\Http\\Controllers\\CustomersController->update(Object(App\\Models\\Customer), Object(App\\Http\\Requests\\CustomerRequest))
#10 /var/www/morechina/vendor/laravel/framework/src/Illuminate/Routing/Controller.php(54): call_user_func_array(Array, Array)
#11 /var/www/morechina/vendor/laravel/framework/src/Illuminate/Routing/ControllerDispatcher.php(45): Illuminate\\Routing\\Controller->callAction('update', Array)
#12 /var/www/morechina/vendor/laravel/framework/src/Illuminate/Routing/Route.php(219): Illuminate\\Routing\\ControllerDispatcher->dispatch(Object(Illuminate\\Routing\\Route), Object(App\\Http\\Controllers\\CustomersController), 'update')
#13 /var/www/morechina/vendor/laravel/framework/src/Illuminate/Routing/Route.php(176): Illuminate\\Routing\\Route->runController()
#14 /var/www/morechina/vendor/laravel/framework/src/Illuminate/Routing/Router.php(682): Illuminate\\Routing\\Route->run()
#15 /var/www/morechina/vendor/laravel/framework/src/Illuminate/Routing/Pipeline.php(30): Illuminate\\Routing\\Router->Illuminate\\Routing\\{closure}(Object(Illuminate\\Http\\Request))
#16 /var/www/morechina/vendor/laravel/framework/src/Illuminate/Auth/Middleware/EnsureEmailIsVerified.php(28): Illuminate\\Routing\\Pipeline->Illuminate\\Routing\\{closure}(Object(Illuminate\\Http\\Request))
#17 /var/www/morechina/vendor/laravel/framework/src/Illuminate/Pipeline/Pipeline.php(163): Illuminate\\Auth\\Middleware\\EnsureEmailIsVerified->handle(Object(Illuminate\\Http\\Request), Object(Closure))
#18 /var/www/morechina/vendor/laravel/framework/src/Illuminate/Routing/Pipeline.php(53): Illuminate\\Pipeline\\Pipeline->Illuminate\\Pipeline\\{closure}(Object(Illuminate\\Http\\Request))
#19 /var/www/morechina/app/Http/Middleware/EnsureEmailIsVerified.php(26): Illuminate\\Routing\\Pipeline->Illuminate\\Routing\\{closure}(Object(Illuminate\\Http\\Request))
#20 /var/www/morechina/vendor/laravel/framework/src/Illuminate/Pipeline/Pipeline.php(163): App\\Http\\Middleware\\EnsureEmailIsVerified->handle(Object(Illuminate\\Http\\Request), Object(Closure))
#21 /var/www/morechina/vendor/laravel/framework/src/Illuminate/Routing/Pipeline.php(53): Illuminate\\Pipeline\\Pipeline->Illuminate\\Pipeline\\{closure}(Object(Illuminate\\Http\\Request))
#22 /var/www/morechina/vendor/laravel/framework/src/Illuminate/Routing/Middleware/SubstituteBindings.php(41): Illuminate\\Routing\\Pipeline->Illuminate\\Routing\\{closure}(Object(Illuminate\\Http\\Request))
#23 /var/www/morechina/vendor/laravel/framework/src/Illuminate/Pipeline/Pipeline.php(163): Illuminate\\Routing\\Middleware\\SubstituteBindings->handle(Object(Illuminate\\Http\\Request), Object(Closure))
#24 /var/www/morechina/vendor/laravel/framework/src/Illuminate/Routing/Pipeline.php(53): Illuminate\\Pipeline\\Pipeline->Illuminate\\Pipeline\\{closure}(Object(Illuminate\\Http\\Request))
#25 /var/www/morechina/vendor/laravel/framework/src/Illuminate/Auth/Middleware/Authenticate.php(43): Illuminate\\Routing\\Pipeline->Illuminate\\Routing\\{closure}(Object(Illuminate\\Http\\Request))
#26 /var/www/morechina/vendor/laravel/framework/src/Illuminate/Pipeline/Pipeline.php(163): Illuminate\\Auth\\Middleware\\Authenticate->handle(Object(Illuminate\\Http\\Request), Object(Closure))
#27 /var/www/morechina/vendor/laravel/framework/src/Illuminate/Routing/Pipeline.php(53): Illuminate\\Pipeline\\Pipeline->Illuminate\\Pipeline\\{closure}(Object(Illuminate\\Http\\Request))
#28 /var/www/morechina/vendor/laravel/framework/src/Illuminate/Foundation/Http/Middleware/VerifyCsrfToken.php(75): Illuminate\\Routing\\Pipeline->Illuminate\\Routing\\{closure}(Object(Illuminate\\Http\\Request))
#29 /var/www/morechina/vendor/laravel/framework/src/Illuminate/Pipeline/Pipeline.php(163): Illuminate\\Foundation\\Http\\Middleware\\VerifyCsrfToken->handle(Object(Illuminate\\Http\\Request), Object(Closure))
#30 /var/www/morechina/vendor/laravel/framework/src/Illuminate/Routing/Pipeline.php(53): Illuminate\\Pipeline\\Pipeline->Illuminate\\Pipeline\\{closure}(Object(Illuminate\\Http\\Request))
#31 /var/www/morechina/vendor/laravel/framework/src/Illuminate/View/Middleware/ShareErrorsFromSession.php(49): Illuminate\\Routing\\Pipeline->Illuminate\\Routing\\{closure}(Object(Illuminate\\Http\\Request))
#32 /var/www/morechina/vendor/laravel/framework/src/Illuminate/Pipeline/Pipeline.php(163): Illuminate\\View\\Middleware\\ShareErrorsFromSession->handle(Object(Illuminate\\Http\\Request), Object(Closure))
#33 /var/www/morechina/vendor/laravel/framework/src/Illuminate/Routing/Pipeline.php(53): Illuminate\\Pipeline\\Pipeline->Illuminate\\Pipeline\\{closure}(Object(Illuminate\\Http\\Request))
#34 /var/www/morechina/vendor/laravel/framework/src/Illuminate/Session/Middleware/StartSession.php(63): Illuminate\\Routing\\Pipeline->Illuminate\\Routing\\{closure}(Object(Illuminate\\Http\\Request))
#35 /var/www/morechina/vendor/laravel/framework/src/Illuminate/Pipeline/Pipeline.php(163): Illuminate\\Session\\Middleware\\StartSession->handle(Object(Illuminate\\Http\\Request), Object(Closure))
#36 /var/www/morechina/vendor/laravel/framework/src/Illuminate/Routing/Pipeline.php(53): Illuminate\\Pipeline\\Pipeline->Illuminate\\Pipeline\\{closure}(Object(Illuminate\\Http\\Request))
#37 /var/www/morechina/vendor/laravel/framework/src/Illuminate/Cookie/Middleware/AddQueuedCookiesToResponse.php(37): Illuminate\\Routing\\Pipeline->Illuminate\\Routing\\{closure}(Object(Illuminate\\Http\\Request))
#38 /var/www/morechina/vendor/laravel/framework/src/Illuminate/Pipeline/Pipeline.php(163): Illuminate\\Cookie\\Middleware\\AddQueuedCookiesToResponse->handle(Object(Illuminate\\Http\\Request), Object(Closure))
#39 /var/www/morechina/vendor/laravel/framework/src/Illuminate/Routing/Pipeline.php(53): Illuminate\\Pipeline\\Pipeline->Illuminate\\Pipeline\\{closure}(Object(Illuminate\\Http\\Request))
#40 /var/www/morechina/vendor/laravel/framework/src/Illuminate/Cookie/Middleware/EncryptCookies.php(66): Illuminate\\Routing\\Pipeline->Illuminate\\Routing\\{closure}(Object(Illuminate\\Http\\Request))
#41 /var/www/morechina/vendor/laravel/framework/src/Illuminate/Pipeline/Pipeline.php(163): Illuminate\\Cookie\\Middleware\\EncryptCookies->handle(Object(Illuminate\\Http\\Request), Object(Closure))
#42 /var/www/morechina/vendor/laravel/framework/src/Illuminate/Routing/Pipeline.php(53): Illuminate\\Pipeline\\Pipeline->Illuminate\\Pipeline\\{closure}(Object(Illuminate\\Http\\Request))
#43 /var/www/morechina/vendor/laravel/framework/src/Illuminate/Pipeline/Pipeline.php(104): Illuminate\\Routing\\Pipeline->Illuminate\\Routing\\{closure}(Object(Illuminate\\Http\\Request))
#44 /var/www/morechina/vendor/laravel/framework/src/Illuminate/Routing/Router.php(684): Illuminate\\Pipeline\\Pipeline->then(Object(Closure))
#45 /var/www/morechina/vendor/laravel/framework/src/Illuminate/Routing/Router.php(659): Illuminate\\Routing\\Router->runRouteWithinStack(Object(Illuminate\\Routing\\Route), Object(Illuminate\\Http\\Request))
#46 /var/www/morechina/vendor/laravel/framework/src/Illuminate/Routing/Router.php(625): Illuminate\\Routing\\Router->runRoute(Object(Illuminate\\Http\\Request), Object(Illuminate\\Routing\\Route))
#47 /var/www/morechina/vendor/laravel/framework/src/Illuminate/Routing/Router.php(614): Illuminate\\Routing\\Router->dispatchToRoute(Object(Illuminate\\Http\\Request))
#48 /var/www/morechina/vendor/laravel/framework/src/Illuminate/Foundation/Http/Kernel.php(176): Illuminate\\Routing\\Router->dispatch(Object(Illuminate\\Http\\Request))
#49 /var/www/morechina/vendor/laravel/framework/src/Illuminate/Routing/Pipeline.php(30): Illuminate\\Foundation\\Http\\Kernel->Illuminate\\Foundation\\Http\\{closure}(Object(Illuminate\\Http\\Request))
#50 /var/www/morechina/vendor/barryvdh/laravel-debugbar/src/Middleware/InjectDebugbar.php(65): Illuminate\\Routing\\Pipeline->Illuminate\\Routing\\{closure}(Object(Illuminate\\Http\\Request))
#51 /var/www/morechina/vendor/laravel/framework/src/Illuminate/Pipeline/Pipeline.php(163): Barryvdh\\Debugbar\\Middleware\\InjectDebugbar->handle(Object(Illuminate\\Http\\Request), Object(Closure))
#52 /var/www/morechina/vendor/laravel/framework/src/Illuminate/Routing/Pipeline.php(53): Illuminate\\Pipeline\\Pipeline->Illuminate\\Pipeline\\{closure}(Object(Illuminate\\Http\\Request))
#53 /var/www/morechina/vendor/fideloper/proxy/src/TrustProxies.php(57): Illuminate\\Routing\\Pipeline->Illuminate\\Routing\\{closure}(Object(Illuminate\\Http\\Request))
#54 /var/www/morechina/vendor/laravel/framework/src/Illuminate/Pipeline/Pipeline.php(163): Fideloper\\Proxy\\TrustProxies->handle(Object(Illuminate\\Http\\Request), Object(Closure))
#55 /var/www/morechina/vendor/laravel/framework/src/Illuminate/Routing/Pipeline.php(53): Illuminate\\Pipeline\\Pipeline->Illuminate\\Pipeline\\{closure}(Object(Illuminate\\Http\\Request))
#56 /var/www/morechina/vendor/laravel/framework/src/Illuminate/Foundation/Http/Middleware/TransformsRequest.php(31): Illuminate\\Routing\\Pipeline->Illuminate\\Routing\\{closure}(Object(Illuminate\\Http\\Request))
#57 /var/www/morechina/vendor/laravel/framework/src/Illuminate/Pipeline/Pipeline.php(163): Illuminate\\Foundation\\Http\\Middleware\\TransformsRequest->handle(Object(Illuminate\\Http\\Request), Object(Closure))
#58 /var/www/morechina/vendor/laravel/framework/src/Illuminate/Routing/Pipeline.php(53): Illuminate\\Pipeline\\Pipeline->Illuminate\\Pipeline\\{closure}(Object(Illuminate\\Http\\Request))
#59 /var/www/morechina/vendor/laravel/framework/src/Illuminate/Foundation/Http/Middleware/TransformsRequest.php(31): Illuminate\\Routing\\Pipeline->Illuminate\\Routing\\{closure}(Object(Illuminate\\Http\\Request))
#60 /var/www/morechina/vendor/laravel/framework/src/Illuminate/Pipeline/Pipeline.php(163): Illuminate\\Foundation\\Http\\Middleware\\TransformsRequest->handle(Object(Illuminate\\Http\\Request), Object(Closure))
#61 /var/www/morechina/vendor/laravel/framework/src/Illuminate/Routing/Pipeline.php(53): Illuminate\\Pipeline\\Pipeline->Illuminate\\Pipeline\\{closure}(Object(Illuminate\\Http\\Request))
#62 /var/www/morechina/vendor/laravel/framework/src/Illuminate/Foundation/Http/Middleware/ValidatePostSize.php(27): Illuminate\\Routing\\Pipeline->Illuminate\\Routing\\{closure}(Object(Illuminate\\Http\\Request))
#63 /var/www/morechina/vendor/laravel/framework/src/Illuminate/Pipeline/Pipeline.php(163): Illuminate\\Foundation\\Http\\Middleware\\ValidatePostSize->handle(Object(Illuminate\\Http\\Request), Object(Closure))
#64 /var/www/morechina/vendor/laravel/framework/src/Illuminate/Routing/Pipeline.php(53): Illuminate\\Pipeline\\Pipeline->Illuminate\\Pipeline\\{closure}(Object(Illuminate\\Http\\Request))
#65 /var/www/morechina/vendor/laravel/framework/src/Illuminate/Foundation/Http/Middleware/CheckForMaintenanceMode.php(62): Illuminate\\Routing\\Pipeline->Illuminate\\Routing\\{closure}(Object(Illuminate\\Http\\Request))
#66 /var/www/morechina/vendor/laravel/framework/src/Illuminate/Pipeline/Pipeline.php(163): Illuminate\\Foundation\\Http\\Middleware\\CheckForMaintenanceMode->handle(Object(Illuminate\\Http\\Request), Object(Closure))
#67 /var/www/morechina/vendor/laravel/framework/src/Illuminate/Routing/Pipeline.php(53): Illuminate\\Pipeline\\Pipeline->Illuminate\\Pipeline\\{closure}(Object(Illuminate\\Http\\Request))
#68 /var/www/morechina/vendor/laravel/framework/src/Illuminate/Pipeline/Pipeline.php(104): Illuminate\\Routing\\Pipeline->Illuminate\\Routing\\{closure}(Object(Illuminate\\Http\\Request))
#69 /var/www/morechina/vendor/laravel/framework/src/Illuminate/Foundation/Http/Kernel.php(151): Illuminate\\Pipeline\\Pipeline->then(Object(Closure))
#70 /var/www/morechina/vendor/laravel/framework/src/Illuminate/Foundation/Http/Kernel.php(116): Illuminate\\Foundation\\Http\\Kernel->sendRequestThroughRouter(Object(Illuminate\\Http\\Request))
#71 /var/www/morechina/public/index.php(55): Illuminate\\Foundation\\Http\\Kernel->handle(Object(Illuminate\\Http\\Request))
#72 {main}
"} 
[2023-06-01 14:28:09] local.ERROR: SQLSTATE[23000]: Integrity constraint violation: 1048 Column 'contact_QQ' cannot be null (SQL: update `customers` set `updated_at` = 2023-06-01 14:28:09, `contact_QQ` =  where `id` = 69) {"userId":1,"email":"8016@morechina.com.cn","exception":"[object] (Illuminate\\Database\\QueryException(code: 23000): SQLSTATE[23000]: Integrity constraint violation: 1048 Column 'contact_QQ' cannot be null (SQL: update `customers` set `updated_at` = 2023-06-01 14:28:09, `contact_QQ` =  where `id` = 69) at /var/www/morechina/vendor/laravel/framework/src/Illuminate/Database/Connection.php:664, Doctrine\\DBAL\\Driver\\PDOException(code: 23000): SQLSTATE[23000]: Integrity constraint violation: 1048 Column 'contact_QQ' cannot be null at /var/www/morechina/vendor/doctrine/dbal/lib/Doctrine/DBAL/Driver/PDOStatement.php:123, PDOException(code: 23000): SQLSTATE[23000]: Integrity constraint violation: 1048 Column 'contact_QQ' cannot be null at /var/www/morechina/vendor/doctrine/dbal/lib/Doctrine/DBAL/Driver/PDOStatement.php:121)
[stacktrace]
#0 /var/www/morechina/vendor/laravel/framework/src/Illuminate/Database/Connection.php(624): Illuminate\\Database\\Connection->runQueryCallback('update `custome...', Array, Object(Closure))
#1 /var/www/morechina/vendor/laravel/framework/src/Illuminate/Database/Connection.php(490): Illuminate\\Database\\Connection->run('update `custome...', Array, Object(Closure))
#2 /var/www/morechina/vendor/laravel/framework/src/Illuminate/Database/Connection.php(423): Illuminate\\Database\\Connection->affectingStatement('update `custome...', Array)
#3 /var/www/morechina/vendor/laravel/framework/src/Illuminate/Database/Query/Builder.php(2659): Illuminate\\Database\\Connection->update('update `custome...', Array)
#4 /var/www/morechina/vendor/laravel/framework/src/Illuminate/Database/Eloquent/Builder.php(818): Illuminate\\Database\\Query\\Builder->update(Array)
#5 /var/www/morechina/vendor/laravel/framework/src/Illuminate/Database/Eloquent/Model.php(729): Illuminate\\Database\\Eloquent\\Builder->update(Array)
#6 /var/www/morechina/vendor/laravel/framework/src/Illuminate/Database/Eloquent/Model.php(644): Illuminate\\Database\\Eloquent\\Model->performUpdate(Object(Illuminate\\Database\\Eloquent\\Builder))
#7 /var/www/morechina/vendor/laravel/framework/src/Illuminate/Database/Eloquent/Model.php(591): Illuminate\\Database\\Eloquent\\Model->save(Array)
#8 /var/www/morechina/app/Http/Controllers/CustomersController.php(55): Illuminate\\Database\\Eloquent\\Model->update(Array)
#9 [internal function]: App\\Http\\Controllers\\CustomersController->update(Object(App\\Models\\Customer), Object(App\\Http\\Requests\\CustomerRequest))
#10 /var/www/morechina/vendor/laravel/framework/src/Illuminate/Routing/Controller.php(54): call_user_func_array(Array, Array)
#11 /var/www/morechina/vendor/laravel/framework/src/Illuminate/Routing/ControllerDispatcher.php(45): Illuminate\\Routing\\Controller->callAction('update', Array)
#12 /var/www/morechina/vendor/laravel/framework/src/Illuminate/Routing/Route.php(219): Illuminate\\Routing\\ControllerDispatcher->dispatch(Object(Illuminate\\Routing\\Route), Object(App\\Http\\Controllers\\CustomersController), 'update')
#13 /var/www/morechina/vendor/laravel/framework/src/Illuminate/Routing/Route.php(176): Illuminate\\Routing\\Route->runController()
#14 /var/www/morechina/vendor/laravel/framework/src/Illuminate/Routing/Router.php(682): Illuminate\\Routing\\Route->run()
#15 /var/www/morechina/vendor/laravel/framework/src/Illuminate/Routing/Pipeline.php(30): Illuminate\\Routing\\Router->Illuminate\\Routing\\{closure}(Object(Illuminate\\Http\\Request))
#16 /var/www/morechina/vendor/laravel/framework/src/Illuminate/Auth/Middleware/EnsureEmailIsVerified.php(28): Illuminate\\Routing\\Pipeline->Illuminate\\Routing\\{closure}(Object(Illuminate\\Http\\Request))
#17 /var/www/morechina/vendor/laravel/framework/src/Illuminate/Pipeline/Pipeline.php(163): Illuminate\\Auth\\Middleware\\EnsureEmailIsVerified->handle(Object(Illuminate\\Http\\Request), Object(Closure))
#18 /var/www/morechina/vendor/laravel/framework/src/Illuminate/Routing/Pipeline.php(53): Illuminate\\Pipeline\\Pipeline->Illuminate\\Pipeline\\{closure}(Object(Illuminate\\Http\\Request))
#19 /var/www/morechina/app/Http/Middleware/EnsureEmailIsVerified.php(26): Illuminate\\Routing\\Pipeline->Illuminate\\Routing\\{closure}(Object(Illuminate\\Http\\Request))
#20 /var/www/morechina/vendor/laravel/framework/src/Illuminate/Pipeline/Pipeline.php(163): App\\Http\\Middleware\\EnsureEmailIsVerified->handle(Object(Illuminate\\Http\\Request), Object(Closure))
#21 /var/www/morechina/vendor/laravel/framework/src/Illuminate/Routing/Pipeline.php(53): Illuminate\\Pipeline\\Pipeline->Illuminate\\Pipeline\\{closure}(Object(Illuminate\\Http\\Request))
#22 /var/www/morechina/vendor/laravel/framework/src/Illuminate/Routing/Middleware/SubstituteBindings.php(41): Illuminate\\Routing\\Pipeline->Illuminate\\Routing\\{closure}(Object(Illuminate\\Http\\Request))
#23 /var/www/morechina/vendor/laravel/framework/src/Illuminate/Pipeline/Pipeline.php(163): Illuminate\\Routing\\Middleware\\SubstituteBindings->handle(Object(Illuminate\\Http\\Request), Object(Closure))
#24 /var/www/morechina/vendor/laravel/framework/src/Illuminate/Routing/Pipeline.php(53): Illuminate\\Pipeline\\Pipeline->Illuminate\\Pipeline\\{closure}(Object(Illuminate\\Http\\Request))
#25 /var/www/morechina/vendor/laravel/framework/src/Illuminate/Auth/Middleware/Authenticate.php(43): Illuminate\\Routing\\Pipeline->Illuminate\\Routing\\{closure}(Object(Illuminate\\Http\\Request))
#26 /var/www/morechina/vendor/laravel/framework/src/Illuminate/Pipeline/Pipeline.php(163): Illuminate\\Auth\\Middleware\\Authenticate->handle(Object(Illuminate\\Http\\Request), Object(Closure))
#27 /var/www/morechina/vendor/laravel/framework/src/Illuminate/Routing/Pipeline.php(53): Illuminate\\Pipeline\\Pipeline->Illuminate\\Pipeline\\{closure}(Object(Illuminate\\Http\\Request))
#28 /var/www/morechina/vendor/laravel/framework/src/Illuminate/Foundation/Http/Middleware/VerifyCsrfToken.php(75): Illuminate\\Routing\\Pipeline->Illuminate\\Routing\\{closure}(Object(Illuminate\\Http\\Request))
#29 /var/www/morechina/vendor/laravel/framework/src/Illuminate/Pipeline/Pipeline.php(163): Illuminate\\Foundation\\Http\\Middleware\\VerifyCsrfToken->handle(Object(Illuminate\\Http\\Request), Object(Closure))
#30 /var/www/morechina/vendor/laravel/framework/src/Illuminate/Routing/Pipeline.php(53): Illuminate\\Pipeline\\Pipeline->Illuminate\\Pipeline\\{closure}(Object(Illuminate\\Http\\Request))
#31 /var/www/morechina/vendor/laravel/framework/src/Illuminate/View/Middleware/ShareErrorsFromSession.php(49): Illuminate\\Routing\\Pipeline->Illuminate\\Routing\\{closure}(Object(Illuminate\\Http\\Request))
#32 /var/www/morechina/vendor/laravel/framework/src/Illuminate/Pipeline/Pipeline.php(163): Illuminate\\View\\Middleware\\ShareErrorsFromSession->handle(Object(Illuminate\\Http\\Request), Object(Closure))
#33 /var/www/morechina/vendor/laravel/framework/src/Illuminate/Routing/Pipeline.php(53): Illuminate\\Pipeline\\Pipeline->Illuminate\\Pipeline\\{closure}(Object(Illuminate\\Http\\Request))
#34 /var/www/morechina/vendor/laravel/framework/src/Illuminate/Session/Middleware/StartSession.php(63): Illuminate\\Routing\\Pipeline->Illuminate\\Routing\\{closure}(Object(Illuminate\\Http\\Request))
#35 /var/www/morechina/vendor/laravel/framework/src/Illuminate/Pipeline/Pipeline.php(163): Illuminate\\Session\\Middleware\\StartSession->handle(Object(Illuminate\\Http\\Request), Object(Closure))
#36 /var/www/morechina/vendor/laravel/framework/src/Illuminate/Routing/Pipeline.php(53): Illuminate\\Pipeline\\Pipeline->Illuminate\\Pipeline\\{closure}(Object(Illuminate\\Http\\Request))
#37 /var/www/morechina/vendor/laravel/framework/src/Illuminate/Cookie/Middleware/AddQueuedCookiesToResponse.php(37): Illuminate\\Routing\\Pipeline->Illuminate\\Routing\\{closure}(Object(Illuminate\\Http\\Request))
#38 /var/www/morechina/vendor/laravel/framework/src/Illuminate/Pipeline/Pipeline.php(163): Illuminate\\Cookie\\Middleware\\AddQueuedCookiesToResponse->handle(Object(Illuminate\\Http\\Request), Object(Closure))
#39 /var/www/morechina/vendor/laravel/framework/src/Illuminate/Routing/Pipeline.php(53): Illuminate\\Pipeline\\Pipeline->Illuminate\\Pipeline\\{closure}(Object(Illuminate\\Http\\Request))
#40 /var/www/morechina/vendor/laravel/framework/src/Illuminate/Cookie/Middleware/EncryptCookies.php(66): Illuminate\\Routing\\Pipeline->Illuminate\\Routing\\{closure}(Object(Illuminate\\Http\\Request))
#41 /var/www/morechina/vendor/laravel/framework/src/Illuminate/Pipeline/Pipeline.php(163): Illuminate\\Cookie\\Middleware\\EncryptCookies->handle(Object(Illuminate\\Http\\Request), Object(Closure))
#42 /var/www/morechina/vendor/laravel/framework/src/Illuminate/Routing/Pipeline.php(53): Illuminate\\Pipeline\\Pipeline->Illuminate\\Pipeline\\{closure}(Object(Illuminate\\Http\\Request))
#43 /var/www/morechina/vendor/laravel/framework/src/Illuminate/Pipeline/Pipeline.php(104): Illuminate\\Routing\\Pipeline->Illuminate\\Routing\\{closure}(Object(Illuminate\\Http\\Request))
#44 /var/www/morechina/vendor/laravel/framework/src/Illuminate/Routing/Router.php(684): Illuminate\\Pipeline\\Pipeline->then(Object(Closure))
#45 /var/www/morechina/vendor/laravel/framework/src/Illuminate/Routing/Router.php(659): Illuminate\\Routing\\Router->runRouteWithinStack(Object(Illuminate\\Routing\\Route), Object(Illuminate\\Http\\Request))
#46 /var/www/morechina/vendor/laravel/framework/src/Illuminate/Routing/Router.php(625): Illuminate\\Routing\\Router->runRoute(Object(Illuminate\\Http\\Request), Object(Illuminate\\Routing\\Route))
#47 /var/www/morechina/vendor/laravel/framework/src/Illuminate/Routing/Router.php(614): Illuminate\\Routing\\Router->dispatchToRoute(Object(Illuminate\\Http\\Request))
#48 /var/www/morechina/vendor/laravel/framework/src/Illuminate/Foundation/Http/Kernel.php(176): Illuminate\\Routing\\Router->dispatch(Object(Illuminate\\Http\\Request))
#49 /var/www/morechina/vendor/laravel/framework/src/Illuminate/Routing/Pipeline.php(30): Illuminate\\Foundation\\Http\\Kernel->Illuminate\\Foundation\\Http\\{closure}(Object(Illuminate\\Http\\Request))
#50 /var/www/morechina/vendor/barryvdh/laravel-debugbar/src/Middleware/InjectDebugbar.php(65): Illuminate\\Routing\\Pipeline->Illuminate\\Routing\\{closure}(Object(Illuminate\\Http\\Request))
#51 /var/www/morechina/vendor/laravel/framework/src/Illuminate/Pipeline/Pipeline.php(163): Barryvdh\\Debugbar\\Middleware\\InjectDebugbar->handle(Object(Illuminate\\Http\\Request), Object(Closure))
#52 /var/www/morechina/vendor/laravel/framework/src/Illuminate/Routing/Pipeline.php(53): Illuminate\\Pipeline\\Pipeline->Illuminate\\Pipeline\\{closure}(Object(Illuminate\\Http\\Request))
#53 /var/www/morechina/vendor/fideloper/proxy/src/TrustProxies.php(57): Illuminate\\Routing\\Pipeline->Illuminate\\Routing\\{closure}(Object(Illuminate\\Http\\Request))
#54 /var/www/morechina/vendor/laravel/framework/src/Illuminate/Pipeline/Pipeline.php(163): Fideloper\\Proxy\\TrustProxies->handle(Object(Illuminate\\Http\\Request), Object(Closure))
#55 /var/www/morechina/vendor/laravel/framework/src/Illuminate/Routing/Pipeline.php(53): Illuminate\\Pipeline\\Pipeline->Illuminate\\Pipeline\\{closure}(Object(Illuminate\\Http\\Request))
#56 /var/www/morechina/vendor/laravel/framework/src/Illuminate/Foundation/Http/Middleware/TransformsRequest.php(31): Illuminate\\Routing\\Pipeline->Illuminate\\Routing\\{closure}(Object(Illuminate\\Http\\Request))
#57 /var/www/morechina/vendor/laravel/framework/src/Illuminate/Pipeline/Pipeline.php(163): Illuminate\\Foundation\\Http\\Middleware\\TransformsRequest->handle(Object(Illuminate\\Http\\Request), Object(Closure))
#58 /var/www/morechina/vendor/laravel/framework/src/Illuminate/Routing/Pipeline.php(53): Illuminate\\Pipeline\\Pipeline->Illuminate\\Pipeline\\{closure}(Object(Illuminate\\Http\\Request))
#59 /var/www/morechina/vendor/laravel/framework/src/Illuminate/Foundation/Http/Middleware/TransformsRequest.php(31): Illuminate\\Routing\\Pipeline->Illuminate\\Routing\\{closure}(Object(Illuminate\\Http\\Request))
#60 /var/www/morechina/vendor/laravel/framework/src/Illuminate/Pipeline/Pipeline.php(163): Illuminate\\Foundation\\Http\\Middleware\\TransformsRequest->handle(Object(Illuminate\\Http\\Request), Object(Closure))
#61 /var/www/morechina/vendor/laravel/framework/src/Illuminate/Routing/Pipeline.php(53): Illuminate\\Pipeline\\Pipeline->Illuminate\\Pipeline\\{closure}(Object(Illuminate\\Http\\Request))
#62 /var/www/morechina/vendor/laravel/framework/src/Illuminate/Foundation/Http/Middleware/ValidatePostSize.php(27): Illuminate\\Routing\\Pipeline->Illuminate\\Routing\\{closure}(Object(Illuminate\\Http\\Request))
#63 /var/www/morechina/vendor/laravel/framework/src/Illuminate/Pipeline/Pipeline.php(163): Illuminate\\Foundation\\Http\\Middleware\\ValidatePostSize->handle(Object(Illuminate\\Http\\Request), Object(Closure))
#64 /var/www/morechina/vendor/laravel/framework/src/Illuminate/Routing/Pipeline.php(53): Illuminate\\Pipeline\\Pipeline->Illuminate\\Pipeline\\{closure}(Object(Illuminate\\Http\\Request))
#65 /var/www/morechina/vendor/laravel/framework/src/Illuminate/Foundation/Http/Middleware/CheckForMaintenanceMode.php(62): Illuminate\\Routing\\Pipeline->Illuminate\\Routing\\{closure}(Object(Illuminate\\Http\\Request))
#66 /var/www/morechina/vendor/laravel/framework/src/Illuminate/Pipeline/Pipeline.php(163): Illuminate\\Foundation\\Http\\Middleware\\CheckForMaintenanceMode->handle(Object(Illuminate\\Http\\Request), Object(Closure))
#67 /var/www/morechina/vendor/laravel/framework/src/Illuminate/Routing/Pipeline.php(53): Illuminate\\Pipeline\\Pipeline->Illuminate\\Pipeline\\{closure}(Object(Illuminate\\Http\\Request))
#68 /var/www/morechina/vendor/laravel/framework/src/Illuminate/Pipeline/Pipeline.php(104): Illuminate\\Routing\\Pipeline->Illuminate\\Routing\\{closure}(Object(Illuminate\\Http\\Request))
#69 /var/www/morechina/vendor/laravel/framework/src/Illuminate/Foundation/Http/Kernel.php(151): Illuminate\\Pipeline\\Pipeline->then(Object(Closure))
#70 /var/www/morechina/vendor/laravel/framework/src/Illuminate/Foundation/Http/Kernel.php(116): Illuminate\\Foundation\\Http\\Kernel->sendRequestThroughRouter(Object(Illuminate\\Http\\Request))
#71 /var/www/morechina/public/index.php(55): Illuminate\\Foundation\\Http\\Kernel->handle(Object(Illuminate\\Http\\Request))
#72 {main}
"} 
[2023-06-01 14:47:31] local.ERROR: SQLSTATE[23000]: Integrity constraint violation: 1048 Column 'contact_name' cannot be null (SQL: update `customers` set `contact_name` = , `updated_at` = 2023-06-01 14:47:31 where `id` = 69) {"userId":1,"email":"8016@morechina.com.cn","exception":"[object] (Illuminate\\Database\\QueryException(code: 23000): SQLSTATE[23000]: Integrity constraint violation: 1048 Column 'contact_name' cannot be null (SQL: update `customers` set `contact_name` = , `updated_at` = 2023-06-01 14:47:31 where `id` = 69) at /var/www/morechina/vendor/laravel/framework/src/Illuminate/Database/Connection.php:664, Doctrine\\DBAL\\Driver\\PDOException(code: 23000): SQLSTATE[23000]: Integrity constraint violation: 1048 Column 'contact_name' cannot be null at /var/www/morechina/vendor/doctrine/dbal/lib/Doctrine/DBAL/Driver/PDOStatement.php:123, PDOException(code: 23000): SQLSTATE[23000]: Integrity constraint violation: 1048 Column 'contact_name' cannot be null at /var/www/morechina/vendor/doctrine/dbal/lib/Doctrine/DBAL/Driver/PDOStatement.php:121)
[stacktrace]
#0 /var/www/morechina/vendor/laravel/framework/src/Illuminate/Database/Connection.php(624): Illuminate\\Database\\Connection->runQueryCallback('update `custome...', Array, Object(Closure))
#1 /var/www/morechina/vendor/laravel/framework/src/Illuminate/Database/Connection.php(490): Illuminate\\Database\\Connection->run('update `custome...', Array, Object(Closure))
#2 /var/www/morechina/vendor/laravel/framework/src/Illuminate/Database/Connection.php(423): Illuminate\\Database\\Connection->affectingStatement('update `custome...', Array)
#3 /var/www/morechina/vendor/laravel/framework/src/Illuminate/Database/Query/Builder.php(2659): Illuminate\\Database\\Connection->update('update `custome...', Array)
#4 /var/www/morechina/vendor/laravel/framework/src/Illuminate/Database/Eloquent/Builder.php(818): Illuminate\\Database\\Query\\Builder->update(Array)
#5 /var/www/morechina/vendor/laravel/framework/src/Illuminate/Database/Eloquent/Model.php(729): Illuminate\\Database\\Eloquent\\Builder->update(Array)
#6 /var/www/morechina/vendor/laravel/framework/src/Illuminate/Database/Eloquent/Model.php(644): Illuminate\\Database\\Eloquent\\Model->performUpdate(Object(Illuminate\\Database\\Eloquent\\Builder))
#7 /var/www/morechina/vendor/laravel/framework/src/Illuminate/Database/Eloquent/Model.php(591): Illuminate\\Database\\Eloquent\\Model->save(Array)
#8 /var/www/morechina/app/Http/Controllers/CustomersController.php(55): Illuminate\\Database\\Eloquent\\Model->update(Array)
#9 [internal function]: App\\Http\\Controllers\\CustomersController->update(Object(App\\Models\\Customer), Object(App\\Http\\Requests\\CustomerRequest))
#10 /var/www/morechina/vendor/laravel/framework/src/Illuminate/Routing/Controller.php(54): call_user_func_array(Array, Array)
#11 /var/www/morechina/vendor/laravel/framework/src/Illuminate/Routing/ControllerDispatcher.php(45): Illuminate\\Routing\\Controller->callAction('update', Array)
#12 /var/www/morechina/vendor/laravel/framework/src/Illuminate/Routing/Route.php(219): Illuminate\\Routing\\ControllerDispatcher->dispatch(Object(Illuminate\\Routing\\Route), Object(App\\Http\\Controllers\\CustomersController), 'update')
#13 /var/www/morechina/vendor/laravel/framework/src/Illuminate/Routing/Route.php(176): Illuminate\\Routing\\Route->runController()
#14 /var/www/morechina/vendor/laravel/framework/src/Illuminate/Routing/Router.php(682): Illuminate\\Routing\\Route->run()
#15 /var/www/morechina/vendor/laravel/framework/src/Illuminate/Routing/Pipeline.php(30): Illuminate\\Routing\\Router->Illuminate\\Routing\\{closure}(Object(Illuminate\\Http\\Request))
#16 /var/www/morechina/vendor/laravel/framework/src/Illuminate/Auth/Middleware/EnsureEmailIsVerified.php(28): Illuminate\\Routing\\Pipeline->Illuminate\\Routing\\{closure}(Object(Illuminate\\Http\\Request))
#17 /var/www/morechina/vendor/laravel/framework/src/Illuminate/Pipeline/Pipeline.php(163): Illuminate\\Auth\\Middleware\\EnsureEmailIsVerified->handle(Object(Illuminate\\Http\\Request), Object(Closure))
#18 /var/www/morechina/vendor/laravel/framework/src/Illuminate/Routing/Pipeline.php(53): Illuminate\\Pipeline\\Pipeline->Illuminate\\Pipeline\\{closure}(Object(Illuminate\\Http\\Request))
#19 /var/www/morechina/app/Http/Middleware/EnsureEmailIsVerified.php(26): Illuminate\\Routing\\Pipeline->Illuminate\\Routing\\{closure}(Object(Illuminate\\Http\\Request))
#20 /var/www/morechina/vendor/laravel/framework/src/Illuminate/Pipeline/Pipeline.php(163): App\\Http\\Middleware\\EnsureEmailIsVerified->handle(Object(Illuminate\\Http\\Request), Object(Closure))
#21 /var/www/morechina/vendor/laravel/framework/src/Illuminate/Routing/Pipeline.php(53): Illuminate\\Pipeline\\Pipeline->Illuminate\\Pipeline\\{closure}(Object(Illuminate\\Http\\Request))
#22 /var/www/morechina/vendor/laravel/framework/src/Illuminate/Routing/Middleware/SubstituteBindings.php(41): Illuminate\\Routing\\Pipeline->Illuminate\\Routing\\{closure}(Object(Illuminate\\Http\\Request))
#23 /var/www/morechina/vendor/laravel/framework/src/Illuminate/Pipeline/Pipeline.php(163): Illuminate\\Routing\\Middleware\\SubstituteBindings->handle(Object(Illuminate\\Http\\Request), Object(Closure))
#24 /var/www/morechina/vendor/laravel/framework/src/Illuminate/Routing/Pipeline.php(53): Illuminate\\Pipeline\\Pipeline->Illuminate\\Pipeline\\{closure}(Object(Illuminate\\Http\\Request))
#25 /var/www/morechina/vendor/laravel/framework/src/Illuminate/Auth/Middleware/Authenticate.php(43): Illuminate\\Routing\\Pipeline->Illuminate\\Routing\\{closure}(Object(Illuminate\\Http\\Request))
#26 /var/www/morechina/vendor/laravel/framework/src/Illuminate/Pipeline/Pipeline.php(163): Illuminate\\Auth\\Middleware\\Authenticate->handle(Object(Illuminate\\Http\\Request), Object(Closure))
#27 /var/www/morechina/vendor/laravel/framework/src/Illuminate/Routing/Pipeline.php(53): Illuminate\\Pipeline\\Pipeline->Illuminate\\Pipeline\\{closure}(Object(Illuminate\\Http\\Request))
#28 /var/www/morechina/vendor/laravel/framework/src/Illuminate/Foundation/Http/Middleware/VerifyCsrfToken.php(75): Illuminate\\Routing\\Pipeline->Illuminate\\Routing\\{closure}(Object(Illuminate\\Http\\Request))
#29 /var/www/morechina/vendor/laravel/framework/src/Illuminate/Pipeline/Pipeline.php(163): Illuminate\\Foundation\\Http\\Middleware\\VerifyCsrfToken->handle(Object(Illuminate\\Http\\Request), Object(Closure))
#30 /var/www/morechina/vendor/laravel/framework/src/Illuminate/Routing/Pipeline.php(53): Illuminate\\Pipeline\\Pipeline->Illuminate\\Pipeline\\{closure}(Object(Illuminate\\Http\\Request))
#31 /var/www/morechina/vendor/laravel/framework/src/Illuminate/View/Middleware/ShareErrorsFromSession.php(49): Illuminate\\Routing\\Pipeline->Illuminate\\Routing\\{closure}(Object(Illuminate\\Http\\Request))
#32 /var/www/morechina/vendor/laravel/framework/src/Illuminate/Pipeline/Pipeline.php(163): Illuminate\\View\\Middleware\\ShareErrorsFromSession->handle(Object(Illuminate\\Http\\Request), Object(Closure))
#33 /var/www/morechina/vendor/laravel/framework/src/Illuminate/Routing/Pipeline.php(53): Illuminate\\Pipeline\\Pipeline->Illuminate\\Pipeline\\{closure}(Object(Illuminate\\Http\\Request))
#34 /var/www/morechina/vendor/laravel/framework/src/Illuminate/Session/Middleware/StartSession.php(63): Illuminate\\Routing\\Pipeline->Illuminate\\Routing\\{closure}(Object(Illuminate\\Http\\Request))
#35 /var/www/morechina/vendor/laravel/framework/src/Illuminate/Pipeline/Pipeline.php(163): Illuminate\\Session\\Middleware\\StartSession->handle(Object(Illuminate\\Http\\Request), Object(Closure))
#36 /var/www/morechina/vendor/laravel/framework/src/Illuminate/Routing/Pipeline.php(53): Illuminate\\Pipeline\\Pipeline->Illuminate\\Pipeline\\{closure}(Object(Illuminate\\Http\\Request))
#37 /var/www/morechina/vendor/laravel/framework/src/Illuminate/Cookie/Middleware/AddQueuedCookiesToResponse.php(37): Illuminate\\Routing\\Pipeline->Illuminate\\Routing\\{closure}(Object(Illuminate\\Http\\Request))
#38 /var/www/morechina/vendor/laravel/framework/src/Illuminate/Pipeline/Pipeline.php(163): Illuminate\\Cookie\\Middleware\\AddQueuedCookiesToResponse->handle(Object(Illuminate\\Http\\Request), Object(Closure))
#39 /var/www/morechina/vendor/laravel/framework/src/Illuminate/Routing/Pipeline.php(53): Illuminate\\Pipeline\\Pipeline->Illuminate\\Pipeline\\{closure}(Object(Illuminate\\Http\\Request))
#40 /var/www/morechina/vendor/laravel/framework/src/Illuminate/Cookie/Middleware/EncryptCookies.php(66): Illuminate\\Routing\\Pipeline->Illuminate\\Routing\\{closure}(Object(Illuminate\\Http\\Request))
#41 /var/www/morechina/vendor/laravel/framework/src/Illuminate/Pipeline/Pipeline.php(163): Illuminate\\Cookie\\Middleware\\EncryptCookies->handle(Object(Illuminate\\Http\\Request), Object(Closure))
#42 /var/www/morechina/vendor/laravel/framework/src/Illuminate/Routing/Pipeline.php(53): Illuminate\\Pipeline\\Pipeline->Illuminate\\Pipeline\\{closure}(Object(Illuminate\\Http\\Request))
#43 /var/www/morechina/vendor/laravel/framework/src/Illuminate/Pipeline/Pipeline.php(104): Illuminate\\Routing\\Pipeline->Illuminate\\Routing\\{closure}(Object(Illuminate\\Http\\Request))
#44 /var/www/morechina/vendor/laravel/framework/src/Illuminate/Routing/Router.php(684): Illuminate\\Pipeline\\Pipeline->then(Object(Closure))
#45 /var/www/morechina/vendor/laravel/framework/src/Illuminate/Routing/Router.php(659): Illuminate\\Routing\\Router->runRouteWithinStack(Object(Illuminate\\Routing\\Route), Object(Illuminate\\Http\\Request))
#46 /var/www/morechina/vendor/laravel/framework/src/Illuminate/Routing/Router.php(625): Illuminate\\Routing\\Router->runRoute(Object(Illuminate\\Http\\Request), Object(Illuminate\\Routing\\Route))
#47 /var/www/morechina/vendor/laravel/framework/src/Illuminate/Routing/Router.php(614): Illuminate\\Routing\\Router->dispatchToRoute(Object(Illuminate\\Http\\Request))
#48 /var/www/morechina/vendor/laravel/framework/src/Illuminate/Foundation/Http/Kernel.php(176): Illuminate\\Routing\\Router->dispatch(Object(Illuminate\\Http\\Request))
#49 /var/www/morechina/vendor/laravel/framework/src/Illuminate/Routing/Pipeline.php(30): Illuminate\\Foundation\\Http\\Kernel->Illuminate\\Foundation\\Http\\{closure}(Object(Illuminate\\Http\\Request))
#50 /var/www/morechina/vendor/barryvdh/laravel-debugbar/src/Middleware/InjectDebugbar.php(65): Illuminate\\Routing\\Pipeline->Illuminate\\Routing\\{closure}(Object(Illuminate\\Http\\Request))
#51 /var/www/morechina/vendor/laravel/framework/src/Illuminate/Pipeline/Pipeline.php(163): Barryvdh\\Debugbar\\Middleware\\InjectDebugbar->handle(Object(Illuminate\\Http\\Request), Object(Closure))
#52 /var/www/morechina/vendor/laravel/framework/src/Illuminate/Routing/Pipeline.php(53): Illuminate\\Pipeline\\Pipeline->Illuminate\\Pipeline\\{closure}(Object(Illuminate\\Http\\Request))
#53 /var/www/morechina/vendor/fideloper/proxy/src/TrustProxies.php(57): Illuminate\\Routing\\Pipeline->Illuminate\\Routing\\{closure}(Object(Illuminate\\Http\\Request))
#54 /var/www/morechina/vendor/laravel/framework/src/Illuminate/Pipeline/Pipeline.php(163): Fideloper\\Proxy\\TrustProxies->handle(Object(Illuminate\\Http\\Request), Object(Closure))
#55 /var/www/morechina/vendor/laravel/framework/src/Illuminate/Routing/Pipeline.php(53): Illuminate\\Pipeline\\Pipeline->Illuminate\\Pipeline\\{closure}(Object(Illuminate\\Http\\Request))
#56 /var/www/morechina/vendor/laravel/framework/src/Illuminate/Foundation/Http/Middleware/TransformsRequest.php(31): Illuminate\\Routing\\Pipeline->Illuminate\\Routing\\{closure}(Object(Illuminate\\Http\\Request))
#57 /var/www/morechina/vendor/laravel/framework/src/Illuminate/Pipeline/Pipeline.php(163): Illuminate\\Foundation\\Http\\Middleware\\TransformsRequest->handle(Object(Illuminate\\Http\\Request), Object(Closure))
#58 /var/www/morechina/vendor/laravel/framework/src/Illuminate/Routing/Pipeline.php(53): Illuminate\\Pipeline\\Pipeline->Illuminate\\Pipeline\\{closure}(Object(Illuminate\\Http\\Request))
#59 /var/www/morechina/vendor/laravel/framework/src/Illuminate/Foundation/Http/Middleware/TransformsRequest.php(31): Illuminate\\Routing\\Pipeline->Illuminate\\Routing\\{closure}(Object(Illuminate\\Http\\Request))
#60 /var/www/morechina/vendor/laravel/framework/src/Illuminate/Pipeline/Pipeline.php(163): Illuminate\\Foundation\\Http\\Middleware\\TransformsRequest->handle(Object(Illuminate\\Http\\Request), Object(Closure))
#61 /var/www/morechina/vendor/laravel/framework/src/Illuminate/Routing/Pipeline.php(53): Illuminate\\Pipeline\\Pipeline->Illuminate\\Pipeline\\{closure}(Object(Illuminate\\Http\\Request))
#62 /var/www/morechina/vendor/laravel/framework/src/Illuminate/Foundation/Http/Middleware/ValidatePostSize.php(27): Illuminate\\Routing\\Pipeline->Illuminate\\Routing\\{closure}(Object(Illuminate\\Http\\Request))
#63 /var/www/morechina/vendor/laravel/framework/src/Illuminate/Pipeline/Pipeline.php(163): Illuminate\\Foundation\\Http\\Middleware\\ValidatePostSize->handle(Object(Illuminate\\Http\\Request), Object(Closure))
#64 /var/www/morechina/vendor/laravel/framework/src/Illuminate/Routing/Pipeline.php(53): Illuminate\\Pipeline\\Pipeline->Illuminate\\Pipeline\\{closure}(Object(Illuminate\\Http\\Request))
#65 /var/www/morechina/vendor/laravel/framework/src/Illuminate/Foundation/Http/Middleware/CheckForMaintenanceMode.php(62): Illuminate\\Routing\\Pipeline->Illuminate\\Routing\\{closure}(Object(Illuminate\\Http\\Request))
#66 /var/www/morechina/vendor/laravel/framework/src/Illuminate/Pipeline/Pipeline.php(163): Illuminate\\Foundation\\Http\\Middleware\\CheckForMaintenanceMode->handle(Object(Illuminate\\Http\\Request), Object(Closure))
#67 /var/www/morechina/vendor/laravel/framework/src/Illuminate/Routing/Pipeline.php(53): Illuminate\\Pipeline\\Pipeline->Illuminate\\Pipeline\\{closure}(Object(Illuminate\\Http\\Request))
#68 /var/www/morechina/vendor/laravel/framework/src/Illuminate/Pipeline/Pipeline.php(104): Illuminate\\Routing\\Pipeline->Illuminate\\Routing\\{closure}(Object(Illuminate\\Http\\Request))
#69 /var/www/morechina/vendor/laravel/framework/src/Illuminate/Foundation/Http/Kernel.php(151): Illuminate\\Pipeline\\Pipeline->then(Object(Closure))
#70 /var/www/morechina/vendor/laravel/framework/src/Illuminate/Foundation/Http/Kernel.php(116): Illuminate\\Foundation\\Http\\Kernel->sendRequestThroughRouter(Object(Illuminate\\Http\\Request))
#71 /var/www/morechina/public/index.php(55): Illuminate\\Foundation\\Http\\Kernel->handle(Object(Illuminate\\Http\\Request))
#72 {main}
"} 
[2023-06-01 14:47:53] local.ERROR: SQLSTATE[23000]: Integrity constraint violation: 1048 Column 'contact_name' cannot be null (SQL: update `customers` set `contact_name` = , `updated_at` = 2023-06-01 14:47:53 where `id` = 69) {"userId":1,"email":"8016@morechina.com.cn","exception":"[object] (Illuminate\\Database\\QueryException(code: 23000): SQLSTATE[23000]: Integrity constraint violation: 1048 Column 'contact_name' cannot be null (SQL: update `customers` set `contact_name` = , `updated_at` = 2023-06-01 14:47:53 where `id` = 69) at /var/www/morechina/vendor/laravel/framework/src/Illuminate/Database/Connection.php:664, Doctrine\\DBAL\\Driver\\PDOException(code: 23000): SQLSTATE[23000]: Integrity constraint violation: 1048 Column 'contact_name' cannot be null at /var/www/morechina/vendor/doctrine/dbal/lib/Doctrine/DBAL/Driver/PDOStatement.php:123, PDOException(code: 23000): SQLSTATE[23000]: Integrity constraint violation: 1048 Column 'contact_name' cannot be null at /var/www/morechina/vendor/doctrine/dbal/lib/Doctrine/DBAL/Driver/PDOStatement.php:121)
[stacktrace]
#0 /var/www/morechina/vendor/laravel/framework/src/Illuminate/Database/Connection.php(624): Illuminate\\Database\\Connection->runQueryCallback('update `custome...', Array, Object(Closure))
#1 /var/www/morechina/vendor/laravel/framework/src/Illuminate/Database/Connection.php(490): Illuminate\\Database\\Connection->run('update `custome...', Array, Object(Closure))
#2 /var/www/morechina/vendor/laravel/framework/src/Illuminate/Database/Connection.php(423): Illuminate\\Database\\Connection->affectingStatement('update `custome...', Array)
#3 /var/www/morechina/vendor/laravel/framework/src/Illuminate/Database/Query/Builder.php(2659): Illuminate\\Database\\Connection->update('update `custome...', Array)
#4 /var/www/morechina/vendor/laravel/framework/src/Illuminate/Database/Eloquent/Builder.php(818): Illuminate\\Database\\Query\\Builder->update(Array)
#5 /var/www/morechina/vendor/laravel/framework/src/Illuminate/Database/Eloquent/Model.php(729): Illuminate\\Database\\Eloquent\\Builder->update(Array)
#6 /var/www/morechina/vendor/laravel/framework/src/Illuminate/Database/Eloquent/Model.php(644): Illuminate\\Database\\Eloquent\\Model->performUpdate(Object(Illuminate\\Database\\Eloquent\\Builder))
#7 /var/www/morechina/vendor/laravel/framework/src/Illuminate/Database/Eloquent/Model.php(591): Illuminate\\Database\\Eloquent\\Model->save(Array)
#8 /var/www/morechina/app/Http/Controllers/CustomersController.php(55): Illuminate\\Database\\Eloquent\\Model->update(Array)
#9 [internal function]: App\\Http\\Controllers\\CustomersController->update(Object(App\\Models\\Customer), Object(App\\Http\\Requests\\CustomerRequest))
#10 /var/www/morechina/vendor/laravel/framework/src/Illuminate/Routing/Controller.php(54): call_user_func_array(Array, Array)
#11 /var/www/morechina/vendor/laravel/framework/src/Illuminate/Routing/ControllerDispatcher.php(45): Illuminate\\Routing\\Controller->callAction('update', Array)
#12 /var/www/morechina/vendor/laravel/framework/src/Illuminate/Routing/Route.php(219): Illuminate\\Routing\\ControllerDispatcher->dispatch(Object(Illuminate\\Routing\\Route), Object(App\\Http\\Controllers\\CustomersController), 'update')
#13 /var/www/morechina/vendor/laravel/framework/src/Illuminate/Routing/Route.php(176): Illuminate\\Routing\\Route->runController()
#14 /var/www/morechina/vendor/laravel/framework/src/Illuminate/Routing/Router.php(682): Illuminate\\Routing\\Route->run()
#15 /var/www/morechina/vendor/laravel/framework/src/Illuminate/Routing/Pipeline.php(30): Illuminate\\Routing\\Router->Illuminate\\Routing\\{closure}(Object(Illuminate\\Http\\Request))
#16 /var/www/morechina/vendor/laravel/framework/src/Illuminate/Auth/Middleware/EnsureEmailIsVerified.php(28): Illuminate\\Routing\\Pipeline->Illuminate\\Routing\\{closure}(Object(Illuminate\\Http\\Request))
#17 /var/www/morechina/vendor/laravel/framework/src/Illuminate/Pipeline/Pipeline.php(163): Illuminate\\Auth\\Middleware\\EnsureEmailIsVerified->handle(Object(Illuminate\\Http\\Request), Object(Closure))
#18 /var/www/morechina/vendor/laravel/framework/src/Illuminate/Routing/Pipeline.php(53): Illuminate\\Pipeline\\Pipeline->Illuminate\\Pipeline\\{closure}(Object(Illuminate\\Http\\Request))
#19 /var/www/morechina/app/Http/Middleware/EnsureEmailIsVerified.php(26): Illuminate\\Routing\\Pipeline->Illuminate\\Routing\\{closure}(Object(Illuminate\\Http\\Request))
#20 /var/www/morechina/vendor/laravel/framework/src/Illuminate/Pipeline/Pipeline.php(163): App\\Http\\Middleware\\EnsureEmailIsVerified->handle(Object(Illuminate\\Http\\Request), Object(Closure))
#21 /var/www/morechina/vendor/laravel/framework/src/Illuminate/Routing/Pipeline.php(53): Illuminate\\Pipeline\\Pipeline->Illuminate\\Pipeline\\{closure}(Object(Illuminate\\Http\\Request))
#22 /var/www/morechina/vendor/laravel/framework/src/Illuminate/Routing/Middleware/SubstituteBindings.php(41): Illuminate\\Routing\\Pipeline->Illuminate\\Routing\\{closure}(Object(Illuminate\\Http\\Request))
#23 /var/www/morechina/vendor/laravel/framework/src/Illuminate/Pipeline/Pipeline.php(163): Illuminate\\Routing\\Middleware\\SubstituteBindings->handle(Object(Illuminate\\Http\\Request), Object(Closure))
#24 /var/www/morechina/vendor/laravel/framework/src/Illuminate/Routing/Pipeline.php(53): Illuminate\\Pipeline\\Pipeline->Illuminate\\Pipeline\\{closure}(Object(Illuminate\\Http\\Request))
#25 /var/www/morechina/vendor/laravel/framework/src/Illuminate/Auth/Middleware/Authenticate.php(43): Illuminate\\Routing\\Pipeline->Illuminate\\Routing\\{closure}(Object(Illuminate\\Http\\Request))
#26 /var/www/morechina/vendor/laravel/framework/src/Illuminate/Pipeline/Pipeline.php(163): Illuminate\\Auth\\Middleware\\Authenticate->handle(Object(Illuminate\\Http\\Request), Object(Closure))
#27 /var/www/morechina/vendor/laravel/framework/src/Illuminate/Routing/Pipeline.php(53): Illuminate\\Pipeline\\Pipeline->Illuminate\\Pipeline\\{closure}(Object(Illuminate\\Http\\Request))
#28 /var/www/morechina/vendor/laravel/framework/src/Illuminate/Foundation/Http/Middleware/VerifyCsrfToken.php(75): Illuminate\\Routing\\Pipeline->Illuminate\\Routing\\{closure}(Object(Illuminate\\Http\\Request))
#29 /var/www/morechina/vendor/laravel/framework/src/Illuminate/Pipeline/Pipeline.php(163): Illuminate\\Foundation\\Http\\Middleware\\VerifyCsrfToken->handle(Object(Illuminate\\Http\\Request), Object(Closure))
#30 /var/www/morechina/vendor/laravel/framework/src/Illuminate/Routing/Pipeline.php(53): Illuminate\\Pipeline\\Pipeline->Illuminate\\Pipeline\\{closure}(Object(Illuminate\\Http\\Request))
#31 /var/www/morechina/vendor/laravel/framework/src/Illuminate/View/Middleware/ShareErrorsFromSession.php(49): Illuminate\\Routing\\Pipeline->Illuminate\\Routing\\{closure}(Object(Illuminate\\Http\\Request))
#32 /var/www/morechina/vendor/laravel/framework/src/Illuminate/Pipeline/Pipeline.php(163): Illuminate\\View\\Middleware\\ShareErrorsFromSession->handle(Object(Illuminate\\Http\\Request), Object(Closure))
#33 /var/www/morechina/vendor/laravel/framework/src/Illuminate/Routing/Pipeline.php(53): Illuminate\\Pipeline\\Pipeline->Illuminate\\Pipeline\\{closure}(Object(Illuminate\\Http\\Request))
#34 /var/www/morechina/vendor/laravel/framework/src/Illuminate/Session/Middleware/StartSession.php(63): Illuminate\\Routing\\Pipeline->Illuminate\\Routing\\{closure}(Object(Illuminate\\Http\\Request))
#35 /var/www/morechina/vendor/laravel/framework/src/Illuminate/Pipeline/Pipeline.php(163): Illuminate\\Session\\Middleware\\StartSession->handle(Object(Illuminate\\Http\\Request), Object(Closure))
#36 /var/www/morechina/vendor/laravel/framework/src/Illuminate/Routing/Pipeline.php(53): Illuminate\\Pipeline\\Pipeline->Illuminate\\Pipeline\\{closure}(Object(Illuminate\\Http\\Request))
#37 /var/www/morechina/vendor/laravel/framework/src/Illuminate/Cookie/Middleware/AddQueuedCookiesToResponse.php(37): Illuminate\\Routing\\Pipeline->Illuminate\\Routing\\{closure}(Object(Illuminate\\Http\\Request))
#38 /var/www/morechina/vendor/laravel/framework/src/Illuminate/Pipeline/Pipeline.php(163): Illuminate\\Cookie\\Middleware\\AddQueuedCookiesToResponse->handle(Object(Illuminate\\Http\\Request), Object(Closure))
#39 /var/www/morechina/vendor/laravel/framework/src/Illuminate/Routing/Pipeline.php(53): Illuminate\\Pipeline\\Pipeline->Illuminate\\Pipeline\\{closure}(Object(Illuminate\\Http\\Request))
#40 /var/www/morechina/vendor/laravel/framework/src/Illuminate/Cookie/Middleware/EncryptCookies.php(66): Illuminate\\Routing\\Pipeline->Illuminate\\Routing\\{closure}(Object(Illuminate\\Http\\Request))
#41 /var/www/morechina/vendor/laravel/framework/src/Illuminate/Pipeline/Pipeline.php(163): Illuminate\\Cookie\\Middleware\\EncryptCookies->handle(Object(Illuminate\\Http\\Request), Object(Closure))
#42 /var/www/morechina/vendor/laravel/framework/src/Illuminate/Routing/Pipeline.php(53): Illuminate\\Pipeline\\Pipeline->Illuminate\\Pipeline\\{closure}(Object(Illuminate\\Http\\Request))
#43 /var/www/morechina/vendor/laravel/framework/src/Illuminate/Pipeline/Pipeline.php(104): Illuminate\\Routing\\Pipeline->Illuminate\\Routing\\{closure}(Object(Illuminate\\Http\\Request))
#44 /var/www/morechina/vendor/laravel/framework/src/Illuminate/Routing/Router.php(684): Illuminate\\Pipeline\\Pipeline->then(Object(Closure))
#45 /var/www/morechina/vendor/laravel/framework/src/Illuminate/Routing/Router.php(659): Illuminate\\Routing\\Router->runRouteWithinStack(Object(Illuminate\\Routing\\Route), Object(Illuminate\\Http\\Request))
#46 /var/www/morechina/vendor/laravel/framework/src/Illuminate/Routing/Router.php(625): Illuminate\\Routing\\Router->runRoute(Object(Illuminate\\Http\\Request), Object(Illuminate\\Routing\\Route))
#47 /var/www/morechina/vendor/laravel/framework/src/Illuminate/Routing/Router.php(614): Illuminate\\Routing\\Router->dispatchToRoute(Object(Illuminate\\Http\\Request))
#48 /var/www/morechina/vendor/laravel/framework/src/Illuminate/Foundation/Http/Kernel.php(176): Illuminate\\Routing\\Router->dispatch(Object(Illuminate\\Http\\Request))
#49 /var/www/morechina/vendor/laravel/framework/src/Illuminate/Routing/Pipeline.php(30): Illuminate\\Foundation\\Http\\Kernel->Illuminate\\Foundation\\Http\\{closure}(Object(Illuminate\\Http\\Request))
#50 /var/www/morechina/vendor/barryvdh/laravel-debugbar/src/Middleware/InjectDebugbar.php(65): Illuminate\\Routing\\Pipeline->Illuminate\\Routing\\{closure}(Object(Illuminate\\Http\\Request))
#51 /var/www/morechina/vendor/laravel/framework/src/Illuminate/Pipeline/Pipeline.php(163): Barryvdh\\Debugbar\\Middleware\\InjectDebugbar->handle(Object(Illuminate\\Http\\Request), Object(Closure))
#52 /var/www/morechina/vendor/laravel/framework/src/Illuminate/Routing/Pipeline.php(53): Illuminate\\Pipeline\\Pipeline->Illuminate\\Pipeline\\{closure}(Object(Illuminate\\Http\\Request))
#53 /var/www/morechina/vendor/fideloper/proxy/src/TrustProxies.php(57): Illuminate\\Routing\\Pipeline->Illuminate\\Routing\\{closure}(Object(Illuminate\\Http\\Request))
#54 /var/www/morechina/vendor/laravel/framework/src/Illuminate/Pipeline/Pipeline.php(163): Fideloper\\Proxy\\TrustProxies->handle(Object(Illuminate\\Http\\Request), Object(Closure))
#55 /var/www/morechina/vendor/laravel/framework/src/Illuminate/Routing/Pipeline.php(53): Illuminate\\Pipeline\\Pipeline->Illuminate\\Pipeline\\{closure}(Object(Illuminate\\Http\\Request))
#56 /var/www/morechina/vendor/laravel/framework/src/Illuminate/Foundation/Http/Middleware/TransformsRequest.php(31): Illuminate\\Routing\\Pipeline->Illuminate\\Routing\\{closure}(Object(Illuminate\\Http\\Request))
#57 /var/www/morechina/vendor/laravel/framework/src/Illuminate/Pipeline/Pipeline.php(163): Illuminate\\Foundation\\Http\\Middleware\\TransformsRequest->handle(Object(Illuminate\\Http\\Request), Object(Closure))
#58 /var/www/morechina/vendor/laravel/framework/src/Illuminate/Routing/Pipeline.php(53): Illuminate\\Pipeline\\Pipeline->Illuminate\\Pipeline\\{closure}(Object(Illuminate\\Http\\Request))
#59 /var/www/morechina/vendor/laravel/framework/src/Illuminate/Foundation/Http/Middleware/TransformsRequest.php(31): Illuminate\\Routing\\Pipeline->Illuminate\\Routing\\{closure}(Object(Illuminate\\Http\\Request))
#60 /var/www/morechina/vendor/laravel/framework/src/Illuminate/Pipeline/Pipeline.php(163): Illuminate\\Foundation\\Http\\Middleware\\TransformsRequest->handle(Object(Illuminate\\Http\\Request), Object(Closure))
#61 /var/www/morechina/vendor/laravel/framework/src/Illuminate/Routing/Pipeline.php(53): Illuminate\\Pipeline\\Pipeline->Illuminate\\Pipeline\\{closure}(Object(Illuminate\\Http\\Request))
#62 /var/www/morechina/vendor/laravel/framework/src/Illuminate/Foundation/Http/Middleware/ValidatePostSize.php(27): Illuminate\\Routing\\Pipeline->Illuminate\\Routing\\{closure}(Object(Illuminate\\Http\\Request))
#63 /var/www/morechina/vendor/laravel/framework/src/Illuminate/Pipeline/Pipeline.php(163): Illuminate\\Foundation\\Http\\Middleware\\ValidatePostSize->handle(Object(Illuminate\\Http\\Request), Object(Closure))
#64 /var/www/morechina/vendor/laravel/framework/src/Illuminate/Routing/Pipeline.php(53): Illuminate\\Pipeline\\Pipeline->Illuminate\\Pipeline\\{closure}(Object(Illuminate\\Http\\Request))
#65 /var/www/morechina/vendor/laravel/framework/src/Illuminate/Foundation/Http/Middleware/CheckForMaintenanceMode.php(62): Illuminate\\Routing\\Pipeline->Illuminate\\Routing\\{closure}(Object(Illuminate\\Http\\Request))
#66 /var/www/morechina/vendor/laravel/framework/src/Illuminate/Pipeline/Pipeline.php(163): Illuminate\\Foundation\\Http\\Middleware\\CheckForMaintenanceMode->handle(Object(Illuminate\\Http\\Request), Object(Closure))
#67 /var/www/morechina/vendor/laravel/framework/src/Illuminate/Routing/Pipeline.php(53): Illuminate\\Pipeline\\Pipeline->Illuminate\\Pipeline\\{closure}(Object(Illuminate\\Http\\Request))
#68 /var/www/morechina/vendor/laravel/framework/src/Illuminate/Pipeline/Pipeline.php(104): Illuminate\\Routing\\Pipeline->Illuminate\\Routing\\{closure}(Object(Illuminate\\Http\\Request))
#69 /var/www/morechina/vendor/laravel/framework/src/Illuminate/Foundation/Http/Kernel.php(151): Illuminate\\Pipeline\\Pipeline->then(Object(Closure))
#70 /var/www/morechina/vendor/laravel/framework/src/Illuminate/Foundation/Http/Kernel.php(116): Illuminate\\Foundation\\Http\\Kernel->sendRequestThroughRouter(Object(Illuminate\\Http\\Request))
#71 /var/www/morechina/public/index.php(55): Illuminate\\Foundation\\Http\\Kernel->handle(Object(Illuminate\\Http\\Request))
#72 {main}
"} 
[2023-06-01 14:48:09] local.ERROR: SQLSTATE[23000]: Integrity constraint violation: 1048 Column 'contact_phone' cannot be null (SQL: update `customers` set `contact_phone` = , `updated_at` = 2023-06-01 14:48:09 where `id` = 69) {"userId":1,"email":"8016@morechina.com.cn","exception":"[object] (Illuminate\\Database\\QueryException(code: 23000): SQLSTATE[23000]: Integrity constraint violation: 1048 Column 'contact_phone' cannot be null (SQL: update `customers` set `contact_phone` = , `updated_at` = 2023-06-01 14:48:09 where `id` = 69) at /var/www/morechina/vendor/laravel/framework/src/Illuminate/Database/Connection.php:664, Doctrine\\DBAL\\Driver\\PDOException(code: 23000): SQLSTATE[23000]: Integrity constraint violation: 1048 Column 'contact_phone' cannot be null at /var/www/morechina/vendor/doctrine/dbal/lib/Doctrine/DBAL/Driver/PDOStatement.php:123, PDOException(code: 23000): SQLSTATE[23000]: Integrity constraint violation: 1048 Column 'contact_phone' cannot be null at /var/www/morechina/vendor/doctrine/dbal/lib/Doctrine/DBAL/Driver/PDOStatement.php:121)
[stacktrace]
#0 /var/www/morechina/vendor/laravel/framework/src/Illuminate/Database/Connection.php(624): Illuminate\\Database\\Connection->runQueryCallback('update `custome...', Array, Object(Closure))
#1 /var/www/morechina/vendor/laravel/framework/src/Illuminate/Database/Connection.php(490): Illuminate\\Database\\Connection->run('update `custome...', Array, Object(Closure))
#2 /var/www/morechina/vendor/laravel/framework/src/Illuminate/Database/Connection.php(423): Illuminate\\Database\\Connection->affectingStatement('update `custome...', Array)
#3 /var/www/morechina/vendor/laravel/framework/src/Illuminate/Database/Query/Builder.php(2659): Illuminate\\Database\\Connection->update('update `custome...', Array)
#4 /var/www/morechina/vendor/laravel/framework/src/Illuminate/Database/Eloquent/Builder.php(818): Illuminate\\Database\\Query\\Builder->update(Array)
#5 /var/www/morechina/vendor/laravel/framework/src/Illuminate/Database/Eloquent/Model.php(729): Illuminate\\Database\\Eloquent\\Builder->update(Array)
#6 /var/www/morechina/vendor/laravel/framework/src/Illuminate/Database/Eloquent/Model.php(644): Illuminate\\Database\\Eloquent\\Model->performUpdate(Object(Illuminate\\Database\\Eloquent\\Builder))
#7 /var/www/morechina/vendor/laravel/framework/src/Illuminate/Database/Eloquent/Model.php(591): Illuminate\\Database\\Eloquent\\Model->save(Array)
#8 /var/www/morechina/app/Http/Controllers/CustomersController.php(55): Illuminate\\Database\\Eloquent\\Model->update(Array)
#9 [internal function]: App\\Http\\Controllers\\CustomersController->update(Object(App\\Models\\Customer), Object(App\\Http\\Requests\\CustomerRequest))
#10 /var/www/morechina/vendor/laravel/framework/src/Illuminate/Routing/Controller.php(54): call_user_func_array(Array, Array)
#11 /var/www/morechina/vendor/laravel/framework/src/Illuminate/Routing/ControllerDispatcher.php(45): Illuminate\\Routing\\Controller->callAction('update', Array)
#12 /var/www/morechina/vendor/laravel/framework/src/Illuminate/Routing/Route.php(219): Illuminate\\Routing\\ControllerDispatcher->dispatch(Object(Illuminate\\Routing\\Route), Object(App\\Http\\Controllers\\CustomersController), 'update')
#13 /var/www/morechina/vendor/laravel/framework/src/Illuminate/Routing/Route.php(176): Illuminate\\Routing\\Route->runController()
#14 /var/www/morechina/vendor/laravel/framework/src/Illuminate/Routing/Router.php(682): Illuminate\\Routing\\Route->run()
#15 /var/www/morechina/vendor/laravel/framework/src/Illuminate/Routing/Pipeline.php(30): Illuminate\\Routing\\Router->Illuminate\\Routing\\{closure}(Object(Illuminate\\Http\\Request))
#16 /var/www/morechina/vendor/laravel/framework/src/Illuminate/Auth/Middleware/EnsureEmailIsVerified.php(28): Illuminate\\Routing\\Pipeline->Illuminate\\Routing\\{closure}(Object(Illuminate\\Http\\Request))
#17 /var/www/morechina/vendor/laravel/framework/src/Illuminate/Pipeline/Pipeline.php(163): Illuminate\\Auth\\Middleware\\EnsureEmailIsVerified->handle(Object(Illuminate\\Http\\Request), Object(Closure))
#18 /var/www/morechina/vendor/laravel/framework/src/Illuminate/Routing/Pipeline.php(53): Illuminate\\Pipeline\\Pipeline->Illuminate\\Pipeline\\{closure}(Object(Illuminate\\Http\\Request))
#19 /var/www/morechina/app/Http/Middleware/EnsureEmailIsVerified.php(26): Illuminate\\Routing\\Pipeline->Illuminate\\Routing\\{closure}(Object(Illuminate\\Http\\Request))
#20 /var/www/morechina/vendor/laravel/framework/src/Illuminate/Pipeline/Pipeline.php(163): App\\Http\\Middleware\\EnsureEmailIsVerified->handle(Object(Illuminate\\Http\\Request), Object(Closure))
#21 /var/www/morechina/vendor/laravel/framework/src/Illuminate/Routing/Pipeline.php(53): Illuminate\\Pipeline\\Pipeline->Illuminate\\Pipeline\\{closure}(Object(Illuminate\\Http\\Request))
#22 /var/www/morechina/vendor/laravel/framework/src/Illuminate/Routing/Middleware/SubstituteBindings.php(41): Illuminate\\Routing\\Pipeline->Illuminate\\Routing\\{closure}(Object(Illuminate\\Http\\Request))
#23 /var/www/morechina/vendor/laravel/framework/src/Illuminate/Pipeline/Pipeline.php(163): Illuminate\\Routing\\Middleware\\SubstituteBindings->handle(Object(Illuminate\\Http\\Request), Object(Closure))
#24 /var/www/morechina/vendor/laravel/framework/src/Illuminate/Routing/Pipeline.php(53): Illuminate\\Pipeline\\Pipeline->Illuminate\\Pipeline\\{closure}(Object(Illuminate\\Http\\Request))
#25 /var/www/morechina/vendor/laravel/framework/src/Illuminate/Auth/Middleware/Authenticate.php(43): Illuminate\\Routing\\Pipeline->Illuminate\\Routing\\{closure}(Object(Illuminate\\Http\\Request))
#26 /var/www/morechina/vendor/laravel/framework/src/Illuminate/Pipeline/Pipeline.php(163): Illuminate\\Auth\\Middleware\\Authenticate->handle(Object(Illuminate\\Http\\Request), Object(Closure))
#27 /var/www/morechina/vendor/laravel/framework/src/Illuminate/Routing/Pipeline.php(53): Illuminate\\Pipeline\\Pipeline->Illuminate\\Pipeline\\{closure}(Object(Illuminate\\Http\\Request))
#28 /var/www/morechina/vendor/laravel/framework/src/Illuminate/Foundation/Http/Middleware/VerifyCsrfToken.php(75): Illuminate\\Routing\\Pipeline->Illuminate\\Routing\\{closure}(Object(Illuminate\\Http\\Request))
#29 /var/www/morechina/vendor/laravel/framework/src/Illuminate/Pipeline/Pipeline.php(163): Illuminate\\Foundation\\Http\\Middleware\\VerifyCsrfToken->handle(Object(Illuminate\\Http\\Request), Object(Closure))
#30 /var/www/morechina/vendor/laravel/framework/src/Illuminate/Routing/Pipeline.php(53): Illuminate\\Pipeline\\Pipeline->Illuminate\\Pipeline\\{closure}(Object(Illuminate\\Http\\Request))
#31 /var/www/morechina/vendor/laravel/framework/src/Illuminate/View/Middleware/ShareErrorsFromSession.php(49): Illuminate\\Routing\\Pipeline->Illuminate\\Routing\\{closure}(Object(Illuminate\\Http\\Request))
#32 /var/www/morechina/vendor/laravel/framework/src/Illuminate/Pipeline/Pipeline.php(163): Illuminate\\View\\Middleware\\ShareErrorsFromSession->handle(Object(Illuminate\\Http\\Request), Object(Closure))
#33 /var/www/morechina/vendor/laravel/framework/src/Illuminate/Routing/Pipeline.php(53): Illuminate\\Pipeline\\Pipeline->Illuminate\\Pipeline\\{closure}(Object(Illuminate\\Http\\Request))
#34 /var/www/morechina/vendor/laravel/framework/src/Illuminate/Session/Middleware/StartSession.php(63): Illuminate\\Routing\\Pipeline->Illuminate\\Routing\\{closure}(Object(Illuminate\\Http\\Request))
#35 /var/www/morechina/vendor/laravel/framework/src/Illuminate/Pipeline/Pipeline.php(163): Illuminate\\Session\\Middleware\\StartSession->handle(Object(Illuminate\\Http\\Request), Object(Closure))
#36 /var/www/morechina/vendor/laravel/framework/src/Illuminate/Routing/Pipeline.php(53): Illuminate\\Pipeline\\Pipeline->Illuminate\\Pipeline\\{closure}(Object(Illuminate\\Http\\Request))
#37 /var/www/morechina/vendor/laravel/framework/src/Illuminate/Cookie/Middleware/AddQueuedCookiesToResponse.php(37): Illuminate\\Routing\\Pipeline->Illuminate\\Routing\\{closure}(Object(Illuminate\\Http\\Request))
#38 /var/www/morechina/vendor/laravel/framework/src/Illuminate/Pipeline/Pipeline.php(163): Illuminate\\Cookie\\Middleware\\AddQueuedCookiesToResponse->handle(Object(Illuminate\\Http\\Request), Object(Closure))
#39 /var/www/morechina/vendor/laravel/framework/src/Illuminate/Routing/Pipeline.php(53): Illuminate\\Pipeline\\Pipeline->Illuminate\\Pipeline\\{closure}(Object(Illuminate\\Http\\Request))
#40 /var/www/morechina/vendor/laravel/framework/src/Illuminate/Cookie/Middleware/EncryptCookies.php(66): Illuminate\\Routing\\Pipeline->Illuminate\\Routing\\{closure}(Object(Illuminate\\Http\\Request))
#41 /var/www/morechina/vendor/laravel/framework/src/Illuminate/Pipeline/Pipeline.php(163): Illuminate\\Cookie\\Middleware\\EncryptCookies->handle(Object(Illuminate\\Http\\Request), Object(Closure))
#42 /var/www/morechina/vendor/laravel/framework/src/Illuminate/Routing/Pipeline.php(53): Illuminate\\Pipeline\\Pipeline->Illuminate\\Pipeline\\{closure}(Object(Illuminate\\Http\\Request))
#43 /var/www/morechina/vendor/laravel/framework/src/Illuminate/Pipeline/Pipeline.php(104): Illuminate\\Routing\\Pipeline->Illuminate\\Routing\\{closure}(Object(Illuminate\\Http\\Request))
#44 /var/www/morechina/vendor/laravel/framework/src/Illuminate/Routing/Router.php(684): Illuminate\\Pipeline\\Pipeline->then(Object(Closure))
#45 /var/www/morechina/vendor/laravel/framework/src/Illuminate/Routing/Router.php(659): Illuminate\\Routing\\Router->runRouteWithinStack(Object(Illuminate\\Routing\\Route), Object(Illuminate\\Http\\Request))
#46 /var/www/morechina/vendor/laravel/framework/src/Illuminate/Routing/Router.php(625): Illuminate\\Routing\\Router->runRoute(Object(Illuminate\\Http\\Request), Object(Illuminate\\Routing\\Route))
#47 /var/www/morechina/vendor/laravel/framework/src/Illuminate/Routing/Router.php(614): Illuminate\\Routing\\Router->dispatchToRoute(Object(Illuminate\\Http\\Request))
#48 /var/www/morechina/vendor/laravel/framework/src/Illuminate/Foundation/Http/Kernel.php(176): Illuminate\\Routing\\Router->dispatch(Object(Illuminate\\Http\\Request))
#49 /var/www/morechina/vendor/laravel/framework/src/Illuminate/Routing/Pipeline.php(30): Illuminate\\Foundation\\Http\\Kernel->Illuminate\\Foundation\\Http\\{closure}(Object(Illuminate\\Http\\Request))
#50 /var/www/morechina/vendor/barryvdh/laravel-debugbar/src/Middleware/InjectDebugbar.php(65): Illuminate\\Routing\\Pipeline->Illuminate\\Routing\\{closure}(Object(Illuminate\\Http\\Request))
#51 /var/www/morechina/vendor/laravel/framework/src/Illuminate/Pipeline/Pipeline.php(163): Barryvdh\\Debugbar\\Middleware\\InjectDebugbar->handle(Object(Illuminate\\Http\\Request), Object(Closure))
#52 /var/www/morechina/vendor/laravel/framework/src/Illuminate/Routing/Pipeline.php(53): Illuminate\\Pipeline\\Pipeline->Illuminate\\Pipeline\\{closure}(Object(Illuminate\\Http\\Request))
#53 /var/www/morechina/vendor/fideloper/proxy/src/TrustProxies.php(57): Illuminate\\Routing\\Pipeline->Illuminate\\Routing\\{closure}(Object(Illuminate\\Http\\Request))
#54 /var/www/morechina/vendor/laravel/framework/src/Illuminate/Pipeline/Pipeline.php(163): Fideloper\\Proxy\\TrustProxies->handle(Object(Illuminate\\Http\\Request), Object(Closure))
#55 /var/www/morechina/vendor/laravel/framework/src/Illuminate/Routing/Pipeline.php(53): Illuminate\\Pipeline\\Pipeline->Illuminate\\Pipeline\\{closure}(Object(Illuminate\\Http\\Request))
#56 /var/www/morechina/vendor/laravel/framework/src/Illuminate/Foundation/Http/Middleware/TransformsRequest.php(31): Illuminate\\Routing\\Pipeline->Illuminate\\Routing\\{closure}(Object(Illuminate\\Http\\Request))
#57 /var/www/morechina/vendor/laravel/framework/src/Illuminate/Pipeline/Pipeline.php(163): Illuminate\\Foundation\\Http\\Middleware\\TransformsRequest->handle(Object(Illuminate\\Http\\Request), Object(Closure))
#58 /var/www/morechina/vendor/laravel/framework/src/Illuminate/Routing/Pipeline.php(53): Illuminate\\Pipeline\\Pipeline->Illuminate\\Pipeline\\{closure}(Object(Illuminate\\Http\\Request))
#59 /var/www/morechina/vendor/laravel/framework/src/Illuminate/Foundation/Http/Middleware/TransformsRequest.php(31): Illuminate\\Routing\\Pipeline->Illuminate\\Routing\\{closure}(Object(Illuminate\\Http\\Request))
#60 /var/www/morechina/vendor/laravel/framework/src/Illuminate/Pipeline/Pipeline.php(163): Illuminate\\Foundation\\Http\\Middleware\\TransformsRequest->handle(Object(Illuminate\\Http\\Request), Object(Closure))
#61 /var/www/morechina/vendor/laravel/framework/src/Illuminate/Routing/Pipeline.php(53): Illuminate\\Pipeline\\Pipeline->Illuminate\\Pipeline\\{closure}(Object(Illuminate\\Http\\Request))
#62 /var/www/morechina/vendor/laravel/framework/src/Illuminate/Foundation/Http/Middleware/ValidatePostSize.php(27): Illuminate\\Routing\\Pipeline->Illuminate\\Routing\\{closure}(Object(Illuminate\\Http\\Request))
#63 /var/www/morechina/vendor/laravel/framework/src/Illuminate/Pipeline/Pipeline.php(163): Illuminate\\Foundation\\Http\\Middleware\\ValidatePostSize->handle(Object(Illuminate\\Http\\Request), Object(Closure))
#64 /var/www/morechina/vendor/laravel/framework/src/Illuminate/Routing/Pipeline.php(53): Illuminate\\Pipeline\\Pipeline->Illuminate\\Pipeline\\{closure}(Object(Illuminate\\Http\\Request))
#65 /var/www/morechina/vendor/laravel/framework/src/Illuminate/Foundation/Http/Middleware/CheckForMaintenanceMode.php(62): Illuminate\\Routing\\Pipeline->Illuminate\\Routing\\{closure}(Object(Illuminate\\Http\\Request))
#66 /var/www/morechina/vendor/laravel/framework/src/Illuminate/Pipeline/Pipeline.php(163): Illuminate\\Foundation\\Http\\Middleware\\CheckForMaintenanceMode->handle(Object(Illuminate\\Http\\Request), Object(Closure))
#67 /var/www/morechina/vendor/laravel/framework/src/Illuminate/Routing/Pipeline.php(53): Illuminate\\Pipeline\\Pipeline->Illuminate\\Pipeline\\{closure}(Object(Illuminate\\Http\\Request))
#68 /var/www/morechina/vendor/laravel/framework/src/Illuminate/Pipeline/Pipeline.php(104): Illuminate\\Routing\\Pipeline->Illuminate\\Routing\\{closure}(Object(Illuminate\\Http\\Request))
#69 /var/www/morechina/vendor/laravel/framework/src/Illuminate/Foundation/Http/Kernel.php(151): Illuminate\\Pipeline\\Pipeline->then(Object(Closure))
#70 /var/www/morechina/vendor/laravel/framework/src/Illuminate/Foundation/Http/Kernel.php(116): Illuminate\\Foundation\\Http\\Kernel->sendRequestThroughRouter(Object(Illuminate\\Http\\Request))
#71 /var/www/morechina/public/index.php(55): Illuminate\\Foundation\\Http\\Kernel->handle(Object(Illuminate\\Http\\Request))
#72 {main}
"} 
[2023-06-01 14:51:04] local.ERROR: SQLSTATE[23000]: Integrity constraint violation: 1048 Column 'contact_phone' cannot be null (SQL: update `customers` set `contact_phone` = , `memo` = , `updated_at` = 2023-06-01 14:51:04 where `id` = 69) {"userId":1,"email":"8016@morechina.com.cn","exception":"[object] (Illuminate\\Database\\QueryException(code: 23000): SQLSTATE[23000]: Integrity constraint violation: 1048 Column 'contact_phone' cannot be null (SQL: update `customers` set `contact_phone` = , `memo` = , `updated_at` = 2023-06-01 14:51:04 where `id` = 69) at /var/www/morechina/vendor/laravel/framework/src/Illuminate/Database/Connection.php:664, Doctrine\\DBAL\\Driver\\PDOException(code: 23000): SQLSTATE[23000]: Integrity constraint violation: 1048 Column 'contact_phone' cannot be null at /var/www/morechina/vendor/doctrine/dbal/lib/Doctrine/DBAL/Driver/PDOStatement.php:123, PDOException(code: 23000): SQLSTATE[23000]: Integrity constraint violation: 1048 Column 'contact_phone' cannot be null at /var/www/morechina/vendor/doctrine/dbal/lib/Doctrine/DBAL/Driver/PDOStatement.php:121)
[stacktrace]
#0 /var/www/morechina/vendor/laravel/framework/src/Illuminate/Database/Connection.php(624): Illuminate\\Database\\Connection->runQueryCallback('update `custome...', Array, Object(Closure))
#1 /var/www/morechina/vendor/laravel/framework/src/Illuminate/Database/Connection.php(490): Illuminate\\Database\\Connection->run('update `custome...', Array, Object(Closure))
#2 /var/www/morechina/vendor/laravel/framework/src/Illuminate/Database/Connection.php(423): Illuminate\\Database\\Connection->affectingStatement('update `custome...', Array)
#3 /var/www/morechina/vendor/laravel/framework/src/Illuminate/Database/Query/Builder.php(2659): Illuminate\\Database\\Connection->update('update `custome...', Array)
#4 /var/www/morechina/vendor/laravel/framework/src/Illuminate/Database/Eloquent/Builder.php(818): Illuminate\\Database\\Query\\Builder->update(Array)
#5 /var/www/morechina/vendor/laravel/framework/src/Illuminate/Database/Eloquent/Model.php(729): Illuminate\\Database\\Eloquent\\Builder->update(Array)
#6 /var/www/morechina/vendor/laravel/framework/src/Illuminate/Database/Eloquent/Model.php(644): Illuminate\\Database\\Eloquent\\Model->performUpdate(Object(Illuminate\\Database\\Eloquent\\Builder))
#7 /var/www/morechina/vendor/laravel/framework/src/Illuminate/Database/Eloquent/Model.php(591): Illuminate\\Database\\Eloquent\\Model->save(Array)
#8 /var/www/morechina/app/Http/Controllers/CustomersController.php(55): Illuminate\\Database\\Eloquent\\Model->update(Array)
#9 [internal function]: App\\Http\\Controllers\\CustomersController->update(Object(App\\Models\\Customer), Object(App\\Http\\Requests\\CustomerRequest))
#10 /var/www/morechina/vendor/laravel/framework/src/Illuminate/Routing/Controller.php(54): call_user_func_array(Array, Array)
#11 /var/www/morechina/vendor/laravel/framework/src/Illuminate/Routing/ControllerDispatcher.php(45): Illuminate\\Routing\\Controller->callAction('update', Array)
#12 /var/www/morechina/vendor/laravel/framework/src/Illuminate/Routing/Route.php(219): Illuminate\\Routing\\ControllerDispatcher->dispatch(Object(Illuminate\\Routing\\Route), Object(App\\Http\\Controllers\\CustomersController), 'update')
#13 /var/www/morechina/vendor/laravel/framework/src/Illuminate/Routing/Route.php(176): Illuminate\\Routing\\Route->runController()
#14 /var/www/morechina/vendor/laravel/framework/src/Illuminate/Routing/Router.php(682): Illuminate\\Routing\\Route->run()
#15 /var/www/morechina/vendor/laravel/framework/src/Illuminate/Routing/Pipeline.php(30): Illuminate\\Routing\\Router->Illuminate\\Routing\\{closure}(Object(Illuminate\\Http\\Request))
#16 /var/www/morechina/vendor/laravel/framework/src/Illuminate/Auth/Middleware/EnsureEmailIsVerified.php(28): Illuminate\\Routing\\Pipeline->Illuminate\\Routing\\{closure}(Object(Illuminate\\Http\\Request))
#17 /var/www/morechina/vendor/laravel/framework/src/Illuminate/Pipeline/Pipeline.php(163): Illuminate\\Auth\\Middleware\\EnsureEmailIsVerified->handle(Object(Illuminate\\Http\\Request), Object(Closure))
#18 /var/www/morechina/vendor/laravel/framework/src/Illuminate/Routing/Pipeline.php(53): Illuminate\\Pipeline\\Pipeline->Illuminate\\Pipeline\\{closure}(Object(Illuminate\\Http\\Request))
#19 /var/www/morechina/app/Http/Middleware/EnsureEmailIsVerified.php(26): Illuminate\\Routing\\Pipeline->Illuminate\\Routing\\{closure}(Object(Illuminate\\Http\\Request))
#20 /var/www/morechina/vendor/laravel/framework/src/Illuminate/Pipeline/Pipeline.php(163): App\\Http\\Middleware\\EnsureEmailIsVerified->handle(Object(Illuminate\\Http\\Request), Object(Closure))
#21 /var/www/morechina/vendor/laravel/framework/src/Illuminate/Routing/Pipeline.php(53): Illuminate\\Pipeline\\Pipeline->Illuminate\\Pipeline\\{closure}(Object(Illuminate\\Http\\Request))
#22 /var/www/morechina/vendor/laravel/framework/src/Illuminate/Routing/Middleware/SubstituteBindings.php(41): Illuminate\\Routing\\Pipeline->Illuminate\\Routing\\{closure}(Object(Illuminate\\Http\\Request))
#23 /var/www/morechina/vendor/laravel/framework/src/Illuminate/Pipeline/Pipeline.php(163): Illuminate\\Routing\\Middleware\\SubstituteBindings->handle(Object(Illuminate\\Http\\Request), Object(Closure))
#24 /var/www/morechina/vendor/laravel/framework/src/Illuminate/Routing/Pipeline.php(53): Illuminate\\Pipeline\\Pipeline->Illuminate\\Pipeline\\{closure}(Object(Illuminate\\Http\\Request))
#25 /var/www/morechina/vendor/laravel/framework/src/Illuminate/Auth/Middleware/Authenticate.php(43): Illuminate\\Routing\\Pipeline->Illuminate\\Routing\\{closure}(Object(Illuminate\\Http\\Request))
#26 /var/www/morechina/vendor/laravel/framework/src/Illuminate/Pipeline/Pipeline.php(163): Illuminate\\Auth\\Middleware\\Authenticate->handle(Object(Illuminate\\Http\\Request), Object(Closure))
#27 /var/www/morechina/vendor/laravel/framework/src/Illuminate/Routing/Pipeline.php(53): Illuminate\\Pipeline\\Pipeline->Illuminate\\Pipeline\\{closure}(Object(Illuminate\\Http\\Request))
#28 /var/www/morechina/vendor/laravel/framework/src/Illuminate/Foundation/Http/Middleware/VerifyCsrfToken.php(75): Illuminate\\Routing\\Pipeline->Illuminate\\Routing\\{closure}(Object(Illuminate\\Http\\Request))
#29 /var/www/morechina/vendor/laravel/framework/src/Illuminate/Pipeline/Pipeline.php(163): Illuminate\\Foundation\\Http\\Middleware\\VerifyCsrfToken->handle(Object(Illuminate\\Http\\Request), Object(Closure))
#30 /var/www/morechina/vendor/laravel/framework/src/Illuminate/Routing/Pipeline.php(53): Illuminate\\Pipeline\\Pipeline->Illuminate\\Pipeline\\{closure}(Object(Illuminate\\Http\\Request))
#31 /var/www/morechina/vendor/laravel/framework/src/Illuminate/View/Middleware/ShareErrorsFromSession.php(49): Illuminate\\Routing\\Pipeline->Illuminate\\Routing\\{closure}(Object(Illuminate\\Http\\Request))
#32 /var/www/morechina/vendor/laravel/framework/src/Illuminate/Pipeline/Pipeline.php(163): Illuminate\\View\\Middleware\\ShareErrorsFromSession->handle(Object(Illuminate\\Http\\Request), Object(Closure))
#33 /var/www/morechina/vendor/laravel/framework/src/Illuminate/Routing/Pipeline.php(53): Illuminate\\Pipeline\\Pipeline->Illuminate\\Pipeline\\{closure}(Object(Illuminate\\Http\\Request))
#34 /var/www/morechina/vendor/laravel/framework/src/Illuminate/Session/Middleware/StartSession.php(63): Illuminate\\Routing\\Pipeline->Illuminate\\Routing\\{closure}(Object(Illuminate\\Http\\Request))
#35 /var/www/morechina/vendor/laravel/framework/src/Illuminate/Pipeline/Pipeline.php(163): Illuminate\\Session\\Middleware\\StartSession->handle(Object(Illuminate\\Http\\Request), Object(Closure))
#36 /var/www/morechina/vendor/laravel/framework/src/Illuminate/Routing/Pipeline.php(53): Illuminate\\Pipeline\\Pipeline->Illuminate\\Pipeline\\{closure}(Object(Illuminate\\Http\\Request))
#37 /var/www/morechina/vendor/laravel/framework/src/Illuminate/Cookie/Middleware/AddQueuedCookiesToResponse.php(37): Illuminate\\Routing\\Pipeline->Illuminate\\Routing\\{closure}(Object(Illuminate\\Http\\Request))
#38 /var/www/morechina/vendor/laravel/framework/src/Illuminate/Pipeline/Pipeline.php(163): Illuminate\\Cookie\\Middleware\\AddQueuedCookiesToResponse->handle(Object(Illuminate\\Http\\Request), Object(Closure))
#39 /var/www/morechina/vendor/laravel/framework/src/Illuminate/Routing/Pipeline.php(53): Illuminate\\Pipeline\\Pipeline->Illuminate\\Pipeline\\{closure}(Object(Illuminate\\Http\\Request))
#40 /var/www/morechina/vendor/laravel/framework/src/Illuminate/Cookie/Middleware/EncryptCookies.php(66): Illuminate\\Routing\\Pipeline->Illuminate\\Routing\\{closure}(Object(Illuminate\\Http\\Request))
#41 /var/www/morechina/vendor/laravel/framework/src/Illuminate/Pipeline/Pipeline.php(163): Illuminate\\Cookie\\Middleware\\EncryptCookies->handle(Object(Illuminate\\Http\\Request), Object(Closure))
#42 /var/www/morechina/vendor/laravel/framework/src/Illuminate/Routing/Pipeline.php(53): Illuminate\\Pipeline\\Pipeline->Illuminate\\Pipeline\\{closure}(Object(Illuminate\\Http\\Request))
#43 /var/www/morechina/vendor/laravel/framework/src/Illuminate/Pipeline/Pipeline.php(104): Illuminate\\Routing\\Pipeline->Illuminate\\Routing\\{closure}(Object(Illuminate\\Http\\Request))
#44 /var/www/morechina/vendor/laravel/framework/src/Illuminate/Routing/Router.php(684): Illuminate\\Pipeline\\Pipeline->then(Object(Closure))
#45 /var/www/morechina/vendor/laravel/framework/src/Illuminate/Routing/Router.php(659): Illuminate\\Routing\\Router->runRouteWithinStack(Object(Illuminate\\Routing\\Route), Object(Illuminate\\Http\\Request))
#46 /var/www/morechina/vendor/laravel/framework/src/Illuminate/Routing/Router.php(625): Illuminate\\Routing\\Router->runRoute(Object(Illuminate\\Http\\Request), Object(Illuminate\\Routing\\Route))
#47 /var/www/morechina/vendor/laravel/framework/src/Illuminate/Routing/Router.php(614): Illuminate\\Routing\\Router->dispatchToRoute(Object(Illuminate\\Http\\Request))
#48 /var/www/morechina/vendor/laravel/framework/src/Illuminate/Foundation/Http/Kernel.php(176): Illuminate\\Routing\\Router->dispatch(Object(Illuminate\\Http\\Request))
#49 /var/www/morechina/vendor/laravel/framework/src/Illuminate/Routing/Pipeline.php(30): Illuminate\\Foundation\\Http\\Kernel->Illuminate\\Foundation\\Http\\{closure}(Object(Illuminate\\Http\\Request))
#50 /var/www/morechina/vendor/barryvdh/laravel-debugbar/src/Middleware/InjectDebugbar.php(65): Illuminate\\Routing\\Pipeline->Illuminate\\Routing\\{closure}(Object(Illuminate\\Http\\Request))
#51 /var/www/morechina/vendor/laravel/framework/src/Illuminate/Pipeline/Pipeline.php(163): Barryvdh\\Debugbar\\Middleware\\InjectDebugbar->handle(Object(Illuminate\\Http\\Request), Object(Closure))
#52 /var/www/morechina/vendor/laravel/framework/src/Illuminate/Routing/Pipeline.php(53): Illuminate\\Pipeline\\Pipeline->Illuminate\\Pipeline\\{closure}(Object(Illuminate\\Http\\Request))
#53 /var/www/morechina/vendor/fideloper/proxy/src/TrustProxies.php(57): Illuminate\\Routing\\Pipeline->Illuminate\\Routing\\{closure}(Object(Illuminate\\Http\\Request))
#54 /var/www/morechina/vendor/laravel/framework/src/Illuminate/Pipeline/Pipeline.php(163): Fideloper\\Proxy\\TrustProxies->handle(Object(Illuminate\\Http\\Request), Object(Closure))
#55 /var/www/morechina/vendor/laravel/framework/src/Illuminate/Routing/Pipeline.php(53): Illuminate\\Pipeline\\Pipeline->Illuminate\\Pipeline\\{closure}(Object(Illuminate\\Http\\Request))
#56 /var/www/morechina/vendor/laravel/framework/src/Illuminate/Foundation/Http/Middleware/TransformsRequest.php(31): Illuminate\\Routing\\Pipeline->Illuminate\\Routing\\{closure}(Object(Illuminate\\Http\\Request))
#57 /var/www/morechina/vendor/laravel/framework/src/Illuminate/Pipeline/Pipeline.php(163): Illuminate\\Foundation\\Http\\Middleware\\TransformsRequest->handle(Object(Illuminate\\Http\\Request), Object(Closure))
#58 /var/www/morechina/vendor/laravel/framework/src/Illuminate/Routing/Pipeline.php(53): Illuminate\\Pipeline\\Pipeline->Illuminate\\Pipeline\\{closure}(Object(Illuminate\\Http\\Request))
#59 /var/www/morechina/vendor/laravel/framework/src/Illuminate/Foundation/Http/Middleware/TransformsRequest.php(31): Illuminate\\Routing\\Pipeline->Illuminate\\Routing\\{closure}(Object(Illuminate\\Http\\Request))
#60 /var/www/morechina/vendor/laravel/framework/src/Illuminate/Pipeline/Pipeline.php(163): Illuminate\\Foundation\\Http\\Middleware\\TransformsRequest->handle(Object(Illuminate\\Http\\Request), Object(Closure))
#61 /var/www/morechina/vendor/laravel/framework/src/Illuminate/Routing/Pipeline.php(53): Illuminate\\Pipeline\\Pipeline->Illuminate\\Pipeline\\{closure}(Object(Illuminate\\Http\\Request))
#62 /var/www/morechina/vendor/laravel/framework/src/Illuminate/Foundation/Http/Middleware/ValidatePostSize.php(27): Illuminate\\Routing\\Pipeline->Illuminate\\Routing\\{closure}(Object(Illuminate\\Http\\Request))
#63 /var/www/morechina/vendor/laravel/framework/src/Illuminate/Pipeline/Pipeline.php(163): Illuminate\\Foundation\\Http\\Middleware\\ValidatePostSize->handle(Object(Illuminate\\Http\\Request), Object(Closure))
#64 /var/www/morechina/vendor/laravel/framework/src/Illuminate/Routing/Pipeline.php(53): Illuminate\\Pipeline\\Pipeline->Illuminate\\Pipeline\\{closure}(Object(Illuminate\\Http\\Request))
#65 /var/www/morechina/vendor/laravel/framework/src/Illuminate/Foundation/Http/Middleware/CheckForMaintenanceMode.php(62): Illuminate\\Routing\\Pipeline->Illuminate\\Routing\\{closure}(Object(Illuminate\\Http\\Request))
#66 /var/www/morechina/vendor/laravel/framework/src/Illuminate/Pipeline/Pipeline.php(163): Illuminate\\Foundation\\Http\\Middleware\\CheckForMaintenanceMode->handle(Object(Illuminate\\Http\\Request), Object(Closure))
#67 /var/www/morechina/vendor/laravel/framework/src/Illuminate/Routing/Pipeline.php(53): Illuminate\\Pipeline\\Pipeline->Illuminate\\Pipeline\\{closure}(Object(Illuminate\\Http\\Request))
#68 /var/www/morechina/vendor/laravel/framework/src/Illuminate/Pipeline/Pipeline.php(104): Illuminate\\Routing\\Pipeline->Illuminate\\Routing\\{closure}(Object(Illuminate\\Http\\Request))
#69 /var/www/morechina/vendor/laravel/framework/src/Illuminate/Foundation/Http/Kernel.php(151): Illuminate\\Pipeline\\Pipeline->then(Object(Closure))
#70 /var/www/morechina/vendor/laravel/framework/src/Illuminate/Foundation/Http/Kernel.php(116): Illuminate\\Foundation\\Http\\Kernel->sendRequestThroughRouter(Object(Illuminate\\Http\\Request))
#71 /var/www/morechina/public/index.php(55): Illuminate\\Foundation\\Http\\Kernel->handle(Object(Illuminate\\Http\\Request))
#72 {main}
"} 
