[2025-07-04 10:02:45] local.ERROR: Undefined index: image (View: /var/www/morechina/resources/views/products/show.blade.php) {"userId":1,"email":"8016@morechina.com.cn","exception":"[object] (ErrorException(code: 0): Undefined index: image (View: /var/www/morechina/resources/views/products/show.blade.php) at /var/www/morechina/app/Models/ProductSku.php:40, ErrorException(code: 0): Undefined index: image at /var/www/morechina/app/Models/ProductSku.php:40)
[stacktrace]
#0 /var/www/morechina/vendor/laravel/framework/src/Illuminate/View/Engines/PhpEngine.php(45): Illuminate\\View\\Engines\\CompilerEngine->handleViewException(Object(ErrorException), 1)
#1 /var/www/morechina/vendor/laravel/framework/src/Illuminate/View/Engines/CompilerEngine.php(59): Illuminate\\View\\Engines\\PhpEngine->evaluatePath('/var/www/morech...', Array)
#2 /var/www/morechina/vendor/laravel/framework/src/Illuminate/View/View.php(142): Illuminate\\View\\Engines\\CompilerEngine->get('/var/www/morech...', Array)
#3 /var/www/morechina/vendor/laravel/framework/src/Illuminate/View/View.php(125): Illuminate\\View\\View->getContents()
#4 /var/www/morechina/vendor/laravel/framework/src/Illuminate/View/View.php(90): Illuminate\\View\\View->renderContents()
#5 /var/www/morechina/vendor/laravel/framework/src/Illuminate/Http/Response.php(42): Illuminate\\View\\View->render()
#6 /var/www/morechina/vendor/symfony/http-foundation/Response.php(202): Illuminate\\Http\\Response->setContent(Object(Illuminate\\View\\View))
#7 /var/www/morechina/vendor/laravel/framework/src/Illuminate/Routing/Router.php(750): Symfony\\Component\\HttpFoundation\\Response->__construct(Object(Illuminate\\View\\View))
#8 /var/www/morechina/vendor/laravel/framework/src/Illuminate/Routing/Router.php(722): Illuminate\\Routing\\Router::toResponse(Object(Illuminate\\Http\\Request), Object(Illuminate\\View\\View))
#9 /var/www/morechina/vendor/laravel/framework/src/Illuminate/Routing/Router.php(682): Illuminate\\Routing\\Router->prepareResponse(Object(Illuminate\\Http\\Request), Object(Illuminate\\View\\View))
#10 /var/www/morechina/vendor/laravel/framework/src/Illuminate/Routing/Pipeline.php(30): Illuminate\\Routing\\Router->Illuminate\\Routing\\{closure}(Object(Illuminate\\Http\\Request))
#11 /var/www/morechina/app/Http/Middleware/EnsureEmailIsVerified.php(26): Illuminate\\Routing\\Pipeline->Illuminate\\Routing\\{closure}(Object(Illuminate\\Http\\Request))
#12 /var/www/morechina/vendor/laravel/framework/src/Illuminate/Pipeline/Pipeline.php(163): App\\Http\\Middleware\\EnsureEmailIsVerified->handle(Object(Illuminate\\Http\\Request), Object(Closure))
#13 /var/www/morechina/vendor/laravel/framework/src/Illuminate/Routing/Pipeline.php(53): Illuminate\\Pipeline\\Pipeline->Illuminate\\Pipeline\\{closure}(Object(Illuminate\\Http\\Request))
#14 /var/www/morechina/vendor/laravel/framework/src/Illuminate/Routing/Middleware/SubstituteBindings.php(41): Illuminate\\Routing\\Pipeline->Illuminate\\Routing\\{closure}(Object(Illuminate\\Http\\Request))
#15 /var/www/morechina/vendor/laravel/framework/src/Illuminate/Pipeline/Pipeline.php(163): Illuminate\\Routing\\Middleware\\SubstituteBindings->handle(Object(Illuminate\\Http\\Request), Object(Closure))
#16 /var/www/morechina/vendor/laravel/framework/src/Illuminate/Routing/Pipeline.php(53): Illuminate\\Pipeline\\Pipeline->Illuminate\\Pipeline\\{closure}(Object(Illuminate\\Http\\Request))
#17 /var/www/morechina/vendor/laravel/framework/src/Illuminate/Foundation/Http/Middleware/VerifyCsrfToken.php(75): Illuminate\\Routing\\Pipeline->Illuminate\\Routing\\{closure}(Object(Illuminate\\Http\\Request))
#18 /var/www/morechina/vendor/laravel/framework/src/Illuminate/Pipeline/Pipeline.php(163): Illuminate\\Foundation\\Http\\Middleware\\VerifyCsrfToken->handle(Object(Illuminate\\Http\\Request), Object(Closure))
#19 /var/www/morechina/vendor/laravel/framework/src/Illuminate/Routing/Pipeline.php(53): Illuminate\\Pipeline\\Pipeline->Illuminate\\Pipeline\\{closure}(Object(Illuminate\\Http\\Request))
#20 /var/www/morechina/vendor/laravel/framework/src/Illuminate/View/Middleware/ShareErrorsFromSession.php(49): Illuminate\\Routing\\Pipeline->Illuminate\\Routing\\{closure}(Object(Illuminate\\Http\\Request))
#21 /var/www/morechina/vendor/laravel/framework/src/Illuminate/Pipeline/Pipeline.php(163): Illuminate\\View\\Middleware\\ShareErrorsFromSession->handle(Object(Illuminate\\Http\\Request), Object(Closure))
#22 /var/www/morechina/vendor/laravel/framework/src/Illuminate/Routing/Pipeline.php(53): Illuminate\\Pipeline\\Pipeline->Illuminate\\Pipeline\\{closure}(Object(Illuminate\\Http\\Request))
#23 /var/www/morechina/vendor/laravel/framework/src/Illuminate/Session/Middleware/StartSession.php(63): Illuminate\\Routing\\Pipeline->Illuminate\\Routing\\{closure}(Object(Illuminate\\Http\\Request))
#24 /var/www/morechina/vendor/laravel/framework/src/Illuminate/Pipeline/Pipeline.php(163): Illuminate\\Session\\Middleware\\StartSession->handle(Object(Illuminate\\Http\\Request), Object(Closure))
#25 /var/www/morechina/vendor/laravel/framework/src/Illuminate/Routing/Pipeline.php(53): Illuminate\\Pipeline\\Pipeline->Illuminate\\Pipeline\\{closure}(Object(Illuminate\\Http\\Request))
#26 /var/www/morechina/vendor/laravel/framework/src/Illuminate/Cookie/Middleware/AddQueuedCookiesToResponse.php(37): Illuminate\\Routing\\Pipeline->Illuminate\\Routing\\{closure}(Object(Illuminate\\Http\\Request))
#27 /var/www/morechina/vendor/laravel/framework/src/Illuminate/Pipeline/Pipeline.php(163): Illuminate\\Cookie\\Middleware\\AddQueuedCookiesToResponse->handle(Object(Illuminate\\Http\\Request), Object(Closure))
#28 /var/www/morechina/vendor/laravel/framework/src/Illuminate/Routing/Pipeline.php(53): Illuminate\\Pipeline\\Pipeline->Illuminate\\Pipeline\\{closure}(Object(Illuminate\\Http\\Request))
#29 /var/www/morechina/vendor/laravel/framework/src/Illuminate/Cookie/Middleware/EncryptCookies.php(66): Illuminate\\Routing\\Pipeline->Illuminate\\Routing\\{closure}(Object(Illuminate\\Http\\Request))
#30 /var/www/morechina/vendor/laravel/framework/src/Illuminate/Pipeline/Pipeline.php(163): Illuminate\\Cookie\\Middleware\\EncryptCookies->handle(Object(Illuminate\\Http\\Request), Object(Closure))
#31 /var/www/morechina/vendor/laravel/framework/src/Illuminate/Routing/Pipeline.php(53): Illuminate\\Pipeline\\Pipeline->Illuminate\\Pipeline\\{closure}(Object(Illuminate\\Http\\Request))
#32 /var/www/morechina/vendor/laravel/framework/src/Illuminate/Pipeline/Pipeline.php(104): Illuminate\\Routing\\Pipeline->Illuminate\\Routing\\{closure}(Object(Illuminate\\Http\\Request))
#33 /var/www/morechina/vendor/laravel/framework/src/Illuminate/Routing/Router.php(684): Illuminate\\Pipeline\\Pipeline->then(Object(Closure))
#34 /var/www/morechina/vendor/laravel/framework/src/Illuminate/Routing/Router.php(659): Illuminate\\Routing\\Router->runRouteWithinStack(Object(Illuminate\\Routing\\Route), Object(Illuminate\\Http\\Request))
#35 /var/www/morechina/vendor/laravel/framework/src/Illuminate/Routing/Router.php(625): Illuminate\\Routing\\Router->runRoute(Object(Illuminate\\Http\\Request), Object(Illuminate\\Routing\\Route))
#36 /var/www/morechina/vendor/laravel/framework/src/Illuminate/Routing/Router.php(614): Illuminate\\Routing\\Router->dispatchToRoute(Object(Illuminate\\Http\\Request))
#37 /var/www/morechina/vendor/laravel/framework/src/Illuminate/Foundation/Http/Kernel.php(176): Illuminate\\Routing\\Router->dispatch(Object(Illuminate\\Http\\Request))
#38 /var/www/morechina/vendor/laravel/framework/src/Illuminate/Routing/Pipeline.php(30): Illuminate\\Foundation\\Http\\Kernel->Illuminate\\Foundation\\Http\\{closure}(Object(Illuminate\\Http\\Request))
#39 /var/www/morechina/vendor/barryvdh/laravel-debugbar/src/Middleware/InjectDebugbar.php(65): Illuminate\\Routing\\Pipeline->Illuminate\\Routing\\{closure}(Object(Illuminate\\Http\\Request))
#40 /var/www/morechina/vendor/laravel/framework/src/Illuminate/Pipeline/Pipeline.php(163): Barryvdh\\Debugbar\\Middleware\\InjectDebugbar->handle(Object(Illuminate\\Http\\Request), Object(Closure))
#41 /var/www/morechina/vendor/laravel/framework/src/Illuminate/Routing/Pipeline.php(53): Illuminate\\Pipeline\\Pipeline->Illuminate\\Pipeline\\{closure}(Object(Illuminate\\Http\\Request))
#42 /var/www/morechina/vendor/fideloper/proxy/src/TrustProxies.php(57): Illuminate\\Routing\\Pipeline->Illuminate\\Routing\\{closure}(Object(Illuminate\\Http\\Request))
#43 /var/www/morechina/vendor/laravel/framework/src/Illuminate/Pipeline/Pipeline.php(163): Fideloper\\Proxy\\TrustProxies->handle(Object(Illuminate\\Http\\Request), Object(Closure))
#44 /var/www/morechina/vendor/laravel/framework/src/Illuminate/Routing/Pipeline.php(53): Illuminate\\Pipeline\\Pipeline->Illuminate\\Pipeline\\{closure}(Object(Illuminate\\Http\\Request))
#45 /var/www/morechina/vendor/laravel/framework/src/Illuminate/Foundation/Http/Middleware/TransformsRequest.php(31): Illuminate\\Routing\\Pipeline->Illuminate\\Routing\\{closure}(Object(Illuminate\\Http\\Request))
#46 /var/www/morechina/vendor/laravel/framework/src/Illuminate/Pipeline/Pipeline.php(163): Illuminate\\Foundation\\Http\\Middleware\\TransformsRequest->handle(Object(Illuminate\\Http\\Request), Object(Closure))
#47 /var/www/morechina/vendor/laravel/framework/src/Illuminate/Routing/Pipeline.php(53): Illuminate\\Pipeline\\Pipeline->Illuminate\\Pipeline\\{closure}(Object(Illuminate\\Http\\Request))
#48 /var/www/morechina/vendor/laravel/framework/src/Illuminate/Foundation/Http/Middleware/TransformsRequest.php(31): Illuminate\\Routing\\Pipeline->Illuminate\\Routing\\{closure}(Object(Illuminate\\Http\\Request))
#49 /var/www/morechina/vendor/laravel/framework/src/Illuminate/Pipeline/Pipeline.php(163): Illuminate\\Foundation\\Http\\Middleware\\TransformsRequest->handle(Object(Illuminate\\Http\\Request), Object(Closure))
#50 /var/www/morechina/vendor/laravel/framework/src/Illuminate/Routing/Pipeline.php(53): Illuminate\\Pipeline\\Pipeline->Illuminate\\Pipeline\\{closure}(Object(Illuminate\\Http\\Request))
#51 /var/www/morechina/vendor/laravel/framework/src/Illuminate/Foundation/Http/Middleware/ValidatePostSize.php(27): Illuminate\\Routing\\Pipeline->Illuminate\\Routing\\{closure}(Object(Illuminate\\Http\\Request))
#52 /var/www/morechina/vendor/laravel/framework/src/Illuminate/Pipeline/Pipeline.php(163): Illuminate\\Foundation\\Http\\Middleware\\ValidatePostSize->handle(Object(Illuminate\\Http\\Request), Object(Closure))
#53 /var/www/morechina/vendor/laravel/framework/src/Illuminate/Routing/Pipeline.php(53): Illuminate\\Pipeline\\Pipeline->Illuminate\\Pipeline\\{closure}(Object(Illuminate\\Http\\Request))
#54 /var/www/morechina/vendor/laravel/framework/src/Illuminate/Foundation/Http/Middleware/CheckForMaintenanceMode.php(62): Illuminate\\Routing\\Pipeline->Illuminate\\Routing\\{closure}(Object(Illuminate\\Http\\Request))
#55 /var/www/morechina/vendor/laravel/framework/src/Illuminate/Pipeline/Pipeline.php(163): Illuminate\\Foundation\\Http\\Middleware\\CheckForMaintenanceMode->handle(Object(Illuminate\\Http\\Request), Object(Closure))
#56 /var/www/morechina/vendor/laravel/framework/src/Illuminate/Routing/Pipeline.php(53): Illuminate\\Pipeline\\Pipeline->Illuminate\\Pipeline\\{closure}(Object(Illuminate\\Http\\Request))
#57 /var/www/morechina/vendor/laravel/framework/src/Illuminate/Pipeline/Pipeline.php(104): Illuminate\\Routing\\Pipeline->Illuminate\\Routing\\{closure}(Object(Illuminate\\Http\\Request))
#58 /var/www/morechina/vendor/laravel/framework/src/Illuminate/Foundation/Http/Kernel.php(151): Illuminate\\Pipeline\\Pipeline->then(Object(Closure))
#59 /var/www/morechina/vendor/laravel/framework/src/Illuminate/Foundation/Http/Kernel.php(116): Illuminate\\Foundation\\Http\\Kernel->sendRequestThroughRouter(Object(Illuminate\\Http\\Request))
#60 /var/www/morechina/public/index.php(55): Illuminate\\Foundation\\Http\\Kernel->handle(Object(Illuminate\\Http\\Request))
#61 {main}
"} 
[2025-07-04 10:03:32] local.ERROR: Undefined index: image (View: /var/www/morechina/resources/views/products/show.blade.php) {"userId":1,"email":"8016@morechina.com.cn","exception":"[object] (ErrorException(code: 0): Undefined index: image (View: /var/www/morechina/resources/views/products/show.blade.php) at /var/www/morechina/app/Models/ProductSku.php:40, ErrorException(code: 0): Undefined index: image at /var/www/morechina/app/Models/ProductSku.php:40)
[stacktrace]
#0 /var/www/morechina/vendor/laravel/framework/src/Illuminate/View/Engines/PhpEngine.php(45): Illuminate\\View\\Engines\\CompilerEngine->handleViewException(Object(ErrorException), 1)
#1 /var/www/morechina/vendor/laravel/framework/src/Illuminate/View/Engines/CompilerEngine.php(59): Illuminate\\View\\Engines\\PhpEngine->evaluatePath('/var/www/morech...', Array)
#2 /var/www/morechina/vendor/laravel/framework/src/Illuminate/View/View.php(142): Illuminate\\View\\Engines\\CompilerEngine->get('/var/www/morech...', Array)
#3 /var/www/morechina/vendor/laravel/framework/src/Illuminate/View/View.php(125): Illuminate\\View\\View->getContents()
#4 /var/www/morechina/vendor/laravel/framework/src/Illuminate/View/View.php(90): Illuminate\\View\\View->renderContents()
#5 /var/www/morechina/vendor/laravel/framework/src/Illuminate/Http/Response.php(42): Illuminate\\View\\View->render()
#6 /var/www/morechina/vendor/symfony/http-foundation/Response.php(202): Illuminate\\Http\\Response->setContent(Object(Illuminate\\View\\View))
#7 /var/www/morechina/vendor/laravel/framework/src/Illuminate/Routing/Router.php(750): Symfony\\Component\\HttpFoundation\\Response->__construct(Object(Illuminate\\View\\View))
#8 /var/www/morechina/vendor/laravel/framework/src/Illuminate/Routing/Router.php(722): Illuminate\\Routing\\Router::toResponse(Object(Illuminate\\Http\\Request), Object(Illuminate\\View\\View))
#9 /var/www/morechina/vendor/laravel/framework/src/Illuminate/Routing/Router.php(682): Illuminate\\Routing\\Router->prepareResponse(Object(Illuminate\\Http\\Request), Object(Illuminate\\View\\View))
#10 /var/www/morechina/vendor/laravel/framework/src/Illuminate/Routing/Pipeline.php(30): Illuminate\\Routing\\Router->Illuminate\\Routing\\{closure}(Object(Illuminate\\Http\\Request))
#11 /var/www/morechina/app/Http/Middleware/EnsureEmailIsVerified.php(26): Illuminate\\Routing\\Pipeline->Illuminate\\Routing\\{closure}(Object(Illuminate\\Http\\Request))
#12 /var/www/morechina/vendor/laravel/framework/src/Illuminate/Pipeline/Pipeline.php(163): App\\Http\\Middleware\\EnsureEmailIsVerified->handle(Object(Illuminate\\Http\\Request), Object(Closure))
#13 /var/www/morechina/vendor/laravel/framework/src/Illuminate/Routing/Pipeline.php(53): Illuminate\\Pipeline\\Pipeline->Illuminate\\Pipeline\\{closure}(Object(Illuminate\\Http\\Request))
#14 /var/www/morechina/vendor/laravel/framework/src/Illuminate/Routing/Middleware/SubstituteBindings.php(41): Illuminate\\Routing\\Pipeline->Illuminate\\Routing\\{closure}(Object(Illuminate\\Http\\Request))
#15 /var/www/morechina/vendor/laravel/framework/src/Illuminate/Pipeline/Pipeline.php(163): Illuminate\\Routing\\Middleware\\SubstituteBindings->handle(Object(Illuminate\\Http\\Request), Object(Closure))
#16 /var/www/morechina/vendor/laravel/framework/src/Illuminate/Routing/Pipeline.php(53): Illuminate\\Pipeline\\Pipeline->Illuminate\\Pipeline\\{closure}(Object(Illuminate\\Http\\Request))
#17 /var/www/morechina/vendor/laravel/framework/src/Illuminate/Foundation/Http/Middleware/VerifyCsrfToken.php(75): Illuminate\\Routing\\Pipeline->Illuminate\\Routing\\{closure}(Object(Illuminate\\Http\\Request))
#18 /var/www/morechina/vendor/laravel/framework/src/Illuminate/Pipeline/Pipeline.php(163): Illuminate\\Foundation\\Http\\Middleware\\VerifyCsrfToken->handle(Object(Illuminate\\Http\\Request), Object(Closure))
#19 /var/www/morechina/vendor/laravel/framework/src/Illuminate/Routing/Pipeline.php(53): Illuminate\\Pipeline\\Pipeline->Illuminate\\Pipeline\\{closure}(Object(Illuminate\\Http\\Request))
#20 /var/www/morechina/vendor/laravel/framework/src/Illuminate/View/Middleware/ShareErrorsFromSession.php(49): Illuminate\\Routing\\Pipeline->Illuminate\\Routing\\{closure}(Object(Illuminate\\Http\\Request))
#21 /var/www/morechina/vendor/laravel/framework/src/Illuminate/Pipeline/Pipeline.php(163): Illuminate\\View\\Middleware\\ShareErrorsFromSession->handle(Object(Illuminate\\Http\\Request), Object(Closure))
#22 /var/www/morechina/vendor/laravel/framework/src/Illuminate/Routing/Pipeline.php(53): Illuminate\\Pipeline\\Pipeline->Illuminate\\Pipeline\\{closure}(Object(Illuminate\\Http\\Request))
#23 /var/www/morechina/vendor/laravel/framework/src/Illuminate/Session/Middleware/StartSession.php(63): Illuminate\\Routing\\Pipeline->Illuminate\\Routing\\{closure}(Object(Illuminate\\Http\\Request))
#24 /var/www/morechina/vendor/laravel/framework/src/Illuminate/Pipeline/Pipeline.php(163): Illuminate\\Session\\Middleware\\StartSession->handle(Object(Illuminate\\Http\\Request), Object(Closure))
#25 /var/www/morechina/vendor/laravel/framework/src/Illuminate/Routing/Pipeline.php(53): Illuminate\\Pipeline\\Pipeline->Illuminate\\Pipeline\\{closure}(Object(Illuminate\\Http\\Request))
#26 /var/www/morechina/vendor/laravel/framework/src/Illuminate/Cookie/Middleware/AddQueuedCookiesToResponse.php(37): Illuminate\\Routing\\Pipeline->Illuminate\\Routing\\{closure}(Object(Illuminate\\Http\\Request))
#27 /var/www/morechina/vendor/laravel/framework/src/Illuminate/Pipeline/Pipeline.php(163): Illuminate\\Cookie\\Middleware\\AddQueuedCookiesToResponse->handle(Object(Illuminate\\Http\\Request), Object(Closure))
#28 /var/www/morechina/vendor/laravel/framework/src/Illuminate/Routing/Pipeline.php(53): Illuminate\\Pipeline\\Pipeline->Illuminate\\Pipeline\\{closure}(Object(Illuminate\\Http\\Request))
#29 /var/www/morechina/vendor/laravel/framework/src/Illuminate/Cookie/Middleware/EncryptCookies.php(66): Illuminate\\Routing\\Pipeline->Illuminate\\Routing\\{closure}(Object(Illuminate\\Http\\Request))
#30 /var/www/morechina/vendor/laravel/framework/src/Illuminate/Pipeline/Pipeline.php(163): Illuminate\\Cookie\\Middleware\\EncryptCookies->handle(Object(Illuminate\\Http\\Request), Object(Closure))
#31 /var/www/morechina/vendor/laravel/framework/src/Illuminate/Routing/Pipeline.php(53): Illuminate\\Pipeline\\Pipeline->Illuminate\\Pipeline\\{closure}(Object(Illuminate\\Http\\Request))
#32 /var/www/morechina/vendor/laravel/framework/src/Illuminate/Pipeline/Pipeline.php(104): Illuminate\\Routing\\Pipeline->Illuminate\\Routing\\{closure}(Object(Illuminate\\Http\\Request))
#33 /var/www/morechina/vendor/laravel/framework/src/Illuminate/Routing/Router.php(684): Illuminate\\Pipeline\\Pipeline->then(Object(Closure))
#34 /var/www/morechina/vendor/laravel/framework/src/Illuminate/Routing/Router.php(659): Illuminate\\Routing\\Router->runRouteWithinStack(Object(Illuminate\\Routing\\Route), Object(Illuminate\\Http\\Request))
#35 /var/www/morechina/vendor/laravel/framework/src/Illuminate/Routing/Router.php(625): Illuminate\\Routing\\Router->runRoute(Object(Illuminate\\Http\\Request), Object(Illuminate\\Routing\\Route))
#36 /var/www/morechina/vendor/laravel/framework/src/Illuminate/Routing/Router.php(614): Illuminate\\Routing\\Router->dispatchToRoute(Object(Illuminate\\Http\\Request))
#37 /var/www/morechina/vendor/laravel/framework/src/Illuminate/Foundation/Http/Kernel.php(176): Illuminate\\Routing\\Router->dispatch(Object(Illuminate\\Http\\Request))
#38 /var/www/morechina/vendor/laravel/framework/src/Illuminate/Routing/Pipeline.php(30): Illuminate\\Foundation\\Http\\Kernel->Illuminate\\Foundation\\Http\\{closure}(Object(Illuminate\\Http\\Request))
#39 /var/www/morechina/vendor/barryvdh/laravel-debugbar/src/Middleware/InjectDebugbar.php(65): Illuminate\\Routing\\Pipeline->Illuminate\\Routing\\{closure}(Object(Illuminate\\Http\\Request))
#40 /var/www/morechina/vendor/laravel/framework/src/Illuminate/Pipeline/Pipeline.php(163): Barryvdh\\Debugbar\\Middleware\\InjectDebugbar->handle(Object(Illuminate\\Http\\Request), Object(Closure))
#41 /var/www/morechina/vendor/laravel/framework/src/Illuminate/Routing/Pipeline.php(53): Illuminate\\Pipeline\\Pipeline->Illuminate\\Pipeline\\{closure}(Object(Illuminate\\Http\\Request))
#42 /var/www/morechina/vendor/fideloper/proxy/src/TrustProxies.php(57): Illuminate\\Routing\\Pipeline->Illuminate\\Routing\\{closure}(Object(Illuminate\\Http\\Request))
#43 /var/www/morechina/vendor/laravel/framework/src/Illuminate/Pipeline/Pipeline.php(163): Fideloper\\Proxy\\TrustProxies->handle(Object(Illuminate\\Http\\Request), Object(Closure))
#44 /var/www/morechina/vendor/laravel/framework/src/Illuminate/Routing/Pipeline.php(53): Illuminate\\Pipeline\\Pipeline->Illuminate\\Pipeline\\{closure}(Object(Illuminate\\Http\\Request))
#45 /var/www/morechina/vendor/laravel/framework/src/Illuminate/Foundation/Http/Middleware/TransformsRequest.php(31): Illuminate\\Routing\\Pipeline->Illuminate\\Routing\\{closure}(Object(Illuminate\\Http\\Request))
#46 /var/www/morechina/vendor/laravel/framework/src/Illuminate/Pipeline/Pipeline.php(163): Illuminate\\Foundation\\Http\\Middleware\\TransformsRequest->handle(Object(Illuminate\\Http\\Request), Object(Closure))
#47 /var/www/morechina/vendor/laravel/framework/src/Illuminate/Routing/Pipeline.php(53): Illuminate\\Pipeline\\Pipeline->Illuminate\\Pipeline\\{closure}(Object(Illuminate\\Http\\Request))
#48 /var/www/morechina/vendor/laravel/framework/src/Illuminate/Foundation/Http/Middleware/TransformsRequest.php(31): Illuminate\\Routing\\Pipeline->Illuminate\\Routing\\{closure}(Object(Illuminate\\Http\\Request))
#49 /var/www/morechina/vendor/laravel/framework/src/Illuminate/Pipeline/Pipeline.php(163): Illuminate\\Foundation\\Http\\Middleware\\TransformsRequest->handle(Object(Illuminate\\Http\\Request), Object(Closure))
#50 /var/www/morechina/vendor/laravel/framework/src/Illuminate/Routing/Pipeline.php(53): Illuminate\\Pipeline\\Pipeline->Illuminate\\Pipeline\\{closure}(Object(Illuminate\\Http\\Request))
#51 /var/www/morechina/vendor/laravel/framework/src/Illuminate/Foundation/Http/Middleware/ValidatePostSize.php(27): Illuminate\\Routing\\Pipeline->Illuminate\\Routing\\{closure}(Object(Illuminate\\Http\\Request))
#52 /var/www/morechina/vendor/laravel/framework/src/Illuminate/Pipeline/Pipeline.php(163): Illuminate\\Foundation\\Http\\Middleware\\ValidatePostSize->handle(Object(Illuminate\\Http\\Request), Object(Closure))
#53 /var/www/morechina/vendor/laravel/framework/src/Illuminate/Routing/Pipeline.php(53): Illuminate\\Pipeline\\Pipeline->Illuminate\\Pipeline\\{closure}(Object(Illuminate\\Http\\Request))
#54 /var/www/morechina/vendor/laravel/framework/src/Illuminate/Foundation/Http/Middleware/CheckForMaintenanceMode.php(62): Illuminate\\Routing\\Pipeline->Illuminate\\Routing\\{closure}(Object(Illuminate\\Http\\Request))
#55 /var/www/morechina/vendor/laravel/framework/src/Illuminate/Pipeline/Pipeline.php(163): Illuminate\\Foundation\\Http\\Middleware\\CheckForMaintenanceMode->handle(Object(Illuminate\\Http\\Request), Object(Closure))
#56 /var/www/morechina/vendor/laravel/framework/src/Illuminate/Routing/Pipeline.php(53): Illuminate\\Pipeline\\Pipeline->Illuminate\\Pipeline\\{closure}(Object(Illuminate\\Http\\Request))
#57 /var/www/morechina/vendor/laravel/framework/src/Illuminate/Pipeline/Pipeline.php(104): Illuminate\\Routing\\Pipeline->Illuminate\\Routing\\{closure}(Object(Illuminate\\Http\\Request))
#58 /var/www/morechina/vendor/laravel/framework/src/Illuminate/Foundation/Http/Kernel.php(151): Illuminate\\Pipeline\\Pipeline->then(Object(Closure))
#59 /var/www/morechina/vendor/laravel/framework/src/Illuminate/Foundation/Http/Kernel.php(116): Illuminate\\Foundation\\Http\\Kernel->sendRequestThroughRouter(Object(Illuminate\\Http\\Request))
#60 /var/www/morechina/public/index.php(55): Illuminate\\Foundation\\Http\\Kernel->handle(Object(Illuminate\\Http\\Request))
#61 {main}
"} 
[2025-07-04 10:03:36] local.ERROR: Undefined index: image (View: /var/www/morechina/resources/views/products/show.blade.php) {"userId":1,"email":"8016@morechina.com.cn","exception":"[object] (ErrorException(code: 0): Undefined index: image (View: /var/www/morechina/resources/views/products/show.blade.php) at /var/www/morechina/app/Models/ProductSku.php:40, ErrorException(code: 0): Undefined index: image at /var/www/morechina/app/Models/ProductSku.php:40)
[stacktrace]
#0 /var/www/morechina/vendor/laravel/framework/src/Illuminate/View/Engines/PhpEngine.php(45): Illuminate\\View\\Engines\\CompilerEngine->handleViewException(Object(ErrorException), 1)
#1 /var/www/morechina/vendor/laravel/framework/src/Illuminate/View/Engines/CompilerEngine.php(59): Illuminate\\View\\Engines\\PhpEngine->evaluatePath('/var/www/morech...', Array)
#2 /var/www/morechina/vendor/laravel/framework/src/Illuminate/View/View.php(142): Illuminate\\View\\Engines\\CompilerEngine->get('/var/www/morech...', Array)
#3 /var/www/morechina/vendor/laravel/framework/src/Illuminate/View/View.php(125): Illuminate\\View\\View->getContents()
#4 /var/www/morechina/vendor/laravel/framework/src/Illuminate/View/View.php(90): Illuminate\\View\\View->renderContents()
#5 /var/www/morechina/vendor/laravel/framework/src/Illuminate/Http/Response.php(42): Illuminate\\View\\View->render()
#6 /var/www/morechina/vendor/symfony/http-foundation/Response.php(202): Illuminate\\Http\\Response->setContent(Object(Illuminate\\View\\View))
#7 /var/www/morechina/vendor/laravel/framework/src/Illuminate/Routing/Router.php(750): Symfony\\Component\\HttpFoundation\\Response->__construct(Object(Illuminate\\View\\View))
#8 /var/www/morechina/vendor/laravel/framework/src/Illuminate/Routing/Router.php(722): Illuminate\\Routing\\Router::toResponse(Object(Illuminate\\Http\\Request), Object(Illuminate\\View\\View))
#9 /var/www/morechina/vendor/laravel/framework/src/Illuminate/Routing/Router.php(682): Illuminate\\Routing\\Router->prepareResponse(Object(Illuminate\\Http\\Request), Object(Illuminate\\View\\View))
#10 /var/www/morechina/vendor/laravel/framework/src/Illuminate/Routing/Pipeline.php(30): Illuminate\\Routing\\Router->Illuminate\\Routing\\{closure}(Object(Illuminate\\Http\\Request))
#11 /var/www/morechina/app/Http/Middleware/EnsureEmailIsVerified.php(26): Illuminate\\Routing\\Pipeline->Illuminate\\Routing\\{closure}(Object(Illuminate\\Http\\Request))
#12 /var/www/morechina/vendor/laravel/framework/src/Illuminate/Pipeline/Pipeline.php(163): App\\Http\\Middleware\\EnsureEmailIsVerified->handle(Object(Illuminate\\Http\\Request), Object(Closure))
#13 /var/www/morechina/vendor/laravel/framework/src/Illuminate/Routing/Pipeline.php(53): Illuminate\\Pipeline\\Pipeline->Illuminate\\Pipeline\\{closure}(Object(Illuminate\\Http\\Request))
#14 /var/www/morechina/vendor/laravel/framework/src/Illuminate/Routing/Middleware/SubstituteBindings.php(41): Illuminate\\Routing\\Pipeline->Illuminate\\Routing\\{closure}(Object(Illuminate\\Http\\Request))
#15 /var/www/morechina/vendor/laravel/framework/src/Illuminate/Pipeline/Pipeline.php(163): Illuminate\\Routing\\Middleware\\SubstituteBindings->handle(Object(Illuminate\\Http\\Request), Object(Closure))
#16 /var/www/morechina/vendor/laravel/framework/src/Illuminate/Routing/Pipeline.php(53): Illuminate\\Pipeline\\Pipeline->Illuminate\\Pipeline\\{closure}(Object(Illuminate\\Http\\Request))
#17 /var/www/morechina/vendor/laravel/framework/src/Illuminate/Foundation/Http/Middleware/VerifyCsrfToken.php(75): Illuminate\\Routing\\Pipeline->Illuminate\\Routing\\{closure}(Object(Illuminate\\Http\\Request))
#18 /var/www/morechina/vendor/laravel/framework/src/Illuminate/Pipeline/Pipeline.php(163): Illuminate\\Foundation\\Http\\Middleware\\VerifyCsrfToken->handle(Object(Illuminate\\Http\\Request), Object(Closure))
#19 /var/www/morechina/vendor/laravel/framework/src/Illuminate/Routing/Pipeline.php(53): Illuminate\\Pipeline\\Pipeline->Illuminate\\Pipeline\\{closure}(Object(Illuminate\\Http\\Request))
#20 /var/www/morechina/vendor/laravel/framework/src/Illuminate/View/Middleware/ShareErrorsFromSession.php(49): Illuminate\\Routing\\Pipeline->Illuminate\\Routing\\{closure}(Object(Illuminate\\Http\\Request))
#21 /var/www/morechina/vendor/laravel/framework/src/Illuminate/Pipeline/Pipeline.php(163): Illuminate\\View\\Middleware\\ShareErrorsFromSession->handle(Object(Illuminate\\Http\\Request), Object(Closure))
#22 /var/www/morechina/vendor/laravel/framework/src/Illuminate/Routing/Pipeline.php(53): Illuminate\\Pipeline\\Pipeline->Illuminate\\Pipeline\\{closure}(Object(Illuminate\\Http\\Request))
#23 /var/www/morechina/vendor/laravel/framework/src/Illuminate/Session/Middleware/StartSession.php(63): Illuminate\\Routing\\Pipeline->Illuminate\\Routing\\{closure}(Object(Illuminate\\Http\\Request))
#24 /var/www/morechina/vendor/laravel/framework/src/Illuminate/Pipeline/Pipeline.php(163): Illuminate\\Session\\Middleware\\StartSession->handle(Object(Illuminate\\Http\\Request), Object(Closure))
#25 /var/www/morechina/vendor/laravel/framework/src/Illuminate/Routing/Pipeline.php(53): Illuminate\\Pipeline\\Pipeline->Illuminate\\Pipeline\\{closure}(Object(Illuminate\\Http\\Request))
#26 /var/www/morechina/vendor/laravel/framework/src/Illuminate/Cookie/Middleware/AddQueuedCookiesToResponse.php(37): Illuminate\\Routing\\Pipeline->Illuminate\\Routing\\{closure}(Object(Illuminate\\Http\\Request))
#27 /var/www/morechina/vendor/laravel/framework/src/Illuminate/Pipeline/Pipeline.php(163): Illuminate\\Cookie\\Middleware\\AddQueuedCookiesToResponse->handle(Object(Illuminate\\Http\\Request), Object(Closure))
#28 /var/www/morechina/vendor/laravel/framework/src/Illuminate/Routing/Pipeline.php(53): Illuminate\\Pipeline\\Pipeline->Illuminate\\Pipeline\\{closure}(Object(Illuminate\\Http\\Request))
#29 /var/www/morechina/vendor/laravel/framework/src/Illuminate/Cookie/Middleware/EncryptCookies.php(66): Illuminate\\Routing\\Pipeline->Illuminate\\Routing\\{closure}(Object(Illuminate\\Http\\Request))
#30 /var/www/morechina/vendor/laravel/framework/src/Illuminate/Pipeline/Pipeline.php(163): Illuminate\\Cookie\\Middleware\\EncryptCookies->handle(Object(Illuminate\\Http\\Request), Object(Closure))
#31 /var/www/morechina/vendor/laravel/framework/src/Illuminate/Routing/Pipeline.php(53): Illuminate\\Pipeline\\Pipeline->Illuminate\\Pipeline\\{closure}(Object(Illuminate\\Http\\Request))
#32 /var/www/morechina/vendor/laravel/framework/src/Illuminate/Pipeline/Pipeline.php(104): Illuminate\\Routing\\Pipeline->Illuminate\\Routing\\{closure}(Object(Illuminate\\Http\\Request))
#33 /var/www/morechina/vendor/laravel/framework/src/Illuminate/Routing/Router.php(684): Illuminate\\Pipeline\\Pipeline->then(Object(Closure))
#34 /var/www/morechina/vendor/laravel/framework/src/Illuminate/Routing/Router.php(659): Illuminate\\Routing\\Router->runRouteWithinStack(Object(Illuminate\\Routing\\Route), Object(Illuminate\\Http\\Request))
#35 /var/www/morechina/vendor/laravel/framework/src/Illuminate/Routing/Router.php(625): Illuminate\\Routing\\Router->runRoute(Object(Illuminate\\Http\\Request), Object(Illuminate\\Routing\\Route))
#36 /var/www/morechina/vendor/laravel/framework/src/Illuminate/Routing/Router.php(614): Illuminate\\Routing\\Router->dispatchToRoute(Object(Illuminate\\Http\\Request))
#37 /var/www/morechina/vendor/laravel/framework/src/Illuminate/Foundation/Http/Kernel.php(176): Illuminate\\Routing\\Router->dispatch(Object(Illuminate\\Http\\Request))
#38 /var/www/morechina/vendor/laravel/framework/src/Illuminate/Routing/Pipeline.php(30): Illuminate\\Foundation\\Http\\Kernel->Illuminate\\Foundation\\Http\\{closure}(Object(Illuminate\\Http\\Request))
#39 /var/www/morechina/vendor/barryvdh/laravel-debugbar/src/Middleware/InjectDebugbar.php(65): Illuminate\\Routing\\Pipeline->Illuminate\\Routing\\{closure}(Object(Illuminate\\Http\\Request))
#40 /var/www/morechina/vendor/laravel/framework/src/Illuminate/Pipeline/Pipeline.php(163): Barryvdh\\Debugbar\\Middleware\\InjectDebugbar->handle(Object(Illuminate\\Http\\Request), Object(Closure))
#41 /var/www/morechina/vendor/laravel/framework/src/Illuminate/Routing/Pipeline.php(53): Illuminate\\Pipeline\\Pipeline->Illuminate\\Pipeline\\{closure}(Object(Illuminate\\Http\\Request))
#42 /var/www/morechina/vendor/fideloper/proxy/src/TrustProxies.php(57): Illuminate\\Routing\\Pipeline->Illuminate\\Routing\\{closure}(Object(Illuminate\\Http\\Request))
#43 /var/www/morechina/vendor/laravel/framework/src/Illuminate/Pipeline/Pipeline.php(163): Fideloper\\Proxy\\TrustProxies->handle(Object(Illuminate\\Http\\Request), Object(Closure))
#44 /var/www/morechina/vendor/laravel/framework/src/Illuminate/Routing/Pipeline.php(53): Illuminate\\Pipeline\\Pipeline->Illuminate\\Pipeline\\{closure}(Object(Illuminate\\Http\\Request))
#45 /var/www/morechina/vendor/laravel/framework/src/Illuminate/Foundation/Http/Middleware/TransformsRequest.php(31): Illuminate\\Routing\\Pipeline->Illuminate\\Routing\\{closure}(Object(Illuminate\\Http\\Request))
#46 /var/www/morechina/vendor/laravel/framework/src/Illuminate/Pipeline/Pipeline.php(163): Illuminate\\Foundation\\Http\\Middleware\\TransformsRequest->handle(Object(Illuminate\\Http\\Request), Object(Closure))
#47 /var/www/morechina/vendor/laravel/framework/src/Illuminate/Routing/Pipeline.php(53): Illuminate\\Pipeline\\Pipeline->Illuminate\\Pipeline\\{closure}(Object(Illuminate\\Http\\Request))
#48 /var/www/morechina/vendor/laravel/framework/src/Illuminate/Foundation/Http/Middleware/TransformsRequest.php(31): Illuminate\\Routing\\Pipeline->Illuminate\\Routing\\{closure}(Object(Illuminate\\Http\\Request))
#49 /var/www/morechina/vendor/laravel/framework/src/Illuminate/Pipeline/Pipeline.php(163): Illuminate\\Foundation\\Http\\Middleware\\TransformsRequest->handle(Object(Illuminate\\Http\\Request), Object(Closure))
#50 /var/www/morechina/vendor/laravel/framework/src/Illuminate/Routing/Pipeline.php(53): Illuminate\\Pipeline\\Pipeline->Illuminate\\Pipeline\\{closure}(Object(Illuminate\\Http\\Request))
#51 /var/www/morechina/vendor/laravel/framework/src/Illuminate/Foundation/Http/Middleware/ValidatePostSize.php(27): Illuminate\\Routing\\Pipeline->Illuminate\\Routing\\{closure}(Object(Illuminate\\Http\\Request))
#52 /var/www/morechina/vendor/laravel/framework/src/Illuminate/Pipeline/Pipeline.php(163): Illuminate\\Foundation\\Http\\Middleware\\ValidatePostSize->handle(Object(Illuminate\\Http\\Request), Object(Closure))
#53 /var/www/morechina/vendor/laravel/framework/src/Illuminate/Routing/Pipeline.php(53): Illuminate\\Pipeline\\Pipeline->Illuminate\\Pipeline\\{closure}(Object(Illuminate\\Http\\Request))
#54 /var/www/morechina/vendor/laravel/framework/src/Illuminate/Foundation/Http/Middleware/CheckForMaintenanceMode.php(62): Illuminate\\Routing\\Pipeline->Illuminate\\Routing\\{closure}(Object(Illuminate\\Http\\Request))
#55 /var/www/morechina/vendor/laravel/framework/src/Illuminate/Pipeline/Pipeline.php(163): Illuminate\\Foundation\\Http\\Middleware\\CheckForMaintenanceMode->handle(Object(Illuminate\\Http\\Request), Object(Closure))
#56 /var/www/morechina/vendor/laravel/framework/src/Illuminate/Routing/Pipeline.php(53): Illuminate\\Pipeline\\Pipeline->Illuminate\\Pipeline\\{closure}(Object(Illuminate\\Http\\Request))
#57 /var/www/morechina/vendor/laravel/framework/src/Illuminate/Pipeline/Pipeline.php(104): Illuminate\\Routing\\Pipeline->Illuminate\\Routing\\{closure}(Object(Illuminate\\Http\\Request))
#58 /var/www/morechina/vendor/laravel/framework/src/Illuminate/Foundation/Http/Kernel.php(151): Illuminate\\Pipeline\\Pipeline->then(Object(Closure))
#59 /var/www/morechina/vendor/laravel/framework/src/Illuminate/Foundation/Http/Kernel.php(116): Illuminate\\Foundation\\Http\\Kernel->sendRequestThroughRouter(Object(Illuminate\\Http\\Request))
#60 /var/www/morechina/public/index.php(55): Illuminate\\Foundation\\Http\\Kernel->handle(Object(Illuminate\\Http\\Request))
#61 {main}
"} 
[2025-07-04 10:03:49] local.ERROR: Undefined index: image (View: /var/www/morechina/resources/views/products/show.blade.php) {"userId":1,"email":"8016@morechina.com.cn","exception":"[object] (ErrorException(code: 0): Undefined index: image (View: /var/www/morechina/resources/views/products/show.blade.php) at /var/www/morechina/app/Models/ProductSku.php:40, ErrorException(code: 0): Undefined index: image at /var/www/morechina/app/Models/ProductSku.php:40)
[stacktrace]
#0 /var/www/morechina/vendor/laravel/framework/src/Illuminate/View/Engines/PhpEngine.php(45): Illuminate\\View\\Engines\\CompilerEngine->handleViewException(Object(ErrorException), 1)
#1 /var/www/morechina/vendor/laravel/framework/src/Illuminate/View/Engines/CompilerEngine.php(59): Illuminate\\View\\Engines\\PhpEngine->evaluatePath('/var/www/morech...', Array)
#2 /var/www/morechina/vendor/laravel/framework/src/Illuminate/View/View.php(142): Illuminate\\View\\Engines\\CompilerEngine->get('/var/www/morech...', Array)
#3 /var/www/morechina/vendor/laravel/framework/src/Illuminate/View/View.php(125): Illuminate\\View\\View->getContents()
#4 /var/www/morechina/vendor/laravel/framework/src/Illuminate/View/View.php(90): Illuminate\\View\\View->renderContents()
#5 /var/www/morechina/vendor/laravel/framework/src/Illuminate/Http/Response.php(42): Illuminate\\View\\View->render()
#6 /var/www/morechina/vendor/symfony/http-foundation/Response.php(202): Illuminate\\Http\\Response->setContent(Object(Illuminate\\View\\View))
#7 /var/www/morechina/vendor/laravel/framework/src/Illuminate/Routing/Router.php(750): Symfony\\Component\\HttpFoundation\\Response->__construct(Object(Illuminate\\View\\View))
#8 /var/www/morechina/vendor/laravel/framework/src/Illuminate/Routing/Router.php(722): Illuminate\\Routing\\Router::toResponse(Object(Illuminate\\Http\\Request), Object(Illuminate\\View\\View))
#9 /var/www/morechina/vendor/laravel/framework/src/Illuminate/Routing/Router.php(682): Illuminate\\Routing\\Router->prepareResponse(Object(Illuminate\\Http\\Request), Object(Illuminate\\View\\View))
#10 /var/www/morechina/vendor/laravel/framework/src/Illuminate/Routing/Pipeline.php(30): Illuminate\\Routing\\Router->Illuminate\\Routing\\{closure}(Object(Illuminate\\Http\\Request))
#11 /var/www/morechina/app/Http/Middleware/EnsureEmailIsVerified.php(26): Illuminate\\Routing\\Pipeline->Illuminate\\Routing\\{closure}(Object(Illuminate\\Http\\Request))
#12 /var/www/morechina/vendor/laravel/framework/src/Illuminate/Pipeline/Pipeline.php(163): App\\Http\\Middleware\\EnsureEmailIsVerified->handle(Object(Illuminate\\Http\\Request), Object(Closure))
#13 /var/www/morechina/vendor/laravel/framework/src/Illuminate/Routing/Pipeline.php(53): Illuminate\\Pipeline\\Pipeline->Illuminate\\Pipeline\\{closure}(Object(Illuminate\\Http\\Request))
#14 /var/www/morechina/vendor/laravel/framework/src/Illuminate/Routing/Middleware/SubstituteBindings.php(41): Illuminate\\Routing\\Pipeline->Illuminate\\Routing\\{closure}(Object(Illuminate\\Http\\Request))
#15 /var/www/morechina/vendor/laravel/framework/src/Illuminate/Pipeline/Pipeline.php(163): Illuminate\\Routing\\Middleware\\SubstituteBindings->handle(Object(Illuminate\\Http\\Request), Object(Closure))
#16 /var/www/morechina/vendor/laravel/framework/src/Illuminate/Routing/Pipeline.php(53): Illuminate\\Pipeline\\Pipeline->Illuminate\\Pipeline\\{closure}(Object(Illuminate\\Http\\Request))
#17 /var/www/morechina/vendor/laravel/framework/src/Illuminate/Foundation/Http/Middleware/VerifyCsrfToken.php(75): Illuminate\\Routing\\Pipeline->Illuminate\\Routing\\{closure}(Object(Illuminate\\Http\\Request))
#18 /var/www/morechina/vendor/laravel/framework/src/Illuminate/Pipeline/Pipeline.php(163): Illuminate\\Foundation\\Http\\Middleware\\VerifyCsrfToken->handle(Object(Illuminate\\Http\\Request), Object(Closure))
#19 /var/www/morechina/vendor/laravel/framework/src/Illuminate/Routing/Pipeline.php(53): Illuminate\\Pipeline\\Pipeline->Illuminate\\Pipeline\\{closure}(Object(Illuminate\\Http\\Request))
#20 /var/www/morechina/vendor/laravel/framework/src/Illuminate/View/Middleware/ShareErrorsFromSession.php(49): Illuminate\\Routing\\Pipeline->Illuminate\\Routing\\{closure}(Object(Illuminate\\Http\\Request))
#21 /var/www/morechina/vendor/laravel/framework/src/Illuminate/Pipeline/Pipeline.php(163): Illuminate\\View\\Middleware\\ShareErrorsFromSession->handle(Object(Illuminate\\Http\\Request), Object(Closure))
#22 /var/www/morechina/vendor/laravel/framework/src/Illuminate/Routing/Pipeline.php(53): Illuminate\\Pipeline\\Pipeline->Illuminate\\Pipeline\\{closure}(Object(Illuminate\\Http\\Request))
#23 /var/www/morechina/vendor/laravel/framework/src/Illuminate/Session/Middleware/StartSession.php(63): Illuminate\\Routing\\Pipeline->Illuminate\\Routing\\{closure}(Object(Illuminate\\Http\\Request))
#24 /var/www/morechina/vendor/laravel/framework/src/Illuminate/Pipeline/Pipeline.php(163): Illuminate\\Session\\Middleware\\StartSession->handle(Object(Illuminate\\Http\\Request), Object(Closure))
#25 /var/www/morechina/vendor/laravel/framework/src/Illuminate/Routing/Pipeline.php(53): Illuminate\\Pipeline\\Pipeline->Illuminate\\Pipeline\\{closure}(Object(Illuminate\\Http\\Request))
#26 /var/www/morechina/vendor/laravel/framework/src/Illuminate/Cookie/Middleware/AddQueuedCookiesToResponse.php(37): Illuminate\\Routing\\Pipeline->Illuminate\\Routing\\{closure}(Object(Illuminate\\Http\\Request))
#27 /var/www/morechina/vendor/laravel/framework/src/Illuminate/Pipeline/Pipeline.php(163): Illuminate\\Cookie\\Middleware\\AddQueuedCookiesToResponse->handle(Object(Illuminate\\Http\\Request), Object(Closure))
#28 /var/www/morechina/vendor/laravel/framework/src/Illuminate/Routing/Pipeline.php(53): Illuminate\\Pipeline\\Pipeline->Illuminate\\Pipeline\\{closure}(Object(Illuminate\\Http\\Request))
#29 /var/www/morechina/vendor/laravel/framework/src/Illuminate/Cookie/Middleware/EncryptCookies.php(66): Illuminate\\Routing\\Pipeline->Illuminate\\Routing\\{closure}(Object(Illuminate\\Http\\Request))
#30 /var/www/morechina/vendor/laravel/framework/src/Illuminate/Pipeline/Pipeline.php(163): Illuminate\\Cookie\\Middleware\\EncryptCookies->handle(Object(Illuminate\\Http\\Request), Object(Closure))
#31 /var/www/morechina/vendor/laravel/framework/src/Illuminate/Routing/Pipeline.php(53): Illuminate\\Pipeline\\Pipeline->Illuminate\\Pipeline\\{closure}(Object(Illuminate\\Http\\Request))
#32 /var/www/morechina/vendor/laravel/framework/src/Illuminate/Pipeline/Pipeline.php(104): Illuminate\\Routing\\Pipeline->Illuminate\\Routing\\{closure}(Object(Illuminate\\Http\\Request))
#33 /var/www/morechina/vendor/laravel/framework/src/Illuminate/Routing/Router.php(684): Illuminate\\Pipeline\\Pipeline->then(Object(Closure))
#34 /var/www/morechina/vendor/laravel/framework/src/Illuminate/Routing/Router.php(659): Illuminate\\Routing\\Router->runRouteWithinStack(Object(Illuminate\\Routing\\Route), Object(Illuminate\\Http\\Request))
#35 /var/www/morechina/vendor/laravel/framework/src/Illuminate/Routing/Router.php(625): Illuminate\\Routing\\Router->runRoute(Object(Illuminate\\Http\\Request), Object(Illuminate\\Routing\\Route))
#36 /var/www/morechina/vendor/laravel/framework/src/Illuminate/Routing/Router.php(614): Illuminate\\Routing\\Router->dispatchToRoute(Object(Illuminate\\Http\\Request))
#37 /var/www/morechina/vendor/laravel/framework/src/Illuminate/Foundation/Http/Kernel.php(176): Illuminate\\Routing\\Router->dispatch(Object(Illuminate\\Http\\Request))
#38 /var/www/morechina/vendor/laravel/framework/src/Illuminate/Routing/Pipeline.php(30): Illuminate\\Foundation\\Http\\Kernel->Illuminate\\Foundation\\Http\\{closure}(Object(Illuminate\\Http\\Request))
#39 /var/www/morechina/vendor/barryvdh/laravel-debugbar/src/Middleware/InjectDebugbar.php(65): Illuminate\\Routing\\Pipeline->Illuminate\\Routing\\{closure}(Object(Illuminate\\Http\\Request))
#40 /var/www/morechina/vendor/laravel/framework/src/Illuminate/Pipeline/Pipeline.php(163): Barryvdh\\Debugbar\\Middleware\\InjectDebugbar->handle(Object(Illuminate\\Http\\Request), Object(Closure))
#41 /var/www/morechina/vendor/laravel/framework/src/Illuminate/Routing/Pipeline.php(53): Illuminate\\Pipeline\\Pipeline->Illuminate\\Pipeline\\{closure}(Object(Illuminate\\Http\\Request))
#42 /var/www/morechina/vendor/fideloper/proxy/src/TrustProxies.php(57): Illuminate\\Routing\\Pipeline->Illuminate\\Routing\\{closure}(Object(Illuminate\\Http\\Request))
#43 /var/www/morechina/vendor/laravel/framework/src/Illuminate/Pipeline/Pipeline.php(163): Fideloper\\Proxy\\TrustProxies->handle(Object(Illuminate\\Http\\Request), Object(Closure))
#44 /var/www/morechina/vendor/laravel/framework/src/Illuminate/Routing/Pipeline.php(53): Illuminate\\Pipeline\\Pipeline->Illuminate\\Pipeline\\{closure}(Object(Illuminate\\Http\\Request))
#45 /var/www/morechina/vendor/laravel/framework/src/Illuminate/Foundation/Http/Middleware/TransformsRequest.php(31): Illuminate\\Routing\\Pipeline->Illuminate\\Routing\\{closure}(Object(Illuminate\\Http\\Request))
#46 /var/www/morechina/vendor/laravel/framework/src/Illuminate/Pipeline/Pipeline.php(163): Illuminate\\Foundation\\Http\\Middleware\\TransformsRequest->handle(Object(Illuminate\\Http\\Request), Object(Closure))
#47 /var/www/morechina/vendor/laravel/framework/src/Illuminate/Routing/Pipeline.php(53): Illuminate\\Pipeline\\Pipeline->Illuminate\\Pipeline\\{closure}(Object(Illuminate\\Http\\Request))
#48 /var/www/morechina/vendor/laravel/framework/src/Illuminate/Foundation/Http/Middleware/TransformsRequest.php(31): Illuminate\\Routing\\Pipeline->Illuminate\\Routing\\{closure}(Object(Illuminate\\Http\\Request))
#49 /var/www/morechina/vendor/laravel/framework/src/Illuminate/Pipeline/Pipeline.php(163): Illuminate\\Foundation\\Http\\Middleware\\TransformsRequest->handle(Object(Illuminate\\Http\\Request), Object(Closure))
#50 /var/www/morechina/vendor/laravel/framework/src/Illuminate/Routing/Pipeline.php(53): Illuminate\\Pipeline\\Pipeline->Illuminate\\Pipeline\\{closure}(Object(Illuminate\\Http\\Request))
#51 /var/www/morechina/vendor/laravel/framework/src/Illuminate/Foundation/Http/Middleware/ValidatePostSize.php(27): Illuminate\\Routing\\Pipeline->Illuminate\\Routing\\{closure}(Object(Illuminate\\Http\\Request))
#52 /var/www/morechina/vendor/laravel/framework/src/Illuminate/Pipeline/Pipeline.php(163): Illuminate\\Foundation\\Http\\Middleware\\ValidatePostSize->handle(Object(Illuminate\\Http\\Request), Object(Closure))
#53 /var/www/morechina/vendor/laravel/framework/src/Illuminate/Routing/Pipeline.php(53): Illuminate\\Pipeline\\Pipeline->Illuminate\\Pipeline\\{closure}(Object(Illuminate\\Http\\Request))
#54 /var/www/morechina/vendor/laravel/framework/src/Illuminate/Foundation/Http/Middleware/CheckForMaintenanceMode.php(62): Illuminate\\Routing\\Pipeline->Illuminate\\Routing\\{closure}(Object(Illuminate\\Http\\Request))
#55 /var/www/morechina/vendor/laravel/framework/src/Illuminate/Pipeline/Pipeline.php(163): Illuminate\\Foundation\\Http\\Middleware\\CheckForMaintenanceMode->handle(Object(Illuminate\\Http\\Request), Object(Closure))
#56 /var/www/morechina/vendor/laravel/framework/src/Illuminate/Routing/Pipeline.php(53): Illuminate\\Pipeline\\Pipeline->Illuminate\\Pipeline\\{closure}(Object(Illuminate\\Http\\Request))
#57 /var/www/morechina/vendor/laravel/framework/src/Illuminate/Pipeline/Pipeline.php(104): Illuminate\\Routing\\Pipeline->Illuminate\\Routing\\{closure}(Object(Illuminate\\Http\\Request))
#58 /var/www/morechina/vendor/laravel/framework/src/Illuminate/Foundation/Http/Kernel.php(151): Illuminate\\Pipeline\\Pipeline->then(Object(Closure))
#59 /var/www/morechina/vendor/laravel/framework/src/Illuminate/Foundation/Http/Kernel.php(116): Illuminate\\Foundation\\Http\\Kernel->sendRequestThroughRouter(Object(Illuminate\\Http\\Request))
#60 /var/www/morechina/public/index.php(55): Illuminate\\Foundation\\Http\\Kernel->handle(Object(Illuminate\\Http\\Request))
#61 {main}
"} 
[2025-07-04 10:03:59] local.ERROR: Undefined index: image (View: /var/www/morechina/resources/views/products/show.blade.php) {"userId":1,"email":"8016@morechina.com.cn","exception":"[object] (ErrorException(code: 0): Undefined index: image (View: /var/www/morechina/resources/views/products/show.blade.php) at /var/www/morechina/app/Models/ProductSku.php:40, ErrorException(code: 0): Undefined index: image at /var/www/morechina/app/Models/ProductSku.php:40)
[stacktrace]
#0 /var/www/morechina/vendor/laravel/framework/src/Illuminate/View/Engines/PhpEngine.php(45): Illuminate\\View\\Engines\\CompilerEngine->handleViewException(Object(ErrorException), 1)
#1 /var/www/morechina/vendor/laravel/framework/src/Illuminate/View/Engines/CompilerEngine.php(59): Illuminate\\View\\Engines\\PhpEngine->evaluatePath('/var/www/morech...', Array)
#2 /var/www/morechina/vendor/laravel/framework/src/Illuminate/View/View.php(142): Illuminate\\View\\Engines\\CompilerEngine->get('/var/www/morech...', Array)
#3 /var/www/morechina/vendor/laravel/framework/src/Illuminate/View/View.php(125): Illuminate\\View\\View->getContents()
#4 /var/www/morechina/vendor/laravel/framework/src/Illuminate/View/View.php(90): Illuminate\\View\\View->renderContents()
#5 /var/www/morechina/vendor/laravel/framework/src/Illuminate/Http/Response.php(42): Illuminate\\View\\View->render()
#6 /var/www/morechina/vendor/symfony/http-foundation/Response.php(202): Illuminate\\Http\\Response->setContent(Object(Illuminate\\View\\View))
#7 /var/www/morechina/vendor/laravel/framework/src/Illuminate/Routing/Router.php(750): Symfony\\Component\\HttpFoundation\\Response->__construct(Object(Illuminate\\View\\View))
#8 /var/www/morechina/vendor/laravel/framework/src/Illuminate/Routing/Router.php(722): Illuminate\\Routing\\Router::toResponse(Object(Illuminate\\Http\\Request), Object(Illuminate\\View\\View))
#9 /var/www/morechina/vendor/laravel/framework/src/Illuminate/Routing/Router.php(682): Illuminate\\Routing\\Router->prepareResponse(Object(Illuminate\\Http\\Request), Object(Illuminate\\View\\View))
#10 /var/www/morechina/vendor/laravel/framework/src/Illuminate/Routing/Pipeline.php(30): Illuminate\\Routing\\Router->Illuminate\\Routing\\{closure}(Object(Illuminate\\Http\\Request))
#11 /var/www/morechina/app/Http/Middleware/EnsureEmailIsVerified.php(26): Illuminate\\Routing\\Pipeline->Illuminate\\Routing\\{closure}(Object(Illuminate\\Http\\Request))
#12 /var/www/morechina/vendor/laravel/framework/src/Illuminate/Pipeline/Pipeline.php(163): App\\Http\\Middleware\\EnsureEmailIsVerified->handle(Object(Illuminate\\Http\\Request), Object(Closure))
#13 /var/www/morechina/vendor/laravel/framework/src/Illuminate/Routing/Pipeline.php(53): Illuminate\\Pipeline\\Pipeline->Illuminate\\Pipeline\\{closure}(Object(Illuminate\\Http\\Request))
#14 /var/www/morechina/vendor/laravel/framework/src/Illuminate/Routing/Middleware/SubstituteBindings.php(41): Illuminate\\Routing\\Pipeline->Illuminate\\Routing\\{closure}(Object(Illuminate\\Http\\Request))
#15 /var/www/morechina/vendor/laravel/framework/src/Illuminate/Pipeline/Pipeline.php(163): Illuminate\\Routing\\Middleware\\SubstituteBindings->handle(Object(Illuminate\\Http\\Request), Object(Closure))
#16 /var/www/morechina/vendor/laravel/framework/src/Illuminate/Routing/Pipeline.php(53): Illuminate\\Pipeline\\Pipeline->Illuminate\\Pipeline\\{closure}(Object(Illuminate\\Http\\Request))
#17 /var/www/morechina/vendor/laravel/framework/src/Illuminate/Foundation/Http/Middleware/VerifyCsrfToken.php(75): Illuminate\\Routing\\Pipeline->Illuminate\\Routing\\{closure}(Object(Illuminate\\Http\\Request))
#18 /var/www/morechina/vendor/laravel/framework/src/Illuminate/Pipeline/Pipeline.php(163): Illuminate\\Foundation\\Http\\Middleware\\VerifyCsrfToken->handle(Object(Illuminate\\Http\\Request), Object(Closure))
#19 /var/www/morechina/vendor/laravel/framework/src/Illuminate/Routing/Pipeline.php(53): Illuminate\\Pipeline\\Pipeline->Illuminate\\Pipeline\\{closure}(Object(Illuminate\\Http\\Request))
#20 /var/www/morechina/vendor/laravel/framework/src/Illuminate/View/Middleware/ShareErrorsFromSession.php(49): Illuminate\\Routing\\Pipeline->Illuminate\\Routing\\{closure}(Object(Illuminate\\Http\\Request))
#21 /var/www/morechina/vendor/laravel/framework/src/Illuminate/Pipeline/Pipeline.php(163): Illuminate\\View\\Middleware\\ShareErrorsFromSession->handle(Object(Illuminate\\Http\\Request), Object(Closure))
#22 /var/www/morechina/vendor/laravel/framework/src/Illuminate/Routing/Pipeline.php(53): Illuminate\\Pipeline\\Pipeline->Illuminate\\Pipeline\\{closure}(Object(Illuminate\\Http\\Request))
#23 /var/www/morechina/vendor/laravel/framework/src/Illuminate/Session/Middleware/StartSession.php(63): Illuminate\\Routing\\Pipeline->Illuminate\\Routing\\{closure}(Object(Illuminate\\Http\\Request))
#24 /var/www/morechina/vendor/laravel/framework/src/Illuminate/Pipeline/Pipeline.php(163): Illuminate\\Session\\Middleware\\StartSession->handle(Object(Illuminate\\Http\\Request), Object(Closure))
#25 /var/www/morechina/vendor/laravel/framework/src/Illuminate/Routing/Pipeline.php(53): Illuminate\\Pipeline\\Pipeline->Illuminate\\Pipeline\\{closure}(Object(Illuminate\\Http\\Request))
#26 /var/www/morechina/vendor/laravel/framework/src/Illuminate/Cookie/Middleware/AddQueuedCookiesToResponse.php(37): Illuminate\\Routing\\Pipeline->Illuminate\\Routing\\{closure}(Object(Illuminate\\Http\\Request))
#27 /var/www/morechina/vendor/laravel/framework/src/Illuminate/Pipeline/Pipeline.php(163): Illuminate\\Cookie\\Middleware\\AddQueuedCookiesToResponse->handle(Object(Illuminate\\Http\\Request), Object(Closure))
#28 /var/www/morechina/vendor/laravel/framework/src/Illuminate/Routing/Pipeline.php(53): Illuminate\\Pipeline\\Pipeline->Illuminate\\Pipeline\\{closure}(Object(Illuminate\\Http\\Request))
#29 /var/www/morechina/vendor/laravel/framework/src/Illuminate/Cookie/Middleware/EncryptCookies.php(66): Illuminate\\Routing\\Pipeline->Illuminate\\Routing\\{closure}(Object(Illuminate\\Http\\Request))
#30 /var/www/morechina/vendor/laravel/framework/src/Illuminate/Pipeline/Pipeline.php(163): Illuminate\\Cookie\\Middleware\\EncryptCookies->handle(Object(Illuminate\\Http\\Request), Object(Closure))
#31 /var/www/morechina/vendor/laravel/framework/src/Illuminate/Routing/Pipeline.php(53): Illuminate\\Pipeline\\Pipeline->Illuminate\\Pipeline\\{closure}(Object(Illuminate\\Http\\Request))
#32 /var/www/morechina/vendor/laravel/framework/src/Illuminate/Pipeline/Pipeline.php(104): Illuminate\\Routing\\Pipeline->Illuminate\\Routing\\{closure}(Object(Illuminate\\Http\\Request))
#33 /var/www/morechina/vendor/laravel/framework/src/Illuminate/Routing/Router.php(684): Illuminate\\Pipeline\\Pipeline->then(Object(Closure))
#34 /var/www/morechina/vendor/laravel/framework/src/Illuminate/Routing/Router.php(659): Illuminate\\Routing\\Router->runRouteWithinStack(Object(Illuminate\\Routing\\Route), Object(Illuminate\\Http\\Request))
#35 /var/www/morechina/vendor/laravel/framework/src/Illuminate/Routing/Router.php(625): Illuminate\\Routing\\Router->runRoute(Object(Illuminate\\Http\\Request), Object(Illuminate\\Routing\\Route))
#36 /var/www/morechina/vendor/laravel/framework/src/Illuminate/Routing/Router.php(614): Illuminate\\Routing\\Router->dispatchToRoute(Object(Illuminate\\Http\\Request))
#37 /var/www/morechina/vendor/laravel/framework/src/Illuminate/Foundation/Http/Kernel.php(176): Illuminate\\Routing\\Router->dispatch(Object(Illuminate\\Http\\Request))
#38 /var/www/morechina/vendor/laravel/framework/src/Illuminate/Routing/Pipeline.php(30): Illuminate\\Foundation\\Http\\Kernel->Illuminate\\Foundation\\Http\\{closure}(Object(Illuminate\\Http\\Request))
#39 /var/www/morechina/vendor/barryvdh/laravel-debugbar/src/Middleware/InjectDebugbar.php(65): Illuminate\\Routing\\Pipeline->Illuminate\\Routing\\{closure}(Object(Illuminate\\Http\\Request))
#40 /var/www/morechina/vendor/laravel/framework/src/Illuminate/Pipeline/Pipeline.php(163): Barryvdh\\Debugbar\\Middleware\\InjectDebugbar->handle(Object(Illuminate\\Http\\Request), Object(Closure))
#41 /var/www/morechina/vendor/laravel/framework/src/Illuminate/Routing/Pipeline.php(53): Illuminate\\Pipeline\\Pipeline->Illuminate\\Pipeline\\{closure}(Object(Illuminate\\Http\\Request))
#42 /var/www/morechina/vendor/fideloper/proxy/src/TrustProxies.php(57): Illuminate\\Routing\\Pipeline->Illuminate\\Routing\\{closure}(Object(Illuminate\\Http\\Request))
#43 /var/www/morechina/vendor/laravel/framework/src/Illuminate/Pipeline/Pipeline.php(163): Fideloper\\Proxy\\TrustProxies->handle(Object(Illuminate\\Http\\Request), Object(Closure))
#44 /var/www/morechina/vendor/laravel/framework/src/Illuminate/Routing/Pipeline.php(53): Illuminate\\Pipeline\\Pipeline->Illuminate\\Pipeline\\{closure}(Object(Illuminate\\Http\\Request))
#45 /var/www/morechina/vendor/laravel/framework/src/Illuminate/Foundation/Http/Middleware/TransformsRequest.php(31): Illuminate\\Routing\\Pipeline->Illuminate\\Routing\\{closure}(Object(Illuminate\\Http\\Request))
#46 /var/www/morechina/vendor/laravel/framework/src/Illuminate/Pipeline/Pipeline.php(163): Illuminate\\Foundation\\Http\\Middleware\\TransformsRequest->handle(Object(Illuminate\\Http\\Request), Object(Closure))
#47 /var/www/morechina/vendor/laravel/framework/src/Illuminate/Routing/Pipeline.php(53): Illuminate\\Pipeline\\Pipeline->Illuminate\\Pipeline\\{closure}(Object(Illuminate\\Http\\Request))
#48 /var/www/morechina/vendor/laravel/framework/src/Illuminate/Foundation/Http/Middleware/TransformsRequest.php(31): Illuminate\\Routing\\Pipeline->Illuminate\\Routing\\{closure}(Object(Illuminate\\Http\\Request))
#49 /var/www/morechina/vendor/laravel/framework/src/Illuminate/Pipeline/Pipeline.php(163): Illuminate\\Foundation\\Http\\Middleware\\TransformsRequest->handle(Object(Illuminate\\Http\\Request), Object(Closure))
#50 /var/www/morechina/vendor/laravel/framework/src/Illuminate/Routing/Pipeline.php(53): Illuminate\\Pipeline\\Pipeline->Illuminate\\Pipeline\\{closure}(Object(Illuminate\\Http\\Request))
#51 /var/www/morechina/vendor/laravel/framework/src/Illuminate/Foundation/Http/Middleware/ValidatePostSize.php(27): Illuminate\\Routing\\Pipeline->Illuminate\\Routing\\{closure}(Object(Illuminate\\Http\\Request))
#52 /var/www/morechina/vendor/laravel/framework/src/Illuminate/Pipeline/Pipeline.php(163): Illuminate\\Foundation\\Http\\Middleware\\ValidatePostSize->handle(Object(Illuminate\\Http\\Request), Object(Closure))
#53 /var/www/morechina/vendor/laravel/framework/src/Illuminate/Routing/Pipeline.php(53): Illuminate\\Pipeline\\Pipeline->Illuminate\\Pipeline\\{closure}(Object(Illuminate\\Http\\Request))
#54 /var/www/morechina/vendor/laravel/framework/src/Illuminate/Foundation/Http/Middleware/CheckForMaintenanceMode.php(62): Illuminate\\Routing\\Pipeline->Illuminate\\Routing\\{closure}(Object(Illuminate\\Http\\Request))
#55 /var/www/morechina/vendor/laravel/framework/src/Illuminate/Pipeline/Pipeline.php(163): Illuminate\\Foundation\\Http\\Middleware\\CheckForMaintenanceMode->handle(Object(Illuminate\\Http\\Request), Object(Closure))
#56 /var/www/morechina/vendor/laravel/framework/src/Illuminate/Routing/Pipeline.php(53): Illuminate\\Pipeline\\Pipeline->Illuminate\\Pipeline\\{closure}(Object(Illuminate\\Http\\Request))
#57 /var/www/morechina/vendor/laravel/framework/src/Illuminate/Pipeline/Pipeline.php(104): Illuminate\\Routing\\Pipeline->Illuminate\\Routing\\{closure}(Object(Illuminate\\Http\\Request))
#58 /var/www/morechina/vendor/laravel/framework/src/Illuminate/Foundation/Http/Kernel.php(151): Illuminate\\Pipeline\\Pipeline->then(Object(Closure))
#59 /var/www/morechina/vendor/laravel/framework/src/Illuminate/Foundation/Http/Kernel.php(116): Illuminate\\Foundation\\Http\\Kernel->sendRequestThroughRouter(Object(Illuminate\\Http\\Request))
#60 /var/www/morechina/public/index.php(55): Illuminate\\Foundation\\Http\\Kernel->handle(Object(Illuminate\\Http\\Request))
#61 {main}
"} 
[2025-07-04 10:04:22] local.ERROR: Undefined index: image (View: /var/www/morechina/resources/views/products/show.blade.php) {"userId":1,"email":"8016@morechina.com.cn","exception":"[object] (ErrorException(code: 0): Undefined index: image (View: /var/www/morechina/resources/views/products/show.blade.php) at /var/www/morechina/app/Models/ProductSku.php:40, ErrorException(code: 0): Undefined index: image at /var/www/morechina/app/Models/ProductSku.php:40)
[stacktrace]
#0 /var/www/morechina/vendor/laravel/framework/src/Illuminate/View/Engines/PhpEngine.php(45): Illuminate\\View\\Engines\\CompilerEngine->handleViewException(Object(ErrorException), 1)
#1 /var/www/morechina/vendor/laravel/framework/src/Illuminate/View/Engines/CompilerEngine.php(59): Illuminate\\View\\Engines\\PhpEngine->evaluatePath('/var/www/morech...', Array)
#2 /var/www/morechina/vendor/laravel/framework/src/Illuminate/View/View.php(142): Illuminate\\View\\Engines\\CompilerEngine->get('/var/www/morech...', Array)
#3 /var/www/morechina/vendor/laravel/framework/src/Illuminate/View/View.php(125): Illuminate\\View\\View->getContents()
#4 /var/www/morechina/vendor/laravel/framework/src/Illuminate/View/View.php(90): Illuminate\\View\\View->renderContents()
#5 /var/www/morechina/vendor/laravel/framework/src/Illuminate/Http/Response.php(42): Illuminate\\View\\View->render()
#6 /var/www/morechina/vendor/symfony/http-foundation/Response.php(202): Illuminate\\Http\\Response->setContent(Object(Illuminate\\View\\View))
#7 /var/www/morechina/vendor/laravel/framework/src/Illuminate/Routing/Router.php(750): Symfony\\Component\\HttpFoundation\\Response->__construct(Object(Illuminate\\View\\View))
#8 /var/www/morechina/vendor/laravel/framework/src/Illuminate/Routing/Router.php(722): Illuminate\\Routing\\Router::toResponse(Object(Illuminate\\Http\\Request), Object(Illuminate\\View\\View))
#9 /var/www/morechina/vendor/laravel/framework/src/Illuminate/Routing/Router.php(682): Illuminate\\Routing\\Router->prepareResponse(Object(Illuminate\\Http\\Request), Object(Illuminate\\View\\View))
#10 /var/www/morechina/vendor/laravel/framework/src/Illuminate/Routing/Pipeline.php(30): Illuminate\\Routing\\Router->Illuminate\\Routing\\{closure}(Object(Illuminate\\Http\\Request))
#11 /var/www/morechina/app/Http/Middleware/EnsureEmailIsVerified.php(26): Illuminate\\Routing\\Pipeline->Illuminate\\Routing\\{closure}(Object(Illuminate\\Http\\Request))
#12 /var/www/morechina/vendor/laravel/framework/src/Illuminate/Pipeline/Pipeline.php(163): App\\Http\\Middleware\\EnsureEmailIsVerified->handle(Object(Illuminate\\Http\\Request), Object(Closure))
#13 /var/www/morechina/vendor/laravel/framework/src/Illuminate/Routing/Pipeline.php(53): Illuminate\\Pipeline\\Pipeline->Illuminate\\Pipeline\\{closure}(Object(Illuminate\\Http\\Request))
#14 /var/www/morechina/vendor/laravel/framework/src/Illuminate/Routing/Middleware/SubstituteBindings.php(41): Illuminate\\Routing\\Pipeline->Illuminate\\Routing\\{closure}(Object(Illuminate\\Http\\Request))
#15 /var/www/morechina/vendor/laravel/framework/src/Illuminate/Pipeline/Pipeline.php(163): Illuminate\\Routing\\Middleware\\SubstituteBindings->handle(Object(Illuminate\\Http\\Request), Object(Closure))
#16 /var/www/morechina/vendor/laravel/framework/src/Illuminate/Routing/Pipeline.php(53): Illuminate\\Pipeline\\Pipeline->Illuminate\\Pipeline\\{closure}(Object(Illuminate\\Http\\Request))
#17 /var/www/morechina/vendor/laravel/framework/src/Illuminate/Foundation/Http/Middleware/VerifyCsrfToken.php(75): Illuminate\\Routing\\Pipeline->Illuminate\\Routing\\{closure}(Object(Illuminate\\Http\\Request))
#18 /var/www/morechina/vendor/laravel/framework/src/Illuminate/Pipeline/Pipeline.php(163): Illuminate\\Foundation\\Http\\Middleware\\VerifyCsrfToken->handle(Object(Illuminate\\Http\\Request), Object(Closure))
#19 /var/www/morechina/vendor/laravel/framework/src/Illuminate/Routing/Pipeline.php(53): Illuminate\\Pipeline\\Pipeline->Illuminate\\Pipeline\\{closure}(Object(Illuminate\\Http\\Request))
#20 /var/www/morechina/vendor/laravel/framework/src/Illuminate/View/Middleware/ShareErrorsFromSession.php(49): Illuminate\\Routing\\Pipeline->Illuminate\\Routing\\{closure}(Object(Illuminate\\Http\\Request))
#21 /var/www/morechina/vendor/laravel/framework/src/Illuminate/Pipeline/Pipeline.php(163): Illuminate\\View\\Middleware\\ShareErrorsFromSession->handle(Object(Illuminate\\Http\\Request), Object(Closure))
#22 /var/www/morechina/vendor/laravel/framework/src/Illuminate/Routing/Pipeline.php(53): Illuminate\\Pipeline\\Pipeline->Illuminate\\Pipeline\\{closure}(Object(Illuminate\\Http\\Request))
#23 /var/www/morechina/vendor/laravel/framework/src/Illuminate/Session/Middleware/StartSession.php(63): Illuminate\\Routing\\Pipeline->Illuminate\\Routing\\{closure}(Object(Illuminate\\Http\\Request))
#24 /var/www/morechina/vendor/laravel/framework/src/Illuminate/Pipeline/Pipeline.php(163): Illuminate\\Session\\Middleware\\StartSession->handle(Object(Illuminate\\Http\\Request), Object(Closure))
#25 /var/www/morechina/vendor/laravel/framework/src/Illuminate/Routing/Pipeline.php(53): Illuminate\\Pipeline\\Pipeline->Illuminate\\Pipeline\\{closure}(Object(Illuminate\\Http\\Request))
#26 /var/www/morechina/vendor/laravel/framework/src/Illuminate/Cookie/Middleware/AddQueuedCookiesToResponse.php(37): Illuminate\\Routing\\Pipeline->Illuminate\\Routing\\{closure}(Object(Illuminate\\Http\\Request))
#27 /var/www/morechina/vendor/laravel/framework/src/Illuminate/Pipeline/Pipeline.php(163): Illuminate\\Cookie\\Middleware\\AddQueuedCookiesToResponse->handle(Object(Illuminate\\Http\\Request), Object(Closure))
#28 /var/www/morechina/vendor/laravel/framework/src/Illuminate/Routing/Pipeline.php(53): Illuminate\\Pipeline\\Pipeline->Illuminate\\Pipeline\\{closure}(Object(Illuminate\\Http\\Request))
#29 /var/www/morechina/vendor/laravel/framework/src/Illuminate/Cookie/Middleware/EncryptCookies.php(66): Illuminate\\Routing\\Pipeline->Illuminate\\Routing\\{closure}(Object(Illuminate\\Http\\Request))
#30 /var/www/morechina/vendor/laravel/framework/src/Illuminate/Pipeline/Pipeline.php(163): Illuminate\\Cookie\\Middleware\\EncryptCookies->handle(Object(Illuminate\\Http\\Request), Object(Closure))
#31 /var/www/morechina/vendor/laravel/framework/src/Illuminate/Routing/Pipeline.php(53): Illuminate\\Pipeline\\Pipeline->Illuminate\\Pipeline\\{closure}(Object(Illuminate\\Http\\Request))
#32 /var/www/morechina/vendor/laravel/framework/src/Illuminate/Pipeline/Pipeline.php(104): Illuminate\\Routing\\Pipeline->Illuminate\\Routing\\{closure}(Object(Illuminate\\Http\\Request))
#33 /var/www/morechina/vendor/laravel/framework/src/Illuminate/Routing/Router.php(684): Illuminate\\Pipeline\\Pipeline->then(Object(Closure))
#34 /var/www/morechina/vendor/laravel/framework/src/Illuminate/Routing/Router.php(659): Illuminate\\Routing\\Router->runRouteWithinStack(Object(Illuminate\\Routing\\Route), Object(Illuminate\\Http\\Request))
#35 /var/www/morechina/vendor/laravel/framework/src/Illuminate/Routing/Router.php(625): Illuminate\\Routing\\Router->runRoute(Object(Illuminate\\Http\\Request), Object(Illuminate\\Routing\\Route))
#36 /var/www/morechina/vendor/laravel/framework/src/Illuminate/Routing/Router.php(614): Illuminate\\Routing\\Router->dispatchToRoute(Object(Illuminate\\Http\\Request))
#37 /var/www/morechina/vendor/laravel/framework/src/Illuminate/Foundation/Http/Kernel.php(176): Illuminate\\Routing\\Router->dispatch(Object(Illuminate\\Http\\Request))
#38 /var/www/morechina/vendor/laravel/framework/src/Illuminate/Routing/Pipeline.php(30): Illuminate\\Foundation\\Http\\Kernel->Illuminate\\Foundation\\Http\\{closure}(Object(Illuminate\\Http\\Request))
#39 /var/www/morechina/vendor/barryvdh/laravel-debugbar/src/Middleware/InjectDebugbar.php(65): Illuminate\\Routing\\Pipeline->Illuminate\\Routing\\{closure}(Object(Illuminate\\Http\\Request))
#40 /var/www/morechina/vendor/laravel/framework/src/Illuminate/Pipeline/Pipeline.php(163): Barryvdh\\Debugbar\\Middleware\\InjectDebugbar->handle(Object(Illuminate\\Http\\Request), Object(Closure))
#41 /var/www/morechina/vendor/laravel/framework/src/Illuminate/Routing/Pipeline.php(53): Illuminate\\Pipeline\\Pipeline->Illuminate\\Pipeline\\{closure}(Object(Illuminate\\Http\\Request))
#42 /var/www/morechina/vendor/fideloper/proxy/src/TrustProxies.php(57): Illuminate\\Routing\\Pipeline->Illuminate\\Routing\\{closure}(Object(Illuminate\\Http\\Request))
#43 /var/www/morechina/vendor/laravel/framework/src/Illuminate/Pipeline/Pipeline.php(163): Fideloper\\Proxy\\TrustProxies->handle(Object(Illuminate\\Http\\Request), Object(Closure))
#44 /var/www/morechina/vendor/laravel/framework/src/Illuminate/Routing/Pipeline.php(53): Illuminate\\Pipeline\\Pipeline->Illuminate\\Pipeline\\{closure}(Object(Illuminate\\Http\\Request))
#45 /var/www/morechina/vendor/laravel/framework/src/Illuminate/Foundation/Http/Middleware/TransformsRequest.php(31): Illuminate\\Routing\\Pipeline->Illuminate\\Routing\\{closure}(Object(Illuminate\\Http\\Request))
#46 /var/www/morechina/vendor/laravel/framework/src/Illuminate/Pipeline/Pipeline.php(163): Illuminate\\Foundation\\Http\\Middleware\\TransformsRequest->handle(Object(Illuminate\\Http\\Request), Object(Closure))
#47 /var/www/morechina/vendor/laravel/framework/src/Illuminate/Routing/Pipeline.php(53): Illuminate\\Pipeline\\Pipeline->Illuminate\\Pipeline\\{closure}(Object(Illuminate\\Http\\Request))
#48 /var/www/morechina/vendor/laravel/framework/src/Illuminate/Foundation/Http/Middleware/TransformsRequest.php(31): Illuminate\\Routing\\Pipeline->Illuminate\\Routing\\{closure}(Object(Illuminate\\Http\\Request))
#49 /var/www/morechina/vendor/laravel/framework/src/Illuminate/Pipeline/Pipeline.php(163): Illuminate\\Foundation\\Http\\Middleware\\TransformsRequest->handle(Object(Illuminate\\Http\\Request), Object(Closure))
#50 /var/www/morechina/vendor/laravel/framework/src/Illuminate/Routing/Pipeline.php(53): Illuminate\\Pipeline\\Pipeline->Illuminate\\Pipeline\\{closure}(Object(Illuminate\\Http\\Request))
#51 /var/www/morechina/vendor/laravel/framework/src/Illuminate/Foundation/Http/Middleware/ValidatePostSize.php(27): Illuminate\\Routing\\Pipeline->Illuminate\\Routing\\{closure}(Object(Illuminate\\Http\\Request))
#52 /var/www/morechina/vendor/laravel/framework/src/Illuminate/Pipeline/Pipeline.php(163): Illuminate\\Foundation\\Http\\Middleware\\ValidatePostSize->handle(Object(Illuminate\\Http\\Request), Object(Closure))
#53 /var/www/morechina/vendor/laravel/framework/src/Illuminate/Routing/Pipeline.php(53): Illuminate\\Pipeline\\Pipeline->Illuminate\\Pipeline\\{closure}(Object(Illuminate\\Http\\Request))
#54 /var/www/morechina/vendor/laravel/framework/src/Illuminate/Foundation/Http/Middleware/CheckForMaintenanceMode.php(62): Illuminate\\Routing\\Pipeline->Illuminate\\Routing\\{closure}(Object(Illuminate\\Http\\Request))
#55 /var/www/morechina/vendor/laravel/framework/src/Illuminate/Pipeline/Pipeline.php(163): Illuminate\\Foundation\\Http\\Middleware\\CheckForMaintenanceMode->handle(Object(Illuminate\\Http\\Request), Object(Closure))
#56 /var/www/morechina/vendor/laravel/framework/src/Illuminate/Routing/Pipeline.php(53): Illuminate\\Pipeline\\Pipeline->Illuminate\\Pipeline\\{closure}(Object(Illuminate\\Http\\Request))
#57 /var/www/morechina/vendor/laravel/framework/src/Illuminate/Pipeline/Pipeline.php(104): Illuminate\\Routing\\Pipeline->Illuminate\\Routing\\{closure}(Object(Illuminate\\Http\\Request))
#58 /var/www/morechina/vendor/laravel/framework/src/Illuminate/Foundation/Http/Kernel.php(151): Illuminate\\Pipeline\\Pipeline->then(Object(Closure))
#59 /var/www/morechina/vendor/laravel/framework/src/Illuminate/Foundation/Http/Kernel.php(116): Illuminate\\Foundation\\Http\\Kernel->sendRequestThroughRouter(Object(Illuminate\\Http\\Request))
#60 /var/www/morechina/public/index.php(55): Illuminate\\Foundation\\Http\\Kernel->handle(Object(Illuminate\\Http\\Request))
#61 {main}
"} 
[2025-07-04 10:05:05] local.ERROR: Undefined index: image (View: /var/www/morechina/resources/views/products/show.blade.php) {"userId":1,"email":"8016@morechina.com.cn","exception":"[object] (ErrorException(code: 0): Undefined index: image (View: /var/www/morechina/resources/views/products/show.blade.php) at /var/www/morechina/app/Models/ProductSku.php:40, ErrorException(code: 0): Undefined index: image at /var/www/morechina/app/Models/ProductSku.php:40)
[stacktrace]
#0 /var/www/morechina/vendor/laravel/framework/src/Illuminate/View/Engines/PhpEngine.php(45): Illuminate\\View\\Engines\\CompilerEngine->handleViewException(Object(ErrorException), 1)
#1 /var/www/morechina/vendor/laravel/framework/src/Illuminate/View/Engines/CompilerEngine.php(59): Illuminate\\View\\Engines\\PhpEngine->evaluatePath('/var/www/morech...', Array)
#2 /var/www/morechina/vendor/laravel/framework/src/Illuminate/View/View.php(142): Illuminate\\View\\Engines\\CompilerEngine->get('/var/www/morech...', Array)
#3 /var/www/morechina/vendor/laravel/framework/src/Illuminate/View/View.php(125): Illuminate\\View\\View->getContents()
#4 /var/www/morechina/vendor/laravel/framework/src/Illuminate/View/View.php(90): Illuminate\\View\\View->renderContents()
#5 /var/www/morechina/vendor/laravel/framework/src/Illuminate/Http/Response.php(42): Illuminate\\View\\View->render()
#6 /var/www/morechina/vendor/symfony/http-foundation/Response.php(202): Illuminate\\Http\\Response->setContent(Object(Illuminate\\View\\View))
#7 /var/www/morechina/vendor/laravel/framework/src/Illuminate/Routing/Router.php(750): Symfony\\Component\\HttpFoundation\\Response->__construct(Object(Illuminate\\View\\View))
#8 /var/www/morechina/vendor/laravel/framework/src/Illuminate/Routing/Router.php(722): Illuminate\\Routing\\Router::toResponse(Object(Illuminate\\Http\\Request), Object(Illuminate\\View\\View))
#9 /var/www/morechina/vendor/laravel/framework/src/Illuminate/Routing/Router.php(682): Illuminate\\Routing\\Router->prepareResponse(Object(Illuminate\\Http\\Request), Object(Illuminate\\View\\View))
#10 /var/www/morechina/vendor/laravel/framework/src/Illuminate/Routing/Pipeline.php(30): Illuminate\\Routing\\Router->Illuminate\\Routing\\{closure}(Object(Illuminate\\Http\\Request))
#11 /var/www/morechina/app/Http/Middleware/EnsureEmailIsVerified.php(26): Illuminate\\Routing\\Pipeline->Illuminate\\Routing\\{closure}(Object(Illuminate\\Http\\Request))
#12 /var/www/morechina/vendor/laravel/framework/src/Illuminate/Pipeline/Pipeline.php(163): App\\Http\\Middleware\\EnsureEmailIsVerified->handle(Object(Illuminate\\Http\\Request), Object(Closure))
#13 /var/www/morechina/vendor/laravel/framework/src/Illuminate/Routing/Pipeline.php(53): Illuminate\\Pipeline\\Pipeline->Illuminate\\Pipeline\\{closure}(Object(Illuminate\\Http\\Request))
#14 /var/www/morechina/vendor/laravel/framework/src/Illuminate/Routing/Middleware/SubstituteBindings.php(41): Illuminate\\Routing\\Pipeline->Illuminate\\Routing\\{closure}(Object(Illuminate\\Http\\Request))
#15 /var/www/morechina/vendor/laravel/framework/src/Illuminate/Pipeline/Pipeline.php(163): Illuminate\\Routing\\Middleware\\SubstituteBindings->handle(Object(Illuminate\\Http\\Request), Object(Closure))
#16 /var/www/morechina/vendor/laravel/framework/src/Illuminate/Routing/Pipeline.php(53): Illuminate\\Pipeline\\Pipeline->Illuminate\\Pipeline\\{closure}(Object(Illuminate\\Http\\Request))
#17 /var/www/morechina/vendor/laravel/framework/src/Illuminate/Foundation/Http/Middleware/VerifyCsrfToken.php(75): Illuminate\\Routing\\Pipeline->Illuminate\\Routing\\{closure}(Object(Illuminate\\Http\\Request))
#18 /var/www/morechina/vendor/laravel/framework/src/Illuminate/Pipeline/Pipeline.php(163): Illuminate\\Foundation\\Http\\Middleware\\VerifyCsrfToken->handle(Object(Illuminate\\Http\\Request), Object(Closure))
#19 /var/www/morechina/vendor/laravel/framework/src/Illuminate/Routing/Pipeline.php(53): Illuminate\\Pipeline\\Pipeline->Illuminate\\Pipeline\\{closure}(Object(Illuminate\\Http\\Request))
#20 /var/www/morechina/vendor/laravel/framework/src/Illuminate/View/Middleware/ShareErrorsFromSession.php(49): Illuminate\\Routing\\Pipeline->Illuminate\\Routing\\{closure}(Object(Illuminate\\Http\\Request))
#21 /var/www/morechina/vendor/laravel/framework/src/Illuminate/Pipeline/Pipeline.php(163): Illuminate\\View\\Middleware\\ShareErrorsFromSession->handle(Object(Illuminate\\Http\\Request), Object(Closure))
#22 /var/www/morechina/vendor/laravel/framework/src/Illuminate/Routing/Pipeline.php(53): Illuminate\\Pipeline\\Pipeline->Illuminate\\Pipeline\\{closure}(Object(Illuminate\\Http\\Request))
#23 /var/www/morechina/vendor/laravel/framework/src/Illuminate/Session/Middleware/StartSession.php(63): Illuminate\\Routing\\Pipeline->Illuminate\\Routing\\{closure}(Object(Illuminate\\Http\\Request))
#24 /var/www/morechina/vendor/laravel/framework/src/Illuminate/Pipeline/Pipeline.php(163): Illuminate\\Session\\Middleware\\StartSession->handle(Object(Illuminate\\Http\\Request), Object(Closure))
#25 /var/www/morechina/vendor/laravel/framework/src/Illuminate/Routing/Pipeline.php(53): Illuminate\\Pipeline\\Pipeline->Illuminate\\Pipeline\\{closure}(Object(Illuminate\\Http\\Request))
#26 /var/www/morechina/vendor/laravel/framework/src/Illuminate/Cookie/Middleware/AddQueuedCookiesToResponse.php(37): Illuminate\\Routing\\Pipeline->Illuminate\\Routing\\{closure}(Object(Illuminate\\Http\\Request))
#27 /var/www/morechina/vendor/laravel/framework/src/Illuminate/Pipeline/Pipeline.php(163): Illuminate\\Cookie\\Middleware\\AddQueuedCookiesToResponse->handle(Object(Illuminate\\Http\\Request), Object(Closure))
#28 /var/www/morechina/vendor/laravel/framework/src/Illuminate/Routing/Pipeline.php(53): Illuminate\\Pipeline\\Pipeline->Illuminate\\Pipeline\\{closure}(Object(Illuminate\\Http\\Request))
#29 /var/www/morechina/vendor/laravel/framework/src/Illuminate/Cookie/Middleware/EncryptCookies.php(66): Illuminate\\Routing\\Pipeline->Illuminate\\Routing\\{closure}(Object(Illuminate\\Http\\Request))
#30 /var/www/morechina/vendor/laravel/framework/src/Illuminate/Pipeline/Pipeline.php(163): Illuminate\\Cookie\\Middleware\\EncryptCookies->handle(Object(Illuminate\\Http\\Request), Object(Closure))
#31 /var/www/morechina/vendor/laravel/framework/src/Illuminate/Routing/Pipeline.php(53): Illuminate\\Pipeline\\Pipeline->Illuminate\\Pipeline\\{closure}(Object(Illuminate\\Http\\Request))
#32 /var/www/morechina/vendor/laravel/framework/src/Illuminate/Pipeline/Pipeline.php(104): Illuminate\\Routing\\Pipeline->Illuminate\\Routing\\{closure}(Object(Illuminate\\Http\\Request))
#33 /var/www/morechina/vendor/laravel/framework/src/Illuminate/Routing/Router.php(684): Illuminate\\Pipeline\\Pipeline->then(Object(Closure))
#34 /var/www/morechina/vendor/laravel/framework/src/Illuminate/Routing/Router.php(659): Illuminate\\Routing\\Router->runRouteWithinStack(Object(Illuminate\\Routing\\Route), Object(Illuminate\\Http\\Request))
#35 /var/www/morechina/vendor/laravel/framework/src/Illuminate/Routing/Router.php(625): Illuminate\\Routing\\Router->runRoute(Object(Illuminate\\Http\\Request), Object(Illuminate\\Routing\\Route))
#36 /var/www/morechina/vendor/laravel/framework/src/Illuminate/Routing/Router.php(614): Illuminate\\Routing\\Router->dispatchToRoute(Object(Illuminate\\Http\\Request))
#37 /var/www/morechina/vendor/laravel/framework/src/Illuminate/Foundation/Http/Kernel.php(176): Illuminate\\Routing\\Router->dispatch(Object(Illuminate\\Http\\Request))
#38 /var/www/morechina/vendor/laravel/framework/src/Illuminate/Routing/Pipeline.php(30): Illuminate\\Foundation\\Http\\Kernel->Illuminate\\Foundation\\Http\\{closure}(Object(Illuminate\\Http\\Request))
#39 /var/www/morechina/vendor/barryvdh/laravel-debugbar/src/Middleware/InjectDebugbar.php(65): Illuminate\\Routing\\Pipeline->Illuminate\\Routing\\{closure}(Object(Illuminate\\Http\\Request))
#40 /var/www/morechina/vendor/laravel/framework/src/Illuminate/Pipeline/Pipeline.php(163): Barryvdh\\Debugbar\\Middleware\\InjectDebugbar->handle(Object(Illuminate\\Http\\Request), Object(Closure))
#41 /var/www/morechina/vendor/laravel/framework/src/Illuminate/Routing/Pipeline.php(53): Illuminate\\Pipeline\\Pipeline->Illuminate\\Pipeline\\{closure}(Object(Illuminate\\Http\\Request))
#42 /var/www/morechina/vendor/fideloper/proxy/src/TrustProxies.php(57): Illuminate\\Routing\\Pipeline->Illuminate\\Routing\\{closure}(Object(Illuminate\\Http\\Request))
#43 /var/www/morechina/vendor/laravel/framework/src/Illuminate/Pipeline/Pipeline.php(163): Fideloper\\Proxy\\TrustProxies->handle(Object(Illuminate\\Http\\Request), Object(Closure))
#44 /var/www/morechina/vendor/laravel/framework/src/Illuminate/Routing/Pipeline.php(53): Illuminate\\Pipeline\\Pipeline->Illuminate\\Pipeline\\{closure}(Object(Illuminate\\Http\\Request))
#45 /var/www/morechina/vendor/laravel/framework/src/Illuminate/Foundation/Http/Middleware/TransformsRequest.php(31): Illuminate\\Routing\\Pipeline->Illuminate\\Routing\\{closure}(Object(Illuminate\\Http\\Request))
#46 /var/www/morechina/vendor/laravel/framework/src/Illuminate/Pipeline/Pipeline.php(163): Illuminate\\Foundation\\Http\\Middleware\\TransformsRequest->handle(Object(Illuminate\\Http\\Request), Object(Closure))
#47 /var/www/morechina/vendor/laravel/framework/src/Illuminate/Routing/Pipeline.php(53): Illuminate\\Pipeline\\Pipeline->Illuminate\\Pipeline\\{closure}(Object(Illuminate\\Http\\Request))
#48 /var/www/morechina/vendor/laravel/framework/src/Illuminate/Foundation/Http/Middleware/TransformsRequest.php(31): Illuminate\\Routing\\Pipeline->Illuminate\\Routing\\{closure}(Object(Illuminate\\Http\\Request))
#49 /var/www/morechina/vendor/laravel/framework/src/Illuminate/Pipeline/Pipeline.php(163): Illuminate\\Foundation\\Http\\Middleware\\TransformsRequest->handle(Object(Illuminate\\Http\\Request), Object(Closure))
#50 /var/www/morechina/vendor/laravel/framework/src/Illuminate/Routing/Pipeline.php(53): Illuminate\\Pipeline\\Pipeline->Illuminate\\Pipeline\\{closure}(Object(Illuminate\\Http\\Request))
#51 /var/www/morechina/vendor/laravel/framework/src/Illuminate/Foundation/Http/Middleware/ValidatePostSize.php(27): Illuminate\\Routing\\Pipeline->Illuminate\\Routing\\{closure}(Object(Illuminate\\Http\\Request))
#52 /var/www/morechina/vendor/laravel/framework/src/Illuminate/Pipeline/Pipeline.php(163): Illuminate\\Foundation\\Http\\Middleware\\ValidatePostSize->handle(Object(Illuminate\\Http\\Request), Object(Closure))
#53 /var/www/morechina/vendor/laravel/framework/src/Illuminate/Routing/Pipeline.php(53): Illuminate\\Pipeline\\Pipeline->Illuminate\\Pipeline\\{closure}(Object(Illuminate\\Http\\Request))
#54 /var/www/morechina/vendor/laravel/framework/src/Illuminate/Foundation/Http/Middleware/CheckForMaintenanceMode.php(62): Illuminate\\Routing\\Pipeline->Illuminate\\Routing\\{closure}(Object(Illuminate\\Http\\Request))
#55 /var/www/morechina/vendor/laravel/framework/src/Illuminate/Pipeline/Pipeline.php(163): Illuminate\\Foundation\\Http\\Middleware\\CheckForMaintenanceMode->handle(Object(Illuminate\\Http\\Request), Object(Closure))
#56 /var/www/morechina/vendor/laravel/framework/src/Illuminate/Routing/Pipeline.php(53): Illuminate\\Pipeline\\Pipeline->Illuminate\\Pipeline\\{closure}(Object(Illuminate\\Http\\Request))
#57 /var/www/morechina/vendor/laravel/framework/src/Illuminate/Pipeline/Pipeline.php(104): Illuminate\\Routing\\Pipeline->Illuminate\\Routing\\{closure}(Object(Illuminate\\Http\\Request))
#58 /var/www/morechina/vendor/laravel/framework/src/Illuminate/Foundation/Http/Kernel.php(151): Illuminate\\Pipeline\\Pipeline->then(Object(Closure))
#59 /var/www/morechina/vendor/laravel/framework/src/Illuminate/Foundation/Http/Kernel.php(116): Illuminate\\Foundation\\Http\\Kernel->sendRequestThroughRouter(Object(Illuminate\\Http\\Request))
#60 /var/www/morechina/public/index.php(55): Illuminate\\Foundation\\Http\\Kernel->handle(Object(Illuminate\\Http\\Request))
#61 {main}
"} 
[2025-07-04 10:05:48] local.ERROR: Undefined index: image (View: /var/www/morechina/resources/views/products/show.blade.php) {"userId":1,"email":"8016@morechina.com.cn","exception":"[object] (ErrorException(code: 0): Undefined index: image (View: /var/www/morechina/resources/views/products/show.blade.php) at /var/www/morechina/app/Models/ProductSku.php:43, ErrorException(code: 0): Undefined index: image at /var/www/morechina/app/Models/ProductSku.php:43)
[stacktrace]
#0 /var/www/morechina/vendor/laravel/framework/src/Illuminate/View/Engines/PhpEngine.php(45): Illuminate\\View\\Engines\\CompilerEngine->handleViewException(Object(ErrorException), 1)
#1 /var/www/morechina/vendor/laravel/framework/src/Illuminate/View/Engines/CompilerEngine.php(59): Illuminate\\View\\Engines\\PhpEngine->evaluatePath('/var/www/morech...', Array)
#2 /var/www/morechina/vendor/laravel/framework/src/Illuminate/View/View.php(142): Illuminate\\View\\Engines\\CompilerEngine->get('/var/www/morech...', Array)
#3 /var/www/morechina/vendor/laravel/framework/src/Illuminate/View/View.php(125): Illuminate\\View\\View->getContents()
#4 /var/www/morechina/vendor/laravel/framework/src/Illuminate/View/View.php(90): Illuminate\\View\\View->renderContents()
#5 /var/www/morechina/vendor/laravel/framework/src/Illuminate/Http/Response.php(42): Illuminate\\View\\View->render()
#6 /var/www/morechina/vendor/symfony/http-foundation/Response.php(202): Illuminate\\Http\\Response->setContent(Object(Illuminate\\View\\View))
#7 /var/www/morechina/vendor/laravel/framework/src/Illuminate/Routing/Router.php(750): Symfony\\Component\\HttpFoundation\\Response->__construct(Object(Illuminate\\View\\View))
#8 /var/www/morechina/vendor/laravel/framework/src/Illuminate/Routing/Router.php(722): Illuminate\\Routing\\Router::toResponse(Object(Illuminate\\Http\\Request), Object(Illuminate\\View\\View))
#9 /var/www/morechina/vendor/laravel/framework/src/Illuminate/Routing/Router.php(682): Illuminate\\Routing\\Router->prepareResponse(Object(Illuminate\\Http\\Request), Object(Illuminate\\View\\View))
#10 /var/www/morechina/vendor/laravel/framework/src/Illuminate/Routing/Pipeline.php(30): Illuminate\\Routing\\Router->Illuminate\\Routing\\{closure}(Object(Illuminate\\Http\\Request))
#11 /var/www/morechina/app/Http/Middleware/EnsureEmailIsVerified.php(26): Illuminate\\Routing\\Pipeline->Illuminate\\Routing\\{closure}(Object(Illuminate\\Http\\Request))
#12 /var/www/morechina/vendor/laravel/framework/src/Illuminate/Pipeline/Pipeline.php(163): App\\Http\\Middleware\\EnsureEmailIsVerified->handle(Object(Illuminate\\Http\\Request), Object(Closure))
#13 /var/www/morechina/vendor/laravel/framework/src/Illuminate/Routing/Pipeline.php(53): Illuminate\\Pipeline\\Pipeline->Illuminate\\Pipeline\\{closure}(Object(Illuminate\\Http\\Request))
#14 /var/www/morechina/vendor/laravel/framework/src/Illuminate/Routing/Middleware/SubstituteBindings.php(41): Illuminate\\Routing\\Pipeline->Illuminate\\Routing\\{closure}(Object(Illuminate\\Http\\Request))
#15 /var/www/morechina/vendor/laravel/framework/src/Illuminate/Pipeline/Pipeline.php(163): Illuminate\\Routing\\Middleware\\SubstituteBindings->handle(Object(Illuminate\\Http\\Request), Object(Closure))
#16 /var/www/morechina/vendor/laravel/framework/src/Illuminate/Routing/Pipeline.php(53): Illuminate\\Pipeline\\Pipeline->Illuminate\\Pipeline\\{closure}(Object(Illuminate\\Http\\Request))
#17 /var/www/morechina/vendor/laravel/framework/src/Illuminate/Foundation/Http/Middleware/VerifyCsrfToken.php(75): Illuminate\\Routing\\Pipeline->Illuminate\\Routing\\{closure}(Object(Illuminate\\Http\\Request))
#18 /var/www/morechina/vendor/laravel/framework/src/Illuminate/Pipeline/Pipeline.php(163): Illuminate\\Foundation\\Http\\Middleware\\VerifyCsrfToken->handle(Object(Illuminate\\Http\\Request), Object(Closure))
#19 /var/www/morechina/vendor/laravel/framework/src/Illuminate/Routing/Pipeline.php(53): Illuminate\\Pipeline\\Pipeline->Illuminate\\Pipeline\\{closure}(Object(Illuminate\\Http\\Request))
#20 /var/www/morechina/vendor/laravel/framework/src/Illuminate/View/Middleware/ShareErrorsFromSession.php(49): Illuminate\\Routing\\Pipeline->Illuminate\\Routing\\{closure}(Object(Illuminate\\Http\\Request))
#21 /var/www/morechina/vendor/laravel/framework/src/Illuminate/Pipeline/Pipeline.php(163): Illuminate\\View\\Middleware\\ShareErrorsFromSession->handle(Object(Illuminate\\Http\\Request), Object(Closure))
#22 /var/www/morechina/vendor/laravel/framework/src/Illuminate/Routing/Pipeline.php(53): Illuminate\\Pipeline\\Pipeline->Illuminate\\Pipeline\\{closure}(Object(Illuminate\\Http\\Request))
#23 /var/www/morechina/vendor/laravel/framework/src/Illuminate/Session/Middleware/StartSession.php(63): Illuminate\\Routing\\Pipeline->Illuminate\\Routing\\{closure}(Object(Illuminate\\Http\\Request))
#24 /var/www/morechina/vendor/laravel/framework/src/Illuminate/Pipeline/Pipeline.php(163): Illuminate\\Session\\Middleware\\StartSession->handle(Object(Illuminate\\Http\\Request), Object(Closure))
#25 /var/www/morechina/vendor/laravel/framework/src/Illuminate/Routing/Pipeline.php(53): Illuminate\\Pipeline\\Pipeline->Illuminate\\Pipeline\\{closure}(Object(Illuminate\\Http\\Request))
#26 /var/www/morechina/vendor/laravel/framework/src/Illuminate/Cookie/Middleware/AddQueuedCookiesToResponse.php(37): Illuminate\\Routing\\Pipeline->Illuminate\\Routing\\{closure}(Object(Illuminate\\Http\\Request))
#27 /var/www/morechina/vendor/laravel/framework/src/Illuminate/Pipeline/Pipeline.php(163): Illuminate\\Cookie\\Middleware\\AddQueuedCookiesToResponse->handle(Object(Illuminate\\Http\\Request), Object(Closure))
#28 /var/www/morechina/vendor/laravel/framework/src/Illuminate/Routing/Pipeline.php(53): Illuminate\\Pipeline\\Pipeline->Illuminate\\Pipeline\\{closure}(Object(Illuminate\\Http\\Request))
#29 /var/www/morechina/vendor/laravel/framework/src/Illuminate/Cookie/Middleware/EncryptCookies.php(66): Illuminate\\Routing\\Pipeline->Illuminate\\Routing\\{closure}(Object(Illuminate\\Http\\Request))
#30 /var/www/morechina/vendor/laravel/framework/src/Illuminate/Pipeline/Pipeline.php(163): Illuminate\\Cookie\\Middleware\\EncryptCookies->handle(Object(Illuminate\\Http\\Request), Object(Closure))
#31 /var/www/morechina/vendor/laravel/framework/src/Illuminate/Routing/Pipeline.php(53): Illuminate\\Pipeline\\Pipeline->Illuminate\\Pipeline\\{closure}(Object(Illuminate\\Http\\Request))
#32 /var/www/morechina/vendor/laravel/framework/src/Illuminate/Pipeline/Pipeline.php(104): Illuminate\\Routing\\Pipeline->Illuminate\\Routing\\{closure}(Object(Illuminate\\Http\\Request))
#33 /var/www/morechina/vendor/laravel/framework/src/Illuminate/Routing/Router.php(684): Illuminate\\Pipeline\\Pipeline->then(Object(Closure))
#34 /var/www/morechina/vendor/laravel/framework/src/Illuminate/Routing/Router.php(659): Illuminate\\Routing\\Router->runRouteWithinStack(Object(Illuminate\\Routing\\Route), Object(Illuminate\\Http\\Request))
#35 /var/www/morechina/vendor/laravel/framework/src/Illuminate/Routing/Router.php(625): Illuminate\\Routing\\Router->runRoute(Object(Illuminate\\Http\\Request), Object(Illuminate\\Routing\\Route))
#36 /var/www/morechina/vendor/laravel/framework/src/Illuminate/Routing/Router.php(614): Illuminate\\Routing\\Router->dispatchToRoute(Object(Illuminate\\Http\\Request))
#37 /var/www/morechina/vendor/laravel/framework/src/Illuminate/Foundation/Http/Kernel.php(176): Illuminate\\Routing\\Router->dispatch(Object(Illuminate\\Http\\Request))
#38 /var/www/morechina/vendor/laravel/framework/src/Illuminate/Routing/Pipeline.php(30): Illuminate\\Foundation\\Http\\Kernel->Illuminate\\Foundation\\Http\\{closure}(Object(Illuminate\\Http\\Request))
#39 /var/www/morechina/vendor/barryvdh/laravel-debugbar/src/Middleware/InjectDebugbar.php(65): Illuminate\\Routing\\Pipeline->Illuminate\\Routing\\{closure}(Object(Illuminate\\Http\\Request))
#40 /var/www/morechina/vendor/laravel/framework/src/Illuminate/Pipeline/Pipeline.php(163): Barryvdh\\Debugbar\\Middleware\\InjectDebugbar->handle(Object(Illuminate\\Http\\Request), Object(Closure))
#41 /var/www/morechina/vendor/laravel/framework/src/Illuminate/Routing/Pipeline.php(53): Illuminate\\Pipeline\\Pipeline->Illuminate\\Pipeline\\{closure}(Object(Illuminate\\Http\\Request))
#42 /var/www/morechina/vendor/fideloper/proxy/src/TrustProxies.php(57): Illuminate\\Routing\\Pipeline->Illuminate\\Routing\\{closure}(Object(Illuminate\\Http\\Request))
#43 /var/www/morechina/vendor/laravel/framework/src/Illuminate/Pipeline/Pipeline.php(163): Fideloper\\Proxy\\TrustProxies->handle(Object(Illuminate\\Http\\Request), Object(Closure))
#44 /var/www/morechina/vendor/laravel/framework/src/Illuminate/Routing/Pipeline.php(53): Illuminate\\Pipeline\\Pipeline->Illuminate\\Pipeline\\{closure}(Object(Illuminate\\Http\\Request))
#45 /var/www/morechina/vendor/laravel/framework/src/Illuminate/Foundation/Http/Middleware/TransformsRequest.php(31): Illuminate\\Routing\\Pipeline->Illuminate\\Routing\\{closure}(Object(Illuminate\\Http\\Request))
#46 /var/www/morechina/vendor/laravel/framework/src/Illuminate/Pipeline/Pipeline.php(163): Illuminate\\Foundation\\Http\\Middleware\\TransformsRequest->handle(Object(Illuminate\\Http\\Request), Object(Closure))
#47 /var/www/morechina/vendor/laravel/framework/src/Illuminate/Routing/Pipeline.php(53): Illuminate\\Pipeline\\Pipeline->Illuminate\\Pipeline\\{closure}(Object(Illuminate\\Http\\Request))
#48 /var/www/morechina/vendor/laravel/framework/src/Illuminate/Foundation/Http/Middleware/TransformsRequest.php(31): Illuminate\\Routing\\Pipeline->Illuminate\\Routing\\{closure}(Object(Illuminate\\Http\\Request))
#49 /var/www/morechina/vendor/laravel/framework/src/Illuminate/Pipeline/Pipeline.php(163): Illuminate\\Foundation\\Http\\Middleware\\TransformsRequest->handle(Object(Illuminate\\Http\\Request), Object(Closure))
#50 /var/www/morechina/vendor/laravel/framework/src/Illuminate/Routing/Pipeline.php(53): Illuminate\\Pipeline\\Pipeline->Illuminate\\Pipeline\\{closure}(Object(Illuminate\\Http\\Request))
#51 /var/www/morechina/vendor/laravel/framework/src/Illuminate/Foundation/Http/Middleware/ValidatePostSize.php(27): Illuminate\\Routing\\Pipeline->Illuminate\\Routing\\{closure}(Object(Illuminate\\Http\\Request))
#52 /var/www/morechina/vendor/laravel/framework/src/Illuminate/Pipeline/Pipeline.php(163): Illuminate\\Foundation\\Http\\Middleware\\ValidatePostSize->handle(Object(Illuminate\\Http\\Request), Object(Closure))
#53 /var/www/morechina/vendor/laravel/framework/src/Illuminate/Routing/Pipeline.php(53): Illuminate\\Pipeline\\Pipeline->Illuminate\\Pipeline\\{closure}(Object(Illuminate\\Http\\Request))
#54 /var/www/morechina/vendor/laravel/framework/src/Illuminate/Foundation/Http/Middleware/CheckForMaintenanceMode.php(62): Illuminate\\Routing\\Pipeline->Illuminate\\Routing\\{closure}(Object(Illuminate\\Http\\Request))
#55 /var/www/morechina/vendor/laravel/framework/src/Illuminate/Pipeline/Pipeline.php(163): Illuminate\\Foundation\\Http\\Middleware\\CheckForMaintenanceMode->handle(Object(Illuminate\\Http\\Request), Object(Closure))
#56 /var/www/morechina/vendor/laravel/framework/src/Illuminate/Routing/Pipeline.php(53): Illuminate\\Pipeline\\Pipeline->Illuminate\\Pipeline\\{closure}(Object(Illuminate\\Http\\Request))
#57 /var/www/morechina/vendor/laravel/framework/src/Illuminate/Pipeline/Pipeline.php(104): Illuminate\\Routing\\Pipeline->Illuminate\\Routing\\{closure}(Object(Illuminate\\Http\\Request))
#58 /var/www/morechina/vendor/laravel/framework/src/Illuminate/Foundation/Http/Kernel.php(151): Illuminate\\Pipeline\\Pipeline->then(Object(Closure))
#59 /var/www/morechina/vendor/laravel/framework/src/Illuminate/Foundation/Http/Kernel.php(116): Illuminate\\Foundation\\Http\\Kernel->sendRequestThroughRouter(Object(Illuminate\\Http\\Request))
#60 /var/www/morechina/public/index.php(55): Illuminate\\Foundation\\Http\\Kernel->handle(Object(Illuminate\\Http\\Request))
#61 {main}
"} 
[2025-07-04 13:44:53] local.ERROR: SQLSTATE[42S22]: Column not found: 1054 Unknown column 'image' in 'field list' (SQL: update `product_skus` set `updated_at` = 2025-07-04 13:44:53, `image` = images/e64acedf24c395ec425438b2aa16b9cc.jpg where `id` = 1074) {"userId":1,"email":"8016@morechina.com.cn","exception":"[object] (Illuminate\\Database\\QueryException(code: 42S22): SQLSTATE[42S22]: Column not found: 1054 Unknown column 'image' in 'field list' (SQL: update `product_skus` set `updated_at` = 2025-07-04 13:44:53, `image` = images/e64acedf24c395ec425438b2aa16b9cc.jpg where `id` = 1074) at /var/www/morechina/vendor/laravel/framework/src/Illuminate/Database/Connection.php:664, Doctrine\\DBAL\\Driver\\PDOException(code: 42S22): SQLSTATE[42S22]: Column not found: 1054 Unknown column 'image' in 'field list' at /var/www/morechina/vendor/doctrine/dbal/lib/Doctrine/DBAL/Driver/PDOConnection.php:63, PDOException(code: 42S22): SQLSTATE[42S22]: Column not found: 1054 Unknown column 'image' in 'field list' at /var/www/morechina/vendor/doctrine/dbal/lib/Doctrine/DBAL/Driver/PDOConnection.php:61)
[stacktrace]
#0 /var/www/morechina/vendor/laravel/framework/src/Illuminate/Database/Connection.php(624): Illuminate\\Database\\Connection->runQueryCallback('update `product...', Array, Object(Closure))
#1 /var/www/morechina/vendor/laravel/framework/src/Illuminate/Database/Connection.php(490): Illuminate\\Database\\Connection->run('update `product...', Array, Object(Closure))
#2 /var/www/morechina/vendor/laravel/framework/src/Illuminate/Database/Connection.php(423): Illuminate\\Database\\Connection->affectingStatement('update `product...', Array)
#3 /var/www/morechina/vendor/laravel/framework/src/Illuminate/Database/Query/Builder.php(2659): Illuminate\\Database\\Connection->update('update `product...', Array)
#4 /var/www/morechina/vendor/laravel/framework/src/Illuminate/Database/Eloquent/Builder.php(818): Illuminate\\Database\\Query\\Builder->update(Array)
#5 /var/www/morechina/vendor/laravel/framework/src/Illuminate/Database/Eloquent/Model.php(729): Illuminate\\Database\\Eloquent\\Builder->update(Array)
#6 /var/www/morechina/vendor/laravel/framework/src/Illuminate/Database/Eloquent/Model.php(644): Illuminate\\Database\\Eloquent\\Model->performUpdate(Object(Illuminate\\Database\\Eloquent\\Builder))
#7 /var/www/morechina/vendor/encore/laravel-admin/src/Form.php(939): Illuminate\\Database\\Eloquent\\Model->save()
#8 /var/www/morechina/vendor/encore/laravel-admin/src/Form.php(638): Encore\\Admin\\Form->updateRelation(Array)
#9 /var/www/morechina/vendor/laravel/framework/src/Illuminate/Database/Concerns/ManagesTransactions.php(29): Encore\\Admin\\Form->Encore\\Admin\\{closure}(Object(Illuminate\\Database\\MySqlConnection))
#10 /var/www/morechina/vendor/laravel/framework/src/Illuminate/Database/DatabaseManager.php(327): Illuminate\\Database\\Connection->transaction(Object(Closure))
#11 /var/www/morechina/vendor/laravel/framework/src/Illuminate/Support/Facades/Facade.php(237): Illuminate\\Database\\DatabaseManager->__call('transaction', Array)
#12 /var/www/morechina/vendor/encore/laravel-admin/src/Form.php(639): Illuminate\\Support\\Facades\\Facade::__callStatic('transaction', Array)
#13 /var/www/morechina/vendor/encore/laravel-admin/src/Controllers/HasResourceActions.php(16): Encore\\Admin\\Form->update('89')
#14 [internal function]: App\\Admin\\Controllers\\ProductsController->update('89')
#15 /var/www/morechina/vendor/laravel/framework/src/Illuminate/Routing/Controller.php(54): call_user_func_array(Array, Array)
#16 /var/www/morechina/vendor/laravel/framework/src/Illuminate/Routing/ControllerDispatcher.php(45): Illuminate\\Routing\\Controller->callAction('update', Array)
#17 /var/www/morechina/vendor/laravel/framework/src/Illuminate/Routing/Route.php(219): Illuminate\\Routing\\ControllerDispatcher->dispatch(Object(Illuminate\\Routing\\Route), Object(App\\Admin\\Controllers\\ProductsController), 'update')
#18 /var/www/morechina/vendor/laravel/framework/src/Illuminate/Routing/Route.php(176): Illuminate\\Routing\\Route->runController()
#19 /var/www/morechina/vendor/laravel/framework/src/Illuminate/Routing/Router.php(682): Illuminate\\Routing\\Route->run()
#20 /var/www/morechina/vendor/laravel/framework/src/Illuminate/Routing/Pipeline.php(30): Illuminate\\Routing\\Router->Illuminate\\Routing\\{closure}(Object(Illuminate\\Http\\Request))
#21 /var/www/morechina/vendor/encore/laravel-admin/src/Middleware/Permission.php(46): Illuminate\\Routing\\Pipeline->Illuminate\\Routing\\{closure}(Object(Illuminate\\Http\\Request))
#22 /var/www/morechina/vendor/laravel/framework/src/Illuminate/Pipeline/Pipeline.php(163): Encore\\Admin\\Middleware\\Permission->handle(Object(Illuminate\\Http\\Request), Object(Closure))
#23 /var/www/morechina/vendor/laravel/framework/src/Illuminate/Routing/Pipeline.php(53): Illuminate\\Pipeline\\Pipeline->Illuminate\\Pipeline\\{closure}(Object(Illuminate\\Http\\Request))
#24 /var/www/morechina/vendor/encore/laravel-admin/src/Middleware/Bootstrap.php(15): Illuminate\\Routing\\Pipeline->Illuminate\\Routing\\{closure}(Object(Illuminate\\Http\\Request))
#25 /var/www/morechina/vendor/laravel/framework/src/Illuminate/Pipeline/Pipeline.php(163): Encore\\Admin\\Middleware\\Bootstrap->handle(Object(Illuminate\\Http\\Request), Object(Closure))
#26 /var/www/morechina/vendor/laravel/framework/src/Illuminate/Routing/Pipeline.php(53): Illuminate\\Pipeline\\Pipeline->Illuminate\\Pipeline\\{closure}(Object(Illuminate\\Http\\Request))
#27 /var/www/morechina/vendor/encore/laravel-admin/src/Middleware/LogOperation.php(38): Illuminate\\Routing\\Pipeline->Illuminate\\Routing\\{closure}(Object(Illuminate\\Http\\Request))
#28 /var/www/morechina/vendor/laravel/framework/src/Illuminate/Pipeline/Pipeline.php(163): Encore\\Admin\\Middleware\\LogOperation->handle(Object(Illuminate\\Http\\Request), Object(Closure))
#29 /var/www/morechina/vendor/laravel/framework/src/Illuminate/Routing/Pipeline.php(53): Illuminate\\Pipeline\\Pipeline->Illuminate\\Pipeline\\{closure}(Object(Illuminate\\Http\\Request))
#30 /var/www/morechina/vendor/encore/laravel-admin/src/Middleware/Pjax.php(24): Illuminate\\Routing\\Pipeline->Illuminate\\Routing\\{closure}(Object(Illuminate\\Http\\Request))
#31 /var/www/morechina/vendor/laravel/framework/src/Illuminate/Pipeline/Pipeline.php(163): Encore\\Admin\\Middleware\\Pjax->handle(Object(Illuminate\\Http\\Request), Object(Closure))
#32 /var/www/morechina/vendor/laravel/framework/src/Illuminate/Routing/Pipeline.php(53): Illuminate\\Pipeline\\Pipeline->Illuminate\\Pipeline\\{closure}(Object(Illuminate\\Http\\Request))
#33 /var/www/morechina/vendor/encore/laravel-admin/src/Middleware/Authenticate.php(26): Illuminate\\Routing\\Pipeline->Illuminate\\Routing\\{closure}(Object(Illuminate\\Http\\Request))
#34 /var/www/morechina/vendor/laravel/framework/src/Illuminate/Pipeline/Pipeline.php(163): Encore\\Admin\\Middleware\\Authenticate->handle(Object(Illuminate\\Http\\Request), Object(Closure))
#35 /var/www/morechina/vendor/laravel/framework/src/Illuminate/Routing/Pipeline.php(53): Illuminate\\Pipeline\\Pipeline->Illuminate\\Pipeline\\{closure}(Object(Illuminate\\Http\\Request))
#36 /var/www/morechina/app/Http/Middleware/EnsureEmailIsVerified.php(26): Illuminate\\Routing\\Pipeline->Illuminate\\Routing\\{closure}(Object(Illuminate\\Http\\Request))
#37 /var/www/morechina/vendor/laravel/framework/src/Illuminate/Pipeline/Pipeline.php(163): App\\Http\\Middleware\\EnsureEmailIsVerified->handle(Object(Illuminate\\Http\\Request), Object(Closure))
#38 /var/www/morechina/vendor/laravel/framework/src/Illuminate/Routing/Pipeline.php(53): Illuminate\\Pipeline\\Pipeline->Illuminate\\Pipeline\\{closure}(Object(Illuminate\\Http\\Request))
#39 /var/www/morechina/vendor/laravel/framework/src/Illuminate/Routing/Middleware/SubstituteBindings.php(41): Illuminate\\Routing\\Pipeline->Illuminate\\Routing\\{closure}(Object(Illuminate\\Http\\Request))
#40 /var/www/morechina/vendor/laravel/framework/src/Illuminate/Pipeline/Pipeline.php(163): Illuminate\\Routing\\Middleware\\SubstituteBindings->handle(Object(Illuminate\\Http\\Request), Object(Closure))
#41 /var/www/morechina/vendor/laravel/framework/src/Illuminate/Routing/Pipeline.php(53): Illuminate\\Pipeline\\Pipeline->Illuminate\\Pipeline\\{closure}(Object(Illuminate\\Http\\Request))
#42 /var/www/morechina/vendor/laravel/framework/src/Illuminate/Foundation/Http/Middleware/VerifyCsrfToken.php(75): Illuminate\\Routing\\Pipeline->Illuminate\\Routing\\{closure}(Object(Illuminate\\Http\\Request))
#43 /var/www/morechina/vendor/laravel/framework/src/Illuminate/Pipeline/Pipeline.php(163): Illuminate\\Foundation\\Http\\Middleware\\VerifyCsrfToken->handle(Object(Illuminate\\Http\\Request), Object(Closure))
#44 /var/www/morechina/vendor/laravel/framework/src/Illuminate/Routing/Pipeline.php(53): Illuminate\\Pipeline\\Pipeline->Illuminate\\Pipeline\\{closure}(Object(Illuminate\\Http\\Request))
#45 /var/www/morechina/vendor/laravel/framework/src/Illuminate/View/Middleware/ShareErrorsFromSession.php(49): Illuminate\\Routing\\Pipeline->Illuminate\\Routing\\{closure}(Object(Illuminate\\Http\\Request))
#46 /var/www/morechina/vendor/laravel/framework/src/Illuminate/Pipeline/Pipeline.php(163): Illuminate\\View\\Middleware\\ShareErrorsFromSession->handle(Object(Illuminate\\Http\\Request), Object(Closure))
#47 /var/www/morechina/vendor/laravel/framework/src/Illuminate/Routing/Pipeline.php(53): Illuminate\\Pipeline\\Pipeline->Illuminate\\Pipeline\\{closure}(Object(Illuminate\\Http\\Request))
#48 /var/www/morechina/vendor/laravel/framework/src/Illuminate/Session/Middleware/StartSession.php(63): Illuminate\\Routing\\Pipeline->Illuminate\\Routing\\{closure}(Object(Illuminate\\Http\\Request))
#49 /var/www/morechina/vendor/laravel/framework/src/Illuminate/Pipeline/Pipeline.php(163): Illuminate\\Session\\Middleware\\StartSession->handle(Object(Illuminate\\Http\\Request), Object(Closure))
#50 /var/www/morechina/vendor/laravel/framework/src/Illuminate/Routing/Pipeline.php(53): Illuminate\\Pipeline\\Pipeline->Illuminate\\Pipeline\\{closure}(Object(Illuminate\\Http\\Request))
#51 /var/www/morechina/vendor/laravel/framework/src/Illuminate/Cookie/Middleware/AddQueuedCookiesToResponse.php(37): Illuminate\\Routing\\Pipeline->Illuminate\\Routing\\{closure}(Object(Illuminate\\Http\\Request))
#52 /var/www/morechina/vendor/laravel/framework/src/Illuminate/Pipeline/Pipeline.php(163): Illuminate\\Cookie\\Middleware\\AddQueuedCookiesToResponse->handle(Object(Illuminate\\Http\\Request), Object(Closure))
#53 /var/www/morechina/vendor/laravel/framework/src/Illuminate/Routing/Pipeline.php(53): Illuminate\\Pipeline\\Pipeline->Illuminate\\Pipeline\\{closure}(Object(Illuminate\\Http\\Request))
#54 /var/www/morechina/vendor/laravel/framework/src/Illuminate/Cookie/Middleware/EncryptCookies.php(66): Illuminate\\Routing\\Pipeline->Illuminate\\Routing\\{closure}(Object(Illuminate\\Http\\Request))
#55 /var/www/morechina/vendor/laravel/framework/src/Illuminate/Pipeline/Pipeline.php(163): Illuminate\\Cookie\\Middleware\\EncryptCookies->handle(Object(Illuminate\\Http\\Request), Object(Closure))
#56 /var/www/morechina/vendor/laravel/framework/src/Illuminate/Routing/Pipeline.php(53): Illuminate\\Pipeline\\Pipeline->Illuminate\\Pipeline\\{closure}(Object(Illuminate\\Http\\Request))
#57 /var/www/morechina/vendor/laravel/framework/src/Illuminate/Pipeline/Pipeline.php(104): Illuminate\\Routing\\Pipeline->Illuminate\\Routing\\{closure}(Object(Illuminate\\Http\\Request))
#58 /var/www/morechina/vendor/laravel/framework/src/Illuminate/Routing/Router.php(684): Illuminate\\Pipeline\\Pipeline->then(Object(Closure))
#59 /var/www/morechina/vendor/laravel/framework/src/Illuminate/Routing/Router.php(659): Illuminate\\Routing\\Router->runRouteWithinStack(Object(Illuminate\\Routing\\Route), Object(Illuminate\\Http\\Request))
#60 /var/www/morechina/vendor/laravel/framework/src/Illuminate/Routing/Router.php(625): Illuminate\\Routing\\Router->runRoute(Object(Illuminate\\Http\\Request), Object(Illuminate\\Routing\\Route))
#61 /var/www/morechina/vendor/laravel/framework/src/Illuminate/Routing/Router.php(614): Illuminate\\Routing\\Router->dispatchToRoute(Object(Illuminate\\Http\\Request))
#62 /var/www/morechina/vendor/laravel/framework/src/Illuminate/Foundation/Http/Kernel.php(176): Illuminate\\Routing\\Router->dispatch(Object(Illuminate\\Http\\Request))
#63 /var/www/morechina/vendor/laravel/framework/src/Illuminate/Routing/Pipeline.php(30): Illuminate\\Foundation\\Http\\Kernel->Illuminate\\Foundation\\Http\\{closure}(Object(Illuminate\\Http\\Request))
#64 /var/www/morechina/vendor/barryvdh/laravel-debugbar/src/Middleware/InjectDebugbar.php(65): Illuminate\\Routing\\Pipeline->Illuminate\\Routing\\{closure}(Object(Illuminate\\Http\\Request))
#65 /var/www/morechina/vendor/laravel/framework/src/Illuminate/Pipeline/Pipeline.php(163): Barryvdh\\Debugbar\\Middleware\\InjectDebugbar->handle(Object(Illuminate\\Http\\Request), Object(Closure))
#66 /var/www/morechina/vendor/laravel/framework/src/Illuminate/Routing/Pipeline.php(53): Illuminate\\Pipeline\\Pipeline->Illuminate\\Pipeline\\{closure}(Object(Illuminate\\Http\\Request))
#67 /var/www/morechina/vendor/fideloper/proxy/src/TrustProxies.php(57): Illuminate\\Routing\\Pipeline->Illuminate\\Routing\\{closure}(Object(Illuminate\\Http\\Request))
#68 /var/www/morechina/vendor/laravel/framework/src/Illuminate/Pipeline/Pipeline.php(163): Fideloper\\Proxy\\TrustProxies->handle(Object(Illuminate\\Http\\Request), Object(Closure))
#69 /var/www/morechina/vendor/laravel/framework/src/Illuminate/Routing/Pipeline.php(53): Illuminate\\Pipeline\\Pipeline->Illuminate\\Pipeline\\{closure}(Object(Illuminate\\Http\\Request))
#70 /var/www/morechina/vendor/laravel/framework/src/Illuminate/Foundation/Http/Middleware/TransformsRequest.php(31): Illuminate\\Routing\\Pipeline->Illuminate\\Routing\\{closure}(Object(Illuminate\\Http\\Request))
#71 /var/www/morechina/vendor/laravel/framework/src/Illuminate/Pipeline/Pipeline.php(163): Illuminate\\Foundation\\Http\\Middleware\\TransformsRequest->handle(Object(Illuminate\\Http\\Request), Object(Closure))
#72 /var/www/morechina/vendor/laravel/framework/src/Illuminate/Routing/Pipeline.php(53): Illuminate\\Pipeline\\Pipeline->Illuminate\\Pipeline\\{closure}(Object(Illuminate\\Http\\Request))
#73 /var/www/morechina/vendor/laravel/framework/src/Illuminate/Foundation/Http/Middleware/TransformsRequest.php(31): Illuminate\\Routing\\Pipeline->Illuminate\\Routing\\{closure}(Object(Illuminate\\Http\\Request))
#74 /var/www/morechina/vendor/laravel/framework/src/Illuminate/Pipeline/Pipeline.php(163): Illuminate\\Foundation\\Http\\Middleware\\TransformsRequest->handle(Object(Illuminate\\Http\\Request), Object(Closure))
#75 /var/www/morechina/vendor/laravel/framework/src/Illuminate/Routing/Pipeline.php(53): Illuminate\\Pipeline\\Pipeline->Illuminate\\Pipeline\\{closure}(Object(Illuminate\\Http\\Request))
#76 /var/www/morechina/vendor/laravel/framework/src/Illuminate/Foundation/Http/Middleware/ValidatePostSize.php(27): Illuminate\\Routing\\Pipeline->Illuminate\\Routing\\{closure}(Object(Illuminate\\Http\\Request))
#77 /var/www/morechina/vendor/laravel/framework/src/Illuminate/Pipeline/Pipeline.php(163): Illuminate\\Foundation\\Http\\Middleware\\ValidatePostSize->handle(Object(Illuminate\\Http\\Request), Object(Closure))
#78 /var/www/morechina/vendor/laravel/framework/src/Illuminate/Routing/Pipeline.php(53): Illuminate\\Pipeline\\Pipeline->Illuminate\\Pipeline\\{closure}(Object(Illuminate\\Http\\Request))
#79 /var/www/morechina/vendor/laravel/framework/src/Illuminate/Foundation/Http/Middleware/CheckForMaintenanceMode.php(62): Illuminate\\Routing\\Pipeline->Illuminate\\Routing\\{closure}(Object(Illuminate\\Http\\Request))
#80 /var/www/morechina/vendor/laravel/framework/src/Illuminate/Pipeline/Pipeline.php(163): Illuminate\\Foundation\\Http\\Middleware\\CheckForMaintenanceMode->handle(Object(Illuminate\\Http\\Request), Object(Closure))
#81 /var/www/morechina/vendor/laravel/framework/src/Illuminate/Routing/Pipeline.php(53): Illuminate\\Pipeline\\Pipeline->Illuminate\\Pipeline\\{closure}(Object(Illuminate\\Http\\Request))
#82 /var/www/morechina/vendor/laravel/framework/src/Illuminate/Pipeline/Pipeline.php(104): Illuminate\\Routing\\Pipeline->Illuminate\\Routing\\{closure}(Object(Illuminate\\Http\\Request))
#83 /var/www/morechina/vendor/laravel/framework/src/Illuminate/Foundation/Http/Kernel.php(151): Illuminate\\Pipeline\\Pipeline->then(Object(Closure))
#84 /var/www/morechina/vendor/laravel/framework/src/Illuminate/Foundation/Http/Kernel.php(116): Illuminate\\Foundation\\Http\\Kernel->sendRequestThroughRouter(Object(Illuminate\\Http\\Request))
#85 /var/www/morechina/public/index.php(55): Illuminate\\Foundation\\Http\\Kernel->handle(Object(Illuminate\\Http\\Request))
#86 {main}
"} 
[2025-07-04 13:46:03] local.ERROR: SQLSTATE[42S22]: Column not found: 1054 Unknown column 'image' in 'field list' (SQL: update `product_skus` set `updated_at` = 2025-07-04 13:46:03, `image` = images/33ae623f21afc48f85649d89c7f9d645.jpg where `id` = 1074) {"userId":1,"email":"8016@morechina.com.cn","exception":"[object] (Illuminate\\Database\\QueryException(code: 42S22): SQLSTATE[42S22]: Column not found: 1054 Unknown column 'image' in 'field list' (SQL: update `product_skus` set `updated_at` = 2025-07-04 13:46:03, `image` = images/33ae623f21afc48f85649d89c7f9d645.jpg where `id` = 1074) at /var/www/morechina/vendor/laravel/framework/src/Illuminate/Database/Connection.php:664, Doctrine\\DBAL\\Driver\\PDOException(code: 42S22): SQLSTATE[42S22]: Column not found: 1054 Unknown column 'image' in 'field list' at /var/www/morechina/vendor/doctrine/dbal/lib/Doctrine/DBAL/Driver/PDOConnection.php:63, PDOException(code: 42S22): SQLSTATE[42S22]: Column not found: 1054 Unknown column 'image' in 'field list' at /var/www/morechina/vendor/doctrine/dbal/lib/Doctrine/DBAL/Driver/PDOConnection.php:61)
[stacktrace]
#0 /var/www/morechina/vendor/laravel/framework/src/Illuminate/Database/Connection.php(624): Illuminate\\Database\\Connection->runQueryCallback('update `product...', Array, Object(Closure))
#1 /var/www/morechina/vendor/laravel/framework/src/Illuminate/Database/Connection.php(490): Illuminate\\Database\\Connection->run('update `product...', Array, Object(Closure))
#2 /var/www/morechina/vendor/laravel/framework/src/Illuminate/Database/Connection.php(423): Illuminate\\Database\\Connection->affectingStatement('update `product...', Array)
#3 /var/www/morechina/vendor/laravel/framework/src/Illuminate/Database/Query/Builder.php(2659): Illuminate\\Database\\Connection->update('update `product...', Array)
#4 /var/www/morechina/vendor/laravel/framework/src/Illuminate/Database/Eloquent/Builder.php(818): Illuminate\\Database\\Query\\Builder->update(Array)
#5 /var/www/morechina/vendor/laravel/framework/src/Illuminate/Database/Eloquent/Model.php(729): Illuminate\\Database\\Eloquent\\Builder->update(Array)
#6 /var/www/morechina/vendor/laravel/framework/src/Illuminate/Database/Eloquent/Model.php(644): Illuminate\\Database\\Eloquent\\Model->performUpdate(Object(Illuminate\\Database\\Eloquent\\Builder))
#7 /var/www/morechina/vendor/encore/laravel-admin/src/Form.php(939): Illuminate\\Database\\Eloquent\\Model->save()
#8 /var/www/morechina/vendor/encore/laravel-admin/src/Form.php(638): Encore\\Admin\\Form->updateRelation(Array)
#9 /var/www/morechina/vendor/laravel/framework/src/Illuminate/Database/Concerns/ManagesTransactions.php(29): Encore\\Admin\\Form->Encore\\Admin\\{closure}(Object(Illuminate\\Database\\MySqlConnection))
#10 /var/www/morechina/vendor/laravel/framework/src/Illuminate/Database/DatabaseManager.php(327): Illuminate\\Database\\Connection->transaction(Object(Closure))
#11 /var/www/morechina/vendor/laravel/framework/src/Illuminate/Support/Facades/Facade.php(237): Illuminate\\Database\\DatabaseManager->__call('transaction', Array)
#12 /var/www/morechina/vendor/encore/laravel-admin/src/Form.php(639): Illuminate\\Support\\Facades\\Facade::__callStatic('transaction', Array)
#13 /var/www/morechina/vendor/encore/laravel-admin/src/Controllers/HasResourceActions.php(16): Encore\\Admin\\Form->update('89')
#14 [internal function]: App\\Admin\\Controllers\\ProductsController->update('89')
#15 /var/www/morechina/vendor/laravel/framework/src/Illuminate/Routing/Controller.php(54): call_user_func_array(Array, Array)
#16 /var/www/morechina/vendor/laravel/framework/src/Illuminate/Routing/ControllerDispatcher.php(45): Illuminate\\Routing\\Controller->callAction('update', Array)
#17 /var/www/morechina/vendor/laravel/framework/src/Illuminate/Routing/Route.php(219): Illuminate\\Routing\\ControllerDispatcher->dispatch(Object(Illuminate\\Routing\\Route), Object(App\\Admin\\Controllers\\ProductsController), 'update')
#18 /var/www/morechina/vendor/laravel/framework/src/Illuminate/Routing/Route.php(176): Illuminate\\Routing\\Route->runController()
#19 /var/www/morechina/vendor/laravel/framework/src/Illuminate/Routing/Router.php(682): Illuminate\\Routing\\Route->run()
#20 /var/www/morechina/vendor/laravel/framework/src/Illuminate/Routing/Pipeline.php(30): Illuminate\\Routing\\Router->Illuminate\\Routing\\{closure}(Object(Illuminate\\Http\\Request))
#21 /var/www/morechina/vendor/encore/laravel-admin/src/Middleware/Permission.php(46): Illuminate\\Routing\\Pipeline->Illuminate\\Routing\\{closure}(Object(Illuminate\\Http\\Request))
#22 /var/www/morechina/vendor/laravel/framework/src/Illuminate/Pipeline/Pipeline.php(163): Encore\\Admin\\Middleware\\Permission->handle(Object(Illuminate\\Http\\Request), Object(Closure))
#23 /var/www/morechina/vendor/laravel/framework/src/Illuminate/Routing/Pipeline.php(53): Illuminate\\Pipeline\\Pipeline->Illuminate\\Pipeline\\{closure}(Object(Illuminate\\Http\\Request))
#24 /var/www/morechina/vendor/encore/laravel-admin/src/Middleware/Bootstrap.php(15): Illuminate\\Routing\\Pipeline->Illuminate\\Routing\\{closure}(Object(Illuminate\\Http\\Request))
#25 /var/www/morechina/vendor/laravel/framework/src/Illuminate/Pipeline/Pipeline.php(163): Encore\\Admin\\Middleware\\Bootstrap->handle(Object(Illuminate\\Http\\Request), Object(Closure))
#26 /var/www/morechina/vendor/laravel/framework/src/Illuminate/Routing/Pipeline.php(53): Illuminate\\Pipeline\\Pipeline->Illuminate\\Pipeline\\{closure}(Object(Illuminate\\Http\\Request))
#27 /var/www/morechina/vendor/encore/laravel-admin/src/Middleware/LogOperation.php(38): Illuminate\\Routing\\Pipeline->Illuminate\\Routing\\{closure}(Object(Illuminate\\Http\\Request))
#28 /var/www/morechina/vendor/laravel/framework/src/Illuminate/Pipeline/Pipeline.php(163): Encore\\Admin\\Middleware\\LogOperation->handle(Object(Illuminate\\Http\\Request), Object(Closure))
#29 /var/www/morechina/vendor/laravel/framework/src/Illuminate/Routing/Pipeline.php(53): Illuminate\\Pipeline\\Pipeline->Illuminate\\Pipeline\\{closure}(Object(Illuminate\\Http\\Request))
#30 /var/www/morechina/vendor/encore/laravel-admin/src/Middleware/Pjax.php(24): Illuminate\\Routing\\Pipeline->Illuminate\\Routing\\{closure}(Object(Illuminate\\Http\\Request))
#31 /var/www/morechina/vendor/laravel/framework/src/Illuminate/Pipeline/Pipeline.php(163): Encore\\Admin\\Middleware\\Pjax->handle(Object(Illuminate\\Http\\Request), Object(Closure))
#32 /var/www/morechina/vendor/laravel/framework/src/Illuminate/Routing/Pipeline.php(53): Illuminate\\Pipeline\\Pipeline->Illuminate\\Pipeline\\{closure}(Object(Illuminate\\Http\\Request))
#33 /var/www/morechina/vendor/encore/laravel-admin/src/Middleware/Authenticate.php(26): Illuminate\\Routing\\Pipeline->Illuminate\\Routing\\{closure}(Object(Illuminate\\Http\\Request))
#34 /var/www/morechina/vendor/laravel/framework/src/Illuminate/Pipeline/Pipeline.php(163): Encore\\Admin\\Middleware\\Authenticate->handle(Object(Illuminate\\Http\\Request), Object(Closure))
#35 /var/www/morechina/vendor/laravel/framework/src/Illuminate/Routing/Pipeline.php(53): Illuminate\\Pipeline\\Pipeline->Illuminate\\Pipeline\\{closure}(Object(Illuminate\\Http\\Request))
#36 /var/www/morechina/app/Http/Middleware/EnsureEmailIsVerified.php(26): Illuminate\\Routing\\Pipeline->Illuminate\\Routing\\{closure}(Object(Illuminate\\Http\\Request))
#37 /var/www/morechina/vendor/laravel/framework/src/Illuminate/Pipeline/Pipeline.php(163): App\\Http\\Middleware\\EnsureEmailIsVerified->handle(Object(Illuminate\\Http\\Request), Object(Closure))
#38 /var/www/morechina/vendor/laravel/framework/src/Illuminate/Routing/Pipeline.php(53): Illuminate\\Pipeline\\Pipeline->Illuminate\\Pipeline\\{closure}(Object(Illuminate\\Http\\Request))
#39 /var/www/morechina/vendor/laravel/framework/src/Illuminate/Routing/Middleware/SubstituteBindings.php(41): Illuminate\\Routing\\Pipeline->Illuminate\\Routing\\{closure}(Object(Illuminate\\Http\\Request))
#40 /var/www/morechina/vendor/laravel/framework/src/Illuminate/Pipeline/Pipeline.php(163): Illuminate\\Routing\\Middleware\\SubstituteBindings->handle(Object(Illuminate\\Http\\Request), Object(Closure))
#41 /var/www/morechina/vendor/laravel/framework/src/Illuminate/Routing/Pipeline.php(53): Illuminate\\Pipeline\\Pipeline->Illuminate\\Pipeline\\{closure}(Object(Illuminate\\Http\\Request))
#42 /var/www/morechina/vendor/laravel/framework/src/Illuminate/Foundation/Http/Middleware/VerifyCsrfToken.php(75): Illuminate\\Routing\\Pipeline->Illuminate\\Routing\\{closure}(Object(Illuminate\\Http\\Request))
#43 /var/www/morechina/vendor/laravel/framework/src/Illuminate/Pipeline/Pipeline.php(163): Illuminate\\Foundation\\Http\\Middleware\\VerifyCsrfToken->handle(Object(Illuminate\\Http\\Request), Object(Closure))
#44 /var/www/morechina/vendor/laravel/framework/src/Illuminate/Routing/Pipeline.php(53): Illuminate\\Pipeline\\Pipeline->Illuminate\\Pipeline\\{closure}(Object(Illuminate\\Http\\Request))
#45 /var/www/morechina/vendor/laravel/framework/src/Illuminate/View/Middleware/ShareErrorsFromSession.php(49): Illuminate\\Routing\\Pipeline->Illuminate\\Routing\\{closure}(Object(Illuminate\\Http\\Request))
#46 /var/www/morechina/vendor/laravel/framework/src/Illuminate/Pipeline/Pipeline.php(163): Illuminate\\View\\Middleware\\ShareErrorsFromSession->handle(Object(Illuminate\\Http\\Request), Object(Closure))
#47 /var/www/morechina/vendor/laravel/framework/src/Illuminate/Routing/Pipeline.php(53): Illuminate\\Pipeline\\Pipeline->Illuminate\\Pipeline\\{closure}(Object(Illuminate\\Http\\Request))
#48 /var/www/morechina/vendor/laravel/framework/src/Illuminate/Session/Middleware/StartSession.php(63): Illuminate\\Routing\\Pipeline->Illuminate\\Routing\\{closure}(Object(Illuminate\\Http\\Request))
#49 /var/www/morechina/vendor/laravel/framework/src/Illuminate/Pipeline/Pipeline.php(163): Illuminate\\Session\\Middleware\\StartSession->handle(Object(Illuminate\\Http\\Request), Object(Closure))
#50 /var/www/morechina/vendor/laravel/framework/src/Illuminate/Routing/Pipeline.php(53): Illuminate\\Pipeline\\Pipeline->Illuminate\\Pipeline\\{closure}(Object(Illuminate\\Http\\Request))
#51 /var/www/morechina/vendor/laravel/framework/src/Illuminate/Cookie/Middleware/AddQueuedCookiesToResponse.php(37): Illuminate\\Routing\\Pipeline->Illuminate\\Routing\\{closure}(Object(Illuminate\\Http\\Request))
#52 /var/www/morechina/vendor/laravel/framework/src/Illuminate/Pipeline/Pipeline.php(163): Illuminate\\Cookie\\Middleware\\AddQueuedCookiesToResponse->handle(Object(Illuminate\\Http\\Request), Object(Closure))
#53 /var/www/morechina/vendor/laravel/framework/src/Illuminate/Routing/Pipeline.php(53): Illuminate\\Pipeline\\Pipeline->Illuminate\\Pipeline\\{closure}(Object(Illuminate\\Http\\Request))
#54 /var/www/morechina/vendor/laravel/framework/src/Illuminate/Cookie/Middleware/EncryptCookies.php(66): Illuminate\\Routing\\Pipeline->Illuminate\\Routing\\{closure}(Object(Illuminate\\Http\\Request))
#55 /var/www/morechina/vendor/laravel/framework/src/Illuminate/Pipeline/Pipeline.php(163): Illuminate\\Cookie\\Middleware\\EncryptCookies->handle(Object(Illuminate\\Http\\Request), Object(Closure))
#56 /var/www/morechina/vendor/laravel/framework/src/Illuminate/Routing/Pipeline.php(53): Illuminate\\Pipeline\\Pipeline->Illuminate\\Pipeline\\{closure}(Object(Illuminate\\Http\\Request))
#57 /var/www/morechina/vendor/laravel/framework/src/Illuminate/Pipeline/Pipeline.php(104): Illuminate\\Routing\\Pipeline->Illuminate\\Routing\\{closure}(Object(Illuminate\\Http\\Request))
#58 /var/www/morechina/vendor/laravel/framework/src/Illuminate/Routing/Router.php(684): Illuminate\\Pipeline\\Pipeline->then(Object(Closure))
#59 /var/www/morechina/vendor/laravel/framework/src/Illuminate/Routing/Router.php(659): Illuminate\\Routing\\Router->runRouteWithinStack(Object(Illuminate\\Routing\\Route), Object(Illuminate\\Http\\Request))
#60 /var/www/morechina/vendor/laravel/framework/src/Illuminate/Routing/Router.php(625): Illuminate\\Routing\\Router->runRoute(Object(Illuminate\\Http\\Request), Object(Illuminate\\Routing\\Route))
#61 /var/www/morechina/vendor/laravel/framework/src/Illuminate/Routing/Router.php(614): Illuminate\\Routing\\Router->dispatchToRoute(Object(Illuminate\\Http\\Request))
#62 /var/www/morechina/vendor/laravel/framework/src/Illuminate/Foundation/Http/Kernel.php(176): Illuminate\\Routing\\Router->dispatch(Object(Illuminate\\Http\\Request))
#63 /var/www/morechina/vendor/laravel/framework/src/Illuminate/Routing/Pipeline.php(30): Illuminate\\Foundation\\Http\\Kernel->Illuminate\\Foundation\\Http\\{closure}(Object(Illuminate\\Http\\Request))
#64 /var/www/morechina/vendor/barryvdh/laravel-debugbar/src/Middleware/InjectDebugbar.php(65): Illuminate\\Routing\\Pipeline->Illuminate\\Routing\\{closure}(Object(Illuminate\\Http\\Request))
#65 /var/www/morechina/vendor/laravel/framework/src/Illuminate/Pipeline/Pipeline.php(163): Barryvdh\\Debugbar\\Middleware\\InjectDebugbar->handle(Object(Illuminate\\Http\\Request), Object(Closure))
#66 /var/www/morechina/vendor/laravel/framework/src/Illuminate/Routing/Pipeline.php(53): Illuminate\\Pipeline\\Pipeline->Illuminate\\Pipeline\\{closure}(Object(Illuminate\\Http\\Request))
#67 /var/www/morechina/vendor/fideloper/proxy/src/TrustProxies.php(57): Illuminate\\Routing\\Pipeline->Illuminate\\Routing\\{closure}(Object(Illuminate\\Http\\Request))
#68 /var/www/morechina/vendor/laravel/framework/src/Illuminate/Pipeline/Pipeline.php(163): Fideloper\\Proxy\\TrustProxies->handle(Object(Illuminate\\Http\\Request), Object(Closure))
#69 /var/www/morechina/vendor/laravel/framework/src/Illuminate/Routing/Pipeline.php(53): Illuminate\\Pipeline\\Pipeline->Illuminate\\Pipeline\\{closure}(Object(Illuminate\\Http\\Request))
#70 /var/www/morechina/vendor/laravel/framework/src/Illuminate/Foundation/Http/Middleware/TransformsRequest.php(31): Illuminate\\Routing\\Pipeline->Illuminate\\Routing\\{closure}(Object(Illuminate\\Http\\Request))
#71 /var/www/morechina/vendor/laravel/framework/src/Illuminate/Pipeline/Pipeline.php(163): Illuminate\\Foundation\\Http\\Middleware\\TransformsRequest->handle(Object(Illuminate\\Http\\Request), Object(Closure))
#72 /var/www/morechina/vendor/laravel/framework/src/Illuminate/Routing/Pipeline.php(53): Illuminate\\Pipeline\\Pipeline->Illuminate\\Pipeline\\{closure}(Object(Illuminate\\Http\\Request))
#73 /var/www/morechina/vendor/laravel/framework/src/Illuminate/Foundation/Http/Middleware/TransformsRequest.php(31): Illuminate\\Routing\\Pipeline->Illuminate\\Routing\\{closure}(Object(Illuminate\\Http\\Request))
#74 /var/www/morechina/vendor/laravel/framework/src/Illuminate/Pipeline/Pipeline.php(163): Illuminate\\Foundation\\Http\\Middleware\\TransformsRequest->handle(Object(Illuminate\\Http\\Request), Object(Closure))
#75 /var/www/morechina/vendor/laravel/framework/src/Illuminate/Routing/Pipeline.php(53): Illuminate\\Pipeline\\Pipeline->Illuminate\\Pipeline\\{closure}(Object(Illuminate\\Http\\Request))
#76 /var/www/morechina/vendor/laravel/framework/src/Illuminate/Foundation/Http/Middleware/ValidatePostSize.php(27): Illuminate\\Routing\\Pipeline->Illuminate\\Routing\\{closure}(Object(Illuminate\\Http\\Request))
#77 /var/www/morechina/vendor/laravel/framework/src/Illuminate/Pipeline/Pipeline.php(163): Illuminate\\Foundation\\Http\\Middleware\\ValidatePostSize->handle(Object(Illuminate\\Http\\Request), Object(Closure))
#78 /var/www/morechina/vendor/laravel/framework/src/Illuminate/Routing/Pipeline.php(53): Illuminate\\Pipeline\\Pipeline->Illuminate\\Pipeline\\{closure}(Object(Illuminate\\Http\\Request))
#79 /var/www/morechina/vendor/laravel/framework/src/Illuminate/Foundation/Http/Middleware/CheckForMaintenanceMode.php(62): Illuminate\\Routing\\Pipeline->Illuminate\\Routing\\{closure}(Object(Illuminate\\Http\\Request))
#80 /var/www/morechina/vendor/laravel/framework/src/Illuminate/Pipeline/Pipeline.php(163): Illuminate\\Foundation\\Http\\Middleware\\CheckForMaintenanceMode->handle(Object(Illuminate\\Http\\Request), Object(Closure))
#81 /var/www/morechina/vendor/laravel/framework/src/Illuminate/Routing/Pipeline.php(53): Illuminate\\Pipeline\\Pipeline->Illuminate\\Pipeline\\{closure}(Object(Illuminate\\Http\\Request))
#82 /var/www/morechina/vendor/laravel/framework/src/Illuminate/Pipeline/Pipeline.php(104): Illuminate\\Routing\\Pipeline->Illuminate\\Routing\\{closure}(Object(Illuminate\\Http\\Request))
#83 /var/www/morechina/vendor/laravel/framework/src/Illuminate/Foundation/Http/Kernel.php(151): Illuminate\\Pipeline\\Pipeline->then(Object(Closure))
#84 /var/www/morechina/vendor/laravel/framework/src/Illuminate/Foundation/Http/Kernel.php(116): Illuminate\\Foundation\\Http\\Kernel->sendRequestThroughRouter(Object(Illuminate\\Http\\Request))
#85 /var/www/morechina/public/index.php(55): Illuminate\\Foundation\\Http\\Kernel->handle(Object(Illuminate\\Http\\Request))
#86 {main}
"} 
