[2025-07-28 15:45:05] local.ERROR: SQLSTATE[42S01]: Base table or view already exists: 1050 Table 'product_sku_images' already exists (SQL: create table `product_sku_images` (`id` int unsigned not null auto_increment primary key, `productsku_id` int unsigned not null, `path` varchar(191) not null, `is_main` tinyint(1) not null default '1', `order` int unsigned not null default '0', `created_at` timestamp null, `updated_at` timestamp null) default character set utf8mb4 collate 'utf8mb4_unicode_ci') {"exception":"[object] (Illuminate\\Database\\QueryException(code: 42S01): SQLSTATE[42S01]: Base table or view already exists: 1050 Table 'product_sku_images' already exists (SQL: create table `product_sku_images` (`id` int unsigned not null auto_increment primary key, `productsku_id` int unsigned not null, `path` varchar(191) not null, `is_main` tinyint(1) not null default '1', `order` int unsigned not null default '0', `created_at` timestamp null, `updated_at` timestamp null) default character set utf8mb4 collate 'utf8mb4_unicode_ci') at /var/www/morechina/vendor/laravel/framework/src/Illuminate/Database/Connection.php:664, Doctrine\\DBAL\\Driver\\PDOException(code: 42S01): SQLSTATE[42S01]: Base table or view already exists: 1050 Table 'product_sku_images' already exists at /var/www/morechina/vendor/doctrine/dbal/lib/Doctrine/DBAL/Driver/PDOStatement.php:123, PDOException(code: 42S01): SQLSTATE[42S01]: Base table or view already exists: 1050 Table 'product_sku_images' already exists at /var/www/morechina/vendor/doctrine/dbal/lib/Doctrine/DBAL/Driver/PDOStatement.php:121)
[stacktrace]
#0 /var/www/morechina/vendor/laravel/framework/src/Illuminate/Database/Connection.php(624): Illuminate\\Database\\Connection->runQueryCallback('create table `p...', Array, Object(Closure))
#1 /var/www/morechina/vendor/laravel/framework/src/Illuminate/Database/Connection.php(459): Illuminate\\Database\\Connection->run('create table `p...', Array, Object(Closure))
#2 /var/www/morechina/vendor/laravel/framework/src/Illuminate/Database/Schema/Blueprint.php(97): Illuminate\\Database\\Connection->statement('create table `p...')
#3 /var/www/morechina/vendor/laravel/framework/src/Illuminate/Database/Schema/Builder.php(264): Illuminate\\Database\\Schema\\Blueprint->build(Object(Illuminate\\Database\\MySqlConnection), Object(Illuminate\\Database\\Schema\\Grammars\\MySqlGrammar))
#4 /var/www/morechina/vendor/laravel/framework/src/Illuminate/Database/Schema/Builder.php(165): Illuminate\\Database\\Schema\\Builder->build(Object(Illuminate\\Database\\Schema\\Blueprint))
#5 /var/www/morechina/vendor/laravel/framework/src/Illuminate/Support/Facades/Facade.php(237): Illuminate\\Database\\Schema\\Builder->create('product_sku_ima...', Object(Closure))
#6 /var/www/morechina/database/migrations/2025_07_22_141337_create_product_sku_images_table.php(24): Illuminate\\Support\\Facades\\Facade::__callStatic('create', Array)
#7 /var/www/morechina/vendor/laravel/framework/src/Illuminate/Database/Migrations/Migrator.php(360): CreateProductSkuImagesTable->up()
#8 /var/www/morechina/vendor/laravel/framework/src/Illuminate/Database/Migrations/Migrator.php(367): Illuminate\\Database\\Migrations\\Migrator->Illuminate\\Database\\Migrations\\{closure}()
#9 /var/www/morechina/vendor/laravel/framework/src/Illuminate/Database/Migrations/Migrator.php(178): Illuminate\\Database\\Migrations\\Migrator->runMigration(Object(CreateProductSkuImagesTable), 'up')
#10 /var/www/morechina/vendor/laravel/framework/src/Illuminate/Database/Migrations/Migrator.php(147): Illuminate\\Database\\Migrations\\Migrator->runUp('/var/www/morech...', 42, false)
#11 /var/www/morechina/vendor/laravel/framework/src/Illuminate/Database/Migrations/Migrator.php(96): Illuminate\\Database\\Migrations\\Migrator->runPending(Array, Array)
#12 /var/www/morechina/vendor/laravel/framework/src/Illuminate/Database/Console/Migrations/MigrateCommand.php(71): Illuminate\\Database\\Migrations\\Migrator->run(Array, Array)
#13 [internal function]: Illuminate\\Database\\Console\\Migrations\\MigrateCommand->handle()
#14 /var/www/morechina/vendor/laravel/framework/src/Illuminate/Container/BoundMethod.php(29): call_user_func_array(Array, Array)
#15 /var/www/morechina/vendor/laravel/framework/src/Illuminate/Container/BoundMethod.php(87): Illuminate\\Container\\BoundMethod::Illuminate\\Container\\{closure}()
#16 /var/www/morechina/vendor/laravel/framework/src/Illuminate/Container/BoundMethod.php(31): Illuminate\\Container\\BoundMethod::callBoundMethod(Object(Illuminate\\Foundation\\Application), Array, Object(Closure))
#17 /var/www/morechina/vendor/laravel/framework/src/Illuminate/Container/Container.php(572): Illuminate\\Container\\BoundMethod::call(Object(Illuminate\\Foundation\\Application), Array, Array, NULL)
#18 /var/www/morechina/vendor/laravel/framework/src/Illuminate/Console/Command.php(183): Illuminate\\Container\\Container->call(Array)
#19 /var/www/morechina/vendor/symfony/console/Command/Command.php(255): Illuminate\\Console\\Command->execute(Object(Symfony\\Component\\Console\\Input\\ArgvInput), Object(Illuminate\\Console\\OutputStyle))
#20 /var/www/morechina/vendor/laravel/framework/src/Illuminate/Console/Command.php(170): Symfony\\Component\\Console\\Command\\Command->run(Object(Symfony\\Component\\Console\\Input\\ArgvInput), Object(Illuminate\\Console\\OutputStyle))
#21 /var/www/morechina/vendor/symfony/console/Application.php(1011): Illuminate\\Console\\Command->run(Object(Symfony\\Component\\Console\\Input\\ArgvInput), Object(Symfony\\Component\\Console\\Output\\ConsoleOutput))
#22 /var/www/morechina/vendor/symfony/console/Application.php(272): Symfony\\Component\\Console\\Application->doRunCommand(Object(Illuminate\\Database\\Console\\Migrations\\MigrateCommand), Object(Symfony\\Component\\Console\\Input\\ArgvInput), Object(Symfony\\Component\\Console\\Output\\ConsoleOutput))
#23 /var/www/morechina/vendor/symfony/console/Application.php(148): Symfony\\Component\\Console\\Application->doRun(Object(Symfony\\Component\\Console\\Input\\ArgvInput), Object(Symfony\\Component\\Console\\Output\\ConsoleOutput))
#24 /var/www/morechina/vendor/laravel/framework/src/Illuminate/Console/Application.php(89): Symfony\\Component\\Console\\Application->run(Object(Symfony\\Component\\Console\\Input\\ArgvInput), Object(Symfony\\Component\\Console\\Output\\ConsoleOutput))
#25 /var/www/morechina/vendor/laravel/framework/src/Illuminate/Foundation/Console/Kernel.php(122): Illuminate\\Console\\Application->run(Object(Symfony\\Component\\Console\\Input\\ArgvInput), Object(Symfony\\Component\\Console\\Output\\ConsoleOutput))
#26 /var/www/morechina/artisan(37): Illuminate\\Foundation\\Console\\Kernel->handle(Object(Symfony\\Component\\Console\\Input\\ArgvInput), Object(Symfony\\Component\\Console\\Output\\ConsoleOutput))
#27 {main}
"} 
[2025-07-28 15:45:17] local.ERROR: SQLSTATE[42S01]: Base table or view already exists: 1050 Table 'product_sku_images' already exists (SQL: create table `product_sku_images` (`id` int unsigned not null auto_increment primary key, `productsku_id` int unsigned not null, `path` varchar(191) not null, `is_main` tinyint(1) not null default '1', `order` int unsigned not null default '0', `created_at` timestamp null, `updated_at` timestamp null) default character set utf8mb4 collate 'utf8mb4_unicode_ci') {"exception":"[object] (Illuminate\\Database\\QueryException(code: 42S01): SQLSTATE[42S01]: Base table or view already exists: 1050 Table 'product_sku_images' already exists (SQL: create table `product_sku_images` (`id` int unsigned not null auto_increment primary key, `productsku_id` int unsigned not null, `path` varchar(191) not null, `is_main` tinyint(1) not null default '1', `order` int unsigned not null default '0', `created_at` timestamp null, `updated_at` timestamp null) default character set utf8mb4 collate 'utf8mb4_unicode_ci') at /var/www/morechina/vendor/laravel/framework/src/Illuminate/Database/Connection.php:664, Doctrine\\DBAL\\Driver\\PDOException(code: 42S01): SQLSTATE[42S01]: Base table or view already exists: 1050 Table 'product_sku_images' already exists at /var/www/morechina/vendor/doctrine/dbal/lib/Doctrine/DBAL/Driver/PDOStatement.php:123, PDOException(code: 42S01): SQLSTATE[42S01]: Base table or view already exists: 1050 Table 'product_sku_images' already exists at /var/www/morechina/vendor/doctrine/dbal/lib/Doctrine/DBAL/Driver/PDOStatement.php:121)
[stacktrace]
#0 /var/www/morechina/vendor/laravel/framework/src/Illuminate/Database/Connection.php(624): Illuminate\\Database\\Connection->runQueryCallback('create table `p...', Array, Object(Closure))
#1 /var/www/morechina/vendor/laravel/framework/src/Illuminate/Database/Connection.php(459): Illuminate\\Database\\Connection->run('create table `p...', Array, Object(Closure))
#2 /var/www/morechina/vendor/laravel/framework/src/Illuminate/Database/Schema/Blueprint.php(97): Illuminate\\Database\\Connection->statement('create table `p...')
#3 /var/www/morechina/vendor/laravel/framework/src/Illuminate/Database/Schema/Builder.php(264): Illuminate\\Database\\Schema\\Blueprint->build(Object(Illuminate\\Database\\MySqlConnection), Object(Illuminate\\Database\\Schema\\Grammars\\MySqlGrammar))
#4 /var/www/morechina/vendor/laravel/framework/src/Illuminate/Database/Schema/Builder.php(165): Illuminate\\Database\\Schema\\Builder->build(Object(Illuminate\\Database\\Schema\\Blueprint))
#5 /var/www/morechina/vendor/laravel/framework/src/Illuminate/Support/Facades/Facade.php(237): Illuminate\\Database\\Schema\\Builder->create('product_sku_ima...', Object(Closure))
#6 /var/www/morechina/database/migrations/2025_07_22_141337_create_product_sku_images_table.php(24): Illuminate\\Support\\Facades\\Facade::__callStatic('create', Array)
#7 /var/www/morechina/vendor/laravel/framework/src/Illuminate/Database/Migrations/Migrator.php(360): CreateProductSkuImagesTable->up()
#8 /var/www/morechina/vendor/laravel/framework/src/Illuminate/Database/Migrations/Migrator.php(367): Illuminate\\Database\\Migrations\\Migrator->Illuminate\\Database\\Migrations\\{closure}()
#9 /var/www/morechina/vendor/laravel/framework/src/Illuminate/Database/Migrations/Migrator.php(178): Illuminate\\Database\\Migrations\\Migrator->runMigration(Object(CreateProductSkuImagesTable), 'up')
#10 /var/www/morechina/vendor/laravel/framework/src/Illuminate/Database/Migrations/Migrator.php(147): Illuminate\\Database\\Migrations\\Migrator->runUp('/var/www/morech...', 42, false)
#11 /var/www/morechina/vendor/laravel/framework/src/Illuminate/Database/Migrations/Migrator.php(96): Illuminate\\Database\\Migrations\\Migrator->runPending(Array, Array)
#12 /var/www/morechina/vendor/laravel/framework/src/Illuminate/Database/Console/Migrations/MigrateCommand.php(71): Illuminate\\Database\\Migrations\\Migrator->run(Array, Array)
#13 [internal function]: Illuminate\\Database\\Console\\Migrations\\MigrateCommand->handle()
#14 /var/www/morechina/vendor/laravel/framework/src/Illuminate/Container/BoundMethod.php(29): call_user_func_array(Array, Array)
#15 /var/www/morechina/vendor/laravel/framework/src/Illuminate/Container/BoundMethod.php(87): Illuminate\\Container\\BoundMethod::Illuminate\\Container\\{closure}()
#16 /var/www/morechina/vendor/laravel/framework/src/Illuminate/Container/BoundMethod.php(31): Illuminate\\Container\\BoundMethod::callBoundMethod(Object(Illuminate\\Foundation\\Application), Array, Object(Closure))
#17 /var/www/morechina/vendor/laravel/framework/src/Illuminate/Container/Container.php(572): Illuminate\\Container\\BoundMethod::call(Object(Illuminate\\Foundation\\Application), Array, Array, NULL)
#18 /var/www/morechina/vendor/laravel/framework/src/Illuminate/Console/Command.php(183): Illuminate\\Container\\Container->call(Array)
#19 /var/www/morechina/vendor/symfony/console/Command/Command.php(255): Illuminate\\Console\\Command->execute(Object(Symfony\\Component\\Console\\Input\\ArgvInput), Object(Illuminate\\Console\\OutputStyle))
#20 /var/www/morechina/vendor/laravel/framework/src/Illuminate/Console/Command.php(170): Symfony\\Component\\Console\\Command\\Command->run(Object(Symfony\\Component\\Console\\Input\\ArgvInput), Object(Illuminate\\Console\\OutputStyle))
#21 /var/www/morechina/vendor/symfony/console/Application.php(1011): Illuminate\\Console\\Command->run(Object(Symfony\\Component\\Console\\Input\\ArgvInput), Object(Symfony\\Component\\Console\\Output\\ConsoleOutput))
#22 /var/www/morechina/vendor/symfony/console/Application.php(272): Symfony\\Component\\Console\\Application->doRunCommand(Object(Illuminate\\Database\\Console\\Migrations\\MigrateCommand), Object(Symfony\\Component\\Console\\Input\\ArgvInput), Object(Symfony\\Component\\Console\\Output\\ConsoleOutput))
#23 /var/www/morechina/vendor/symfony/console/Application.php(148): Symfony\\Component\\Console\\Application->doRun(Object(Symfony\\Component\\Console\\Input\\ArgvInput), Object(Symfony\\Component\\Console\\Output\\ConsoleOutput))
#24 /var/www/morechina/vendor/laravel/framework/src/Illuminate/Console/Application.php(89): Symfony\\Component\\Console\\Application->run(Object(Symfony\\Component\\Console\\Input\\ArgvInput), Object(Symfony\\Component\\Console\\Output\\ConsoleOutput))
#25 /var/www/morechina/vendor/laravel/framework/src/Illuminate/Foundation/Console/Kernel.php(122): Illuminate\\Console\\Application->run(Object(Symfony\\Component\\Console\\Input\\ArgvInput), Object(Symfony\\Component\\Console\\Output\\ConsoleOutput))
#26 /var/www/morechina/artisan(37): Illuminate\\Foundation\\Console\\Kernel->handle(Object(Symfony\\Component\\Console\\Input\\ArgvInput), Object(Symfony\\Component\\Console\\Output\\ConsoleOutput))
#27 {main}
"} 
[2025-07-28 15:49:07] local.ERROR: Illuminate\Filesystem\Filesystem::requireOnce(): Failed opening required '/var/www/morechina//var/www/morechina/database/migrations/2025_07_22_141337_create_product_sku_images_table.php' (include_path='.:/usr/share/php') {"exception":"[object] (Symfony\\Component\\Debug\\Exception\\FatalErrorException(code: 64): Illuminate\\Filesystem\\Filesystem::requireOnce(): Failed opening required '/var/www/morechina//var/www/morechina/database/migrations/2025_07_22_141337_create_product_sku_images_table.php' (include_path='.:/usr/share/php') at /var/www/morechina/vendor/laravel/framework/src/Illuminate/Filesystem/Filesystem.php:98)
[stacktrace]
#0 {main}
"} 
[2025-07-28 16:00:03] local.ERROR: SQLSTATE[42S22]: Column not found: 1054 Unknown column 'product_sku_images.product_sku_id' in 'where clause' (SQL: select * from `product_sku_images` where `product_sku_images`.`product_sku_id` in (1851)) {"userId":1,"email":"8016@morechina.com.cn","exception":"[object] (Illuminate\\Database\\QueryException(code: 42S22): SQLSTATE[42S22]: Column not found: 1054 Unknown column 'product_sku_images.product_sku_id' in 'where clause' (SQL: select * from `product_sku_images` where `product_sku_images`.`product_sku_id` in (1851)) at /var/www/morechina/vendor/laravel/framework/src/Illuminate/Database/Connection.php:664, Doctrine\\DBAL\\Driver\\PDOException(code: 42S22): SQLSTATE[42S22]: Column not found: 1054 Unknown column 'product_sku_images.product_sku_id' in 'where clause' at /var/www/morechina/vendor/doctrine/dbal/lib/Doctrine/DBAL/Driver/PDOConnection.php:63, PDOException(code: 42S22): SQLSTATE[42S22]: Column not found: 1054 Unknown column 'product_sku_images.product_sku_id' in 'where clause' at /var/www/morechina/vendor/doctrine/dbal/lib/Doctrine/DBAL/Driver/PDOConnection.php:61)
[stacktrace]
#0 /var/www/morechina/vendor/laravel/framework/src/Illuminate/Database/Connection.php(624): Illuminate\\Database\\Connection->runQueryCallback('select * from `...', Array, Object(Closure))
#1 /var/www/morechina/vendor/laravel/framework/src/Illuminate/Database/Connection.php(333): Illuminate\\Database\\Connection->run('select * from `...', Array, Object(Closure))
#2 /var/www/morechina/vendor/laravel/framework/src/Illuminate/Database/Query/Builder.php(2095): Illuminate\\Database\\Connection->select('select * from `...', Array, true)
#3 /var/www/morechina/vendor/laravel/framework/src/Illuminate/Database/Query/Builder.php(2083): Illuminate\\Database\\Query\\Builder->runSelect()
#4 /var/www/morechina/vendor/laravel/framework/src/Illuminate/Database/Query/Builder.php(2569): Illuminate\\Database\\Query\\Builder->Illuminate\\Database\\Query\\{closure}()
#5 /var/www/morechina/vendor/laravel/framework/src/Illuminate/Database/Query/Builder.php(2084): Illuminate\\Database\\Query\\Builder->onceWithColumns(Array, Object(Closure))
#6 /var/www/morechina/vendor/laravel/framework/src/Illuminate/Database/Eloquent/Builder.php(519): Illuminate\\Database\\Query\\Builder->get(Array)
#7 /var/www/morechina/vendor/laravel/framework/src/Illuminate/Database/Eloquent/Builder.php(503): Illuminate\\Database\\Eloquent\\Builder->getModels(Array)
#8 /var/www/morechina/vendor/laravel/framework/src/Illuminate/Database/Eloquent/Relations/Relation.php(155): Illuminate\\Database\\Eloquent\\Builder->get(Array)
#9 /var/www/morechina/vendor/laravel/framework/src/Illuminate/Database/Eloquent/Relations/Relation.php(144): Illuminate\\Database\\Eloquent\\Relations\\Relation->get()
#10 /var/www/morechina/vendor/laravel/framework/src/Illuminate/Database/Eloquent/Builder.php(567): Illuminate\\Database\\Eloquent\\Relations\\Relation->getEager()
#11 /var/www/morechina/vendor/laravel/framework/src/Illuminate/Database/Eloquent/Builder.php(536): Illuminate\\Database\\Eloquent\\Builder->eagerLoadRelation(Array, 'images', Object(Closure))
#12 /var/www/morechina/vendor/laravel/framework/src/Illuminate/Database/Eloquent/Builder.php(504): Illuminate\\Database\\Eloquent\\Builder->eagerLoadRelations(Array)
#13 /var/www/morechina/vendor/laravel/framework/src/Illuminate/Database/Concerns/BuildsQueries.php(77): Illuminate\\Database\\Eloquent\\Builder->get(Array)
#14 /var/www/morechina/vendor/laravel/framework/src/Illuminate/Database/Eloquent/Builder.php(329): Illuminate\\Database\\Eloquent\\Builder->first(Array)
#15 /var/www/morechina/vendor/laravel/framework/src/Illuminate/Database/Eloquent/Builder.php(359): Illuminate\\Database\\Eloquent\\Builder->find('1851', Array)
#16 /var/www/morechina/vendor/encore/laravel-admin/src/Form.php(1149): Illuminate\\Database\\Eloquent\\Builder->findOrFail('1851')
#17 /var/www/morechina/vendor/encore/laravel-admin/src/Form.php(321): Encore\\Admin\\Form->setFieldValue('1851')
#18 /var/www/morechina/app/Admin/Controllers/ProductSkuController.php(115): Encore\\Admin\\Form->edit('1851')
#19 [internal function]: App\\Admin\\Controllers\\ProductSkuController->edit('1851', Object(Encore\\Admin\\Layout\\Content))
#20 /var/www/morechina/vendor/laravel/framework/src/Illuminate/Routing/Controller.php(54): call_user_func_array(Array, Array)
#21 /var/www/morechina/vendor/laravel/framework/src/Illuminate/Routing/ControllerDispatcher.php(45): Illuminate\\Routing\\Controller->callAction('edit', Array)
#22 /var/www/morechina/vendor/laravel/framework/src/Illuminate/Routing/Route.php(219): Illuminate\\Routing\\ControllerDispatcher->dispatch(Object(Illuminate\\Routing\\Route), Object(App\\Admin\\Controllers\\ProductSkuController), 'edit')
#23 /var/www/morechina/vendor/laravel/framework/src/Illuminate/Routing/Route.php(176): Illuminate\\Routing\\Route->runController()
#24 /var/www/morechina/vendor/laravel/framework/src/Illuminate/Routing/Router.php(682): Illuminate\\Routing\\Route->run()
#25 /var/www/morechina/vendor/laravel/framework/src/Illuminate/Routing/Pipeline.php(30): Illuminate\\Routing\\Router->Illuminate\\Routing\\{closure}(Object(Illuminate\\Http\\Request))
#26 /var/www/morechina/vendor/encore/laravel-admin/src/Middleware/Permission.php(46): Illuminate\\Routing\\Pipeline->Illuminate\\Routing\\{closure}(Object(Illuminate\\Http\\Request))
#27 /var/www/morechina/vendor/laravel/framework/src/Illuminate/Pipeline/Pipeline.php(163): Encore\\Admin\\Middleware\\Permission->handle(Object(Illuminate\\Http\\Request), Object(Closure))
#28 /var/www/morechina/vendor/laravel/framework/src/Illuminate/Routing/Pipeline.php(53): Illuminate\\Pipeline\\Pipeline->Illuminate\\Pipeline\\{closure}(Object(Illuminate\\Http\\Request))
#29 /var/www/morechina/vendor/encore/laravel-admin/src/Middleware/Bootstrap.php(15): Illuminate\\Routing\\Pipeline->Illuminate\\Routing\\{closure}(Object(Illuminate\\Http\\Request))
#30 /var/www/morechina/vendor/laravel/framework/src/Illuminate/Pipeline/Pipeline.php(163): Encore\\Admin\\Middleware\\Bootstrap->handle(Object(Illuminate\\Http\\Request), Object(Closure))
#31 /var/www/morechina/vendor/laravel/framework/src/Illuminate/Routing/Pipeline.php(53): Illuminate\\Pipeline\\Pipeline->Illuminate\\Pipeline\\{closure}(Object(Illuminate\\Http\\Request))
#32 /var/www/morechina/vendor/encore/laravel-admin/src/Middleware/LogOperation.php(38): Illuminate\\Routing\\Pipeline->Illuminate\\Routing\\{closure}(Object(Illuminate\\Http\\Request))
#33 /var/www/morechina/vendor/laravel/framework/src/Illuminate/Pipeline/Pipeline.php(163): Encore\\Admin\\Middleware\\LogOperation->handle(Object(Illuminate\\Http\\Request), Object(Closure))
#34 /var/www/morechina/vendor/laravel/framework/src/Illuminate/Routing/Pipeline.php(53): Illuminate\\Pipeline\\Pipeline->Illuminate\\Pipeline\\{closure}(Object(Illuminate\\Http\\Request))
#35 /var/www/morechina/vendor/encore/laravel-admin/src/Middleware/Pjax.php(24): Illuminate\\Routing\\Pipeline->Illuminate\\Routing\\{closure}(Object(Illuminate\\Http\\Request))
#36 /var/www/morechina/vendor/laravel/framework/src/Illuminate/Pipeline/Pipeline.php(163): Encore\\Admin\\Middleware\\Pjax->handle(Object(Illuminate\\Http\\Request), Object(Closure))
#37 /var/www/morechina/vendor/laravel/framework/src/Illuminate/Routing/Pipeline.php(53): Illuminate\\Pipeline\\Pipeline->Illuminate\\Pipeline\\{closure}(Object(Illuminate\\Http\\Request))
#38 /var/www/morechina/vendor/encore/laravel-admin/src/Middleware/Authenticate.php(26): Illuminate\\Routing\\Pipeline->Illuminate\\Routing\\{closure}(Object(Illuminate\\Http\\Request))
#39 /var/www/morechina/vendor/laravel/framework/src/Illuminate/Pipeline/Pipeline.php(163): Encore\\Admin\\Middleware\\Authenticate->handle(Object(Illuminate\\Http\\Request), Object(Closure))
#40 /var/www/morechina/vendor/laravel/framework/src/Illuminate/Routing/Pipeline.php(53): Illuminate\\Pipeline\\Pipeline->Illuminate\\Pipeline\\{closure}(Object(Illuminate\\Http\\Request))
#41 /var/www/morechina/app/Http/Middleware/EnsureEmailIsVerified.php(26): Illuminate\\Routing\\Pipeline->Illuminate\\Routing\\{closure}(Object(Illuminate\\Http\\Request))
#42 /var/www/morechina/vendor/laravel/framework/src/Illuminate/Pipeline/Pipeline.php(163): App\\Http\\Middleware\\EnsureEmailIsVerified->handle(Object(Illuminate\\Http\\Request), Object(Closure))
#43 /var/www/morechina/vendor/laravel/framework/src/Illuminate/Routing/Pipeline.php(53): Illuminate\\Pipeline\\Pipeline->Illuminate\\Pipeline\\{closure}(Object(Illuminate\\Http\\Request))
#44 /var/www/morechina/vendor/laravel/framework/src/Illuminate/Routing/Middleware/SubstituteBindings.php(41): Illuminate\\Routing\\Pipeline->Illuminate\\Routing\\{closure}(Object(Illuminate\\Http\\Request))
#45 /var/www/morechina/vendor/laravel/framework/src/Illuminate/Pipeline/Pipeline.php(163): Illuminate\\Routing\\Middleware\\SubstituteBindings->handle(Object(Illuminate\\Http\\Request), Object(Closure))
#46 /var/www/morechina/vendor/laravel/framework/src/Illuminate/Routing/Pipeline.php(53): Illuminate\\Pipeline\\Pipeline->Illuminate\\Pipeline\\{closure}(Object(Illuminate\\Http\\Request))
#47 /var/www/morechina/vendor/laravel/framework/src/Illuminate/Foundation/Http/Middleware/VerifyCsrfToken.php(75): Illuminate\\Routing\\Pipeline->Illuminate\\Routing\\{closure}(Object(Illuminate\\Http\\Request))
#48 /var/www/morechina/vendor/laravel/framework/src/Illuminate/Pipeline/Pipeline.php(163): Illuminate\\Foundation\\Http\\Middleware\\VerifyCsrfToken->handle(Object(Illuminate\\Http\\Request), Object(Closure))
#49 /var/www/morechina/vendor/laravel/framework/src/Illuminate/Routing/Pipeline.php(53): Illuminate\\Pipeline\\Pipeline->Illuminate\\Pipeline\\{closure}(Object(Illuminate\\Http\\Request))
#50 /var/www/morechina/vendor/laravel/framework/src/Illuminate/View/Middleware/ShareErrorsFromSession.php(49): Illuminate\\Routing\\Pipeline->Illuminate\\Routing\\{closure}(Object(Illuminate\\Http\\Request))
#51 /var/www/morechina/vendor/laravel/framework/src/Illuminate/Pipeline/Pipeline.php(163): Illuminate\\View\\Middleware\\ShareErrorsFromSession->handle(Object(Illuminate\\Http\\Request), Object(Closure))
#52 /var/www/morechina/vendor/laravel/framework/src/Illuminate/Routing/Pipeline.php(53): Illuminate\\Pipeline\\Pipeline->Illuminate\\Pipeline\\{closure}(Object(Illuminate\\Http\\Request))
#53 /var/www/morechina/vendor/laravel/framework/src/Illuminate/Session/Middleware/StartSession.php(63): Illuminate\\Routing\\Pipeline->Illuminate\\Routing\\{closure}(Object(Illuminate\\Http\\Request))
#54 /var/www/morechina/vendor/laravel/framework/src/Illuminate/Pipeline/Pipeline.php(163): Illuminate\\Session\\Middleware\\StartSession->handle(Object(Illuminate\\Http\\Request), Object(Closure))
#55 /var/www/morechina/vendor/laravel/framework/src/Illuminate/Routing/Pipeline.php(53): Illuminate\\Pipeline\\Pipeline->Illuminate\\Pipeline\\{closure}(Object(Illuminate\\Http\\Request))
#56 /var/www/morechina/vendor/laravel/framework/src/Illuminate/Cookie/Middleware/AddQueuedCookiesToResponse.php(37): Illuminate\\Routing\\Pipeline->Illuminate\\Routing\\{closure}(Object(Illuminate\\Http\\Request))
#57 /var/www/morechina/vendor/laravel/framework/src/Illuminate/Pipeline/Pipeline.php(163): Illuminate\\Cookie\\Middleware\\AddQueuedCookiesToResponse->handle(Object(Illuminate\\Http\\Request), Object(Closure))
#58 /var/www/morechina/vendor/laravel/framework/src/Illuminate/Routing/Pipeline.php(53): Illuminate\\Pipeline\\Pipeline->Illuminate\\Pipeline\\{closure}(Object(Illuminate\\Http\\Request))
#59 /var/www/morechina/vendor/laravel/framework/src/Illuminate/Cookie/Middleware/EncryptCookies.php(66): Illuminate\\Routing\\Pipeline->Illuminate\\Routing\\{closure}(Object(Illuminate\\Http\\Request))
#60 /var/www/morechina/vendor/laravel/framework/src/Illuminate/Pipeline/Pipeline.php(163): Illuminate\\Cookie\\Middleware\\EncryptCookies->handle(Object(Illuminate\\Http\\Request), Object(Closure))
#61 /var/www/morechina/vendor/laravel/framework/src/Illuminate/Routing/Pipeline.php(53): Illuminate\\Pipeline\\Pipeline->Illuminate\\Pipeline\\{closure}(Object(Illuminate\\Http\\Request))
#62 /var/www/morechina/vendor/laravel/framework/src/Illuminate/Pipeline/Pipeline.php(104): Illuminate\\Routing\\Pipeline->Illuminate\\Routing\\{closure}(Object(Illuminate\\Http\\Request))
#63 /var/www/morechina/vendor/laravel/framework/src/Illuminate/Routing/Router.php(684): Illuminate\\Pipeline\\Pipeline->then(Object(Closure))
#64 /var/www/morechina/vendor/laravel/framework/src/Illuminate/Routing/Router.php(659): Illuminate\\Routing\\Router->runRouteWithinStack(Object(Illuminate\\Routing\\Route), Object(Illuminate\\Http\\Request))
#65 /var/www/morechina/vendor/laravel/framework/src/Illuminate/Routing/Router.php(625): Illuminate\\Routing\\Router->runRoute(Object(Illuminate\\Http\\Request), Object(Illuminate\\Routing\\Route))
#66 /var/www/morechina/vendor/laravel/framework/src/Illuminate/Routing/Router.php(614): Illuminate\\Routing\\Router->dispatchToRoute(Object(Illuminate\\Http\\Request))
#67 /var/www/morechina/vendor/laravel/framework/src/Illuminate/Foundation/Http/Kernel.php(176): Illuminate\\Routing\\Router->dispatch(Object(Illuminate\\Http\\Request))
#68 /var/www/morechina/vendor/laravel/framework/src/Illuminate/Routing/Pipeline.php(30): Illuminate\\Foundation\\Http\\Kernel->Illuminate\\Foundation\\Http\\{closure}(Object(Illuminate\\Http\\Request))
#69 /var/www/morechina/vendor/barryvdh/laravel-debugbar/src/Middleware/InjectDebugbar.php(65): Illuminate\\Routing\\Pipeline->Illuminate\\Routing\\{closure}(Object(Illuminate\\Http\\Request))
#70 /var/www/morechina/vendor/laravel/framework/src/Illuminate/Pipeline/Pipeline.php(163): Barryvdh\\Debugbar\\Middleware\\InjectDebugbar->handle(Object(Illuminate\\Http\\Request), Object(Closure))
#71 /var/www/morechina/vendor/laravel/framework/src/Illuminate/Routing/Pipeline.php(53): Illuminate\\Pipeline\\Pipeline->Illuminate\\Pipeline\\{closure}(Object(Illuminate\\Http\\Request))
#72 /var/www/morechina/vendor/fideloper/proxy/src/TrustProxies.php(57): Illuminate\\Routing\\Pipeline->Illuminate\\Routing\\{closure}(Object(Illuminate\\Http\\Request))
#73 /var/www/morechina/vendor/laravel/framework/src/Illuminate/Pipeline/Pipeline.php(163): Fideloper\\Proxy\\TrustProxies->handle(Object(Illuminate\\Http\\Request), Object(Closure))
#74 /var/www/morechina/vendor/laravel/framework/src/Illuminate/Routing/Pipeline.php(53): Illuminate\\Pipeline\\Pipeline->Illuminate\\Pipeline\\{closure}(Object(Illuminate\\Http\\Request))
#75 /var/www/morechina/vendor/laravel/framework/src/Illuminate/Foundation/Http/Middleware/TransformsRequest.php(31): Illuminate\\Routing\\Pipeline->Illuminate\\Routing\\{closure}(Object(Illuminate\\Http\\Request))
#76 /var/www/morechina/vendor/laravel/framework/src/Illuminate/Pipeline/Pipeline.php(163): Illuminate\\Foundation\\Http\\Middleware\\TransformsRequest->handle(Object(Illuminate\\Http\\Request), Object(Closure))
#77 /var/www/morechina/vendor/laravel/framework/src/Illuminate/Routing/Pipeline.php(53): Illuminate\\Pipeline\\Pipeline->Illuminate\\Pipeline\\{closure}(Object(Illuminate\\Http\\Request))
#78 /var/www/morechina/vendor/laravel/framework/src/Illuminate/Foundation/Http/Middleware/TransformsRequest.php(31): Illuminate\\Routing\\Pipeline->Illuminate\\Routing\\{closure}(Object(Illuminate\\Http\\Request))
#79 /var/www/morechina/vendor/laravel/framework/src/Illuminate/Pipeline/Pipeline.php(163): Illuminate\\Foundation\\Http\\Middleware\\TransformsRequest->handle(Object(Illuminate\\Http\\Request), Object(Closure))
#80 /var/www/morechina/vendor/laravel/framework/src/Illuminate/Routing/Pipeline.php(53): Illuminate\\Pipeline\\Pipeline->Illuminate\\Pipeline\\{closure}(Object(Illuminate\\Http\\Request))
#81 /var/www/morechina/vendor/laravel/framework/src/Illuminate/Foundation/Http/Middleware/ValidatePostSize.php(27): Illuminate\\Routing\\Pipeline->Illuminate\\Routing\\{closure}(Object(Illuminate\\Http\\Request))
#82 /var/www/morechina/vendor/laravel/framework/src/Illuminate/Pipeline/Pipeline.php(163): Illuminate\\Foundation\\Http\\Middleware\\ValidatePostSize->handle(Object(Illuminate\\Http\\Request), Object(Closure))
#83 /var/www/morechina/vendor/laravel/framework/src/Illuminate/Routing/Pipeline.php(53): Illuminate\\Pipeline\\Pipeline->Illuminate\\Pipeline\\{closure}(Object(Illuminate\\Http\\Request))
#84 /var/www/morechina/vendor/laravel/framework/src/Illuminate/Foundation/Http/Middleware/CheckForMaintenanceMode.php(62): Illuminate\\Routing\\Pipeline->Illuminate\\Routing\\{closure}(Object(Illuminate\\Http\\Request))
#85 /var/www/morechina/vendor/laravel/framework/src/Illuminate/Pipeline/Pipeline.php(163): Illuminate\\Foundation\\Http\\Middleware\\CheckForMaintenanceMode->handle(Object(Illuminate\\Http\\Request), Object(Closure))
#86 /var/www/morechina/vendor/laravel/framework/src/Illuminate/Routing/Pipeline.php(53): Illuminate\\Pipeline\\Pipeline->Illuminate\\Pipeline\\{closure}(Object(Illuminate\\Http\\Request))
#87 /var/www/morechina/vendor/laravel/framework/src/Illuminate/Pipeline/Pipeline.php(104): Illuminate\\Routing\\Pipeline->Illuminate\\Routing\\{closure}(Object(Illuminate\\Http\\Request))
#88 /var/www/morechina/vendor/laravel/framework/src/Illuminate/Foundation/Http/Kernel.php(151): Illuminate\\Pipeline\\Pipeline->then(Object(Closure))
#89 /var/www/morechina/vendor/laravel/framework/src/Illuminate/Foundation/Http/Kernel.php(116): Illuminate\\Foundation\\Http\\Kernel->sendRequestThroughRouter(Object(Illuminate\\Http\\Request))
#90 /var/www/morechina/public/index.php(55): Illuminate\\Foundation\\Http\\Kernel->handle(Object(Illuminate\\Http\\Request))
#91 {main}
"} 
[2025-07-28 16:00:32] local.ERROR: There is no column with name 'image' on table 'product_skus'. {"exception":"[object] (Doctrine\\DBAL\\Schema\\SchemaException(code: 30): There is no column with name 'image' on table 'product_skus'. at /var/www/morechina/vendor/doctrine/dbal/lib/Doctrine/DBAL/Schema/SchemaException.php:82)
[stacktrace]
#0 /var/www/morechina/vendor/doctrine/dbal/lib/Doctrine/DBAL/Schema/Table.php(660): Doctrine\\DBAL\\Schema\\SchemaException::columnDoesNotExist('image', 'product_skus')
#1 /var/www/morechina/vendor/laravel/framework/src/Illuminate/Database/Connection.php(877): Doctrine\\DBAL\\Schema\\Table->getColumn('image')
#2 /var/www/morechina/vendor/laravel/framework/src/Illuminate/Database/Schema/Grammars/RenameColumn.php(26): Illuminate\\Database\\Connection->getDoctrineColumn('product_skus', 'image')
#3 /var/www/morechina/vendor/laravel/framework/src/Illuminate/Database/Schema/Grammars/Grammar.php(40): Illuminate\\Database\\Schema\\Grammars\\RenameColumn::compile(Object(Illuminate\\Database\\Schema\\Grammars\\MySqlGrammar), Object(Illuminate\\Database\\Schema\\Blueprint), Object(Illuminate\\Support\\Fluent), Object(Illuminate\\Database\\MySqlConnection))
#4 /var/www/morechina/vendor/laravel/framework/src/Illuminate/Database/Schema/Blueprint.php(123): Illuminate\\Database\\Schema\\Grammars\\Grammar->compileRenameColumn(Object(Illuminate\\Database\\Schema\\Blueprint), Object(Illuminate\\Support\\Fluent), Object(Illuminate\\Database\\MySqlConnection))
#5 /var/www/morechina/vendor/laravel/framework/src/Illuminate/Database/Schema/Blueprint.php(96): Illuminate\\Database\\Schema\\Blueprint->toSql(Object(Illuminate\\Database\\MySqlConnection), Object(Illuminate\\Database\\Schema\\Grammars\\MySqlGrammar))
#6 /var/www/morechina/vendor/laravel/framework/src/Illuminate/Database/Schema/Builder.php(264): Illuminate\\Database\\Schema\\Blueprint->build(Object(Illuminate\\Database\\MySqlConnection), Object(Illuminate\\Database\\Schema\\Grammars\\MySqlGrammar))
#7 /var/www/morechina/vendor/laravel/framework/src/Illuminate/Database/Schema/Builder.php(149): Illuminate\\Database\\Schema\\Builder->build(Object(Illuminate\\Database\\Schema\\Blueprint))
#8 /var/www/morechina/vendor/laravel/framework/src/Illuminate/Support/Facades/Facade.php(237): Illuminate\\Database\\Schema\\Builder->table('product_skus', Object(Closure))
#9 /var/www/morechina/database/migrations/2025_07_02_131235_rename_column_table.php(18): Illuminate\\Support\\Facades\\Facade::__callStatic('table', Array)
#10 /var/www/morechina/vendor/laravel/framework/src/Illuminate/Database/Migrations/Migrator.php(360): RenameColumnTable->up()
#11 /var/www/morechina/vendor/laravel/framework/src/Illuminate/Database/Migrations/Migrator.php(367): Illuminate\\Database\\Migrations\\Migrator->Illuminate\\Database\\Migrations\\{closure}()
#12 /var/www/morechina/vendor/laravel/framework/src/Illuminate/Database/Migrations/Migrator.php(178): Illuminate\\Database\\Migrations\\Migrator->runMigration(Object(RenameColumnTable), 'up')
#13 /var/www/morechina/vendor/laravel/framework/src/Illuminate/Database/Migrations/Migrator.php(147): Illuminate\\Database\\Migrations\\Migrator->runUp('/var/www/morech...', 40, false)
#14 /var/www/morechina/vendor/laravel/framework/src/Illuminate/Database/Migrations/Migrator.php(96): Illuminate\\Database\\Migrations\\Migrator->runPending(Array, Array)
#15 /var/www/morechina/vendor/laravel/framework/src/Illuminate/Database/Console/Migrations/MigrateCommand.php(71): Illuminate\\Database\\Migrations\\Migrator->run(Array, Array)
#16 [internal function]: Illuminate\\Database\\Console\\Migrations\\MigrateCommand->handle()
#17 /var/www/morechina/vendor/laravel/framework/src/Illuminate/Container/BoundMethod.php(29): call_user_func_array(Array, Array)
#18 /var/www/morechina/vendor/laravel/framework/src/Illuminate/Container/BoundMethod.php(87): Illuminate\\Container\\BoundMethod::Illuminate\\Container\\{closure}()
#19 /var/www/morechina/vendor/laravel/framework/src/Illuminate/Container/BoundMethod.php(31): Illuminate\\Container\\BoundMethod::callBoundMethod(Object(Illuminate\\Foundation\\Application), Array, Object(Closure))
#20 /var/www/morechina/vendor/laravel/framework/src/Illuminate/Container/Container.php(572): Illuminate\\Container\\BoundMethod::call(Object(Illuminate\\Foundation\\Application), Array, Array, NULL)
#21 /var/www/morechina/vendor/laravel/framework/src/Illuminate/Console/Command.php(183): Illuminate\\Container\\Container->call(Array)
#22 /var/www/morechina/vendor/symfony/console/Command/Command.php(255): Illuminate\\Console\\Command->execute(Object(Symfony\\Component\\Console\\Input\\ArgvInput), Object(Illuminate\\Console\\OutputStyle))
#23 /var/www/morechina/vendor/laravel/framework/src/Illuminate/Console/Command.php(170): Symfony\\Component\\Console\\Command\\Command->run(Object(Symfony\\Component\\Console\\Input\\ArgvInput), Object(Illuminate\\Console\\OutputStyle))
#24 /var/www/morechina/vendor/symfony/console/Application.php(1011): Illuminate\\Console\\Command->run(Object(Symfony\\Component\\Console\\Input\\ArgvInput), Object(Symfony\\Component\\Console\\Output\\ConsoleOutput))
#25 /var/www/morechina/vendor/symfony/console/Application.php(272): Symfony\\Component\\Console\\Application->doRunCommand(Object(Illuminate\\Database\\Console\\Migrations\\MigrateCommand), Object(Symfony\\Component\\Console\\Input\\ArgvInput), Object(Symfony\\Component\\Console\\Output\\ConsoleOutput))
#26 /var/www/morechina/vendor/symfony/console/Application.php(148): Symfony\\Component\\Console\\Application->doRun(Object(Symfony\\Component\\Console\\Input\\ArgvInput), Object(Symfony\\Component\\Console\\Output\\ConsoleOutput))
#27 /var/www/morechina/vendor/laravel/framework/src/Illuminate/Console/Application.php(89): Symfony\\Component\\Console\\Application->run(Object(Symfony\\Component\\Console\\Input\\ArgvInput), Object(Symfony\\Component\\Console\\Output\\ConsoleOutput))
#28 /var/www/morechina/vendor/laravel/framework/src/Illuminate/Foundation/Console/Kernel.php(122): Illuminate\\Console\\Application->run(Object(Symfony\\Component\\Console\\Input\\ArgvInput), Object(Symfony\\Component\\Console\\Output\\ConsoleOutput))
#29 /var/www/morechina/artisan(37): Illuminate\\Foundation\\Console\\Kernel->handle(Object(Symfony\\Component\\Console\\Input\\ArgvInput), Object(Symfony\\Component\\Console\\Output\\ConsoleOutput))
#30 {main}
"} 
[2025-07-28 16:00:49] local.ERROR: There is no column with name 'image' on table 'product_skus'. {"exception":"[object] (Doctrine\\DBAL\\Schema\\SchemaException(code: 30): There is no column with name 'image' on table 'product_skus'. at /var/www/morechina/vendor/doctrine/dbal/lib/Doctrine/DBAL/Schema/SchemaException.php:82)
[stacktrace]
#0 /var/www/morechina/vendor/doctrine/dbal/lib/Doctrine/DBAL/Schema/Table.php(660): Doctrine\\DBAL\\Schema\\SchemaException::columnDoesNotExist('image', 'product_skus')
#1 /var/www/morechina/vendor/laravel/framework/src/Illuminate/Database/Connection.php(877): Doctrine\\DBAL\\Schema\\Table->getColumn('image')
#2 /var/www/morechina/vendor/laravel/framework/src/Illuminate/Database/Schema/Grammars/RenameColumn.php(26): Illuminate\\Database\\Connection->getDoctrineColumn('product_skus', 'image')
#3 /var/www/morechina/vendor/laravel/framework/src/Illuminate/Database/Schema/Grammars/Grammar.php(40): Illuminate\\Database\\Schema\\Grammars\\RenameColumn::compile(Object(Illuminate\\Database\\Schema\\Grammars\\MySqlGrammar), Object(Illuminate\\Database\\Schema\\Blueprint), Object(Illuminate\\Support\\Fluent), Object(Illuminate\\Database\\MySqlConnection))
#4 /var/www/morechina/vendor/laravel/framework/src/Illuminate/Database/Schema/Blueprint.php(123): Illuminate\\Database\\Schema\\Grammars\\Grammar->compileRenameColumn(Object(Illuminate\\Database\\Schema\\Blueprint), Object(Illuminate\\Support\\Fluent), Object(Illuminate\\Database\\MySqlConnection))
#5 /var/www/morechina/vendor/laravel/framework/src/Illuminate/Database/Schema/Blueprint.php(96): Illuminate\\Database\\Schema\\Blueprint->toSql(Object(Illuminate\\Database\\MySqlConnection), Object(Illuminate\\Database\\Schema\\Grammars\\MySqlGrammar))
#6 /var/www/morechina/vendor/laravel/framework/src/Illuminate/Database/Schema/Builder.php(264): Illuminate\\Database\\Schema\\Blueprint->build(Object(Illuminate\\Database\\MySqlConnection), Object(Illuminate\\Database\\Schema\\Grammars\\MySqlGrammar))
#7 /var/www/morechina/vendor/laravel/framework/src/Illuminate/Database/Schema/Builder.php(149): Illuminate\\Database\\Schema\\Builder->build(Object(Illuminate\\Database\\Schema\\Blueprint))
#8 /var/www/morechina/vendor/laravel/framework/src/Illuminate/Support/Facades/Facade.php(237): Illuminate\\Database\\Schema\\Builder->table('product_skus', Object(Closure))
#9 /var/www/morechina/database/migrations/2025_07_02_131235_rename_column_table.php(18): Illuminate\\Support\\Facades\\Facade::__callStatic('table', Array)
#10 /var/www/morechina/vendor/laravel/framework/src/Illuminate/Database/Migrations/Migrator.php(360): RenameColumnTable->up()
#11 /var/www/morechina/vendor/laravel/framework/src/Illuminate/Database/Migrations/Migrator.php(367): Illuminate\\Database\\Migrations\\Migrator->Illuminate\\Database\\Migrations\\{closure}()
#12 /var/www/morechina/vendor/laravel/framework/src/Illuminate/Database/Migrations/Migrator.php(178): Illuminate\\Database\\Migrations\\Migrator->runMigration(Object(RenameColumnTable), 'up')
#13 /var/www/morechina/vendor/laravel/framework/src/Illuminate/Database/Migrations/Migrator.php(147): Illuminate\\Database\\Migrations\\Migrator->runUp('/var/www/morech...', 40, false)
#14 /var/www/morechina/vendor/laravel/framework/src/Illuminate/Database/Migrations/Migrator.php(96): Illuminate\\Database\\Migrations\\Migrator->runPending(Array, Array)
#15 /var/www/morechina/vendor/laravel/framework/src/Illuminate/Database/Console/Migrations/MigrateCommand.php(71): Illuminate\\Database\\Migrations\\Migrator->run(Array, Array)
#16 [internal function]: Illuminate\\Database\\Console\\Migrations\\MigrateCommand->handle()
#17 /var/www/morechina/vendor/laravel/framework/src/Illuminate/Container/BoundMethod.php(29): call_user_func_array(Array, Array)
#18 /var/www/morechina/vendor/laravel/framework/src/Illuminate/Container/BoundMethod.php(87): Illuminate\\Container\\BoundMethod::Illuminate\\Container\\{closure}()
#19 /var/www/morechina/vendor/laravel/framework/src/Illuminate/Container/BoundMethod.php(31): Illuminate\\Container\\BoundMethod::callBoundMethod(Object(Illuminate\\Foundation\\Application), Array, Object(Closure))
#20 /var/www/morechina/vendor/laravel/framework/src/Illuminate/Container/Container.php(572): Illuminate\\Container\\BoundMethod::call(Object(Illuminate\\Foundation\\Application), Array, Array, NULL)
#21 /var/www/morechina/vendor/laravel/framework/src/Illuminate/Console/Command.php(183): Illuminate\\Container\\Container->call(Array)
#22 /var/www/morechina/vendor/symfony/console/Command/Command.php(255): Illuminate\\Console\\Command->execute(Object(Symfony\\Component\\Console\\Input\\ArgvInput), Object(Illuminate\\Console\\OutputStyle))
#23 /var/www/morechina/vendor/laravel/framework/src/Illuminate/Console/Command.php(170): Symfony\\Component\\Console\\Command\\Command->run(Object(Symfony\\Component\\Console\\Input\\ArgvInput), Object(Illuminate\\Console\\OutputStyle))
#24 /var/www/morechina/vendor/symfony/console/Application.php(1011): Illuminate\\Console\\Command->run(Object(Symfony\\Component\\Console\\Input\\ArgvInput), Object(Symfony\\Component\\Console\\Output\\ConsoleOutput))
#25 /var/www/morechina/vendor/symfony/console/Application.php(272): Symfony\\Component\\Console\\Application->doRunCommand(Object(Illuminate\\Database\\Console\\Migrations\\MigrateCommand), Object(Symfony\\Component\\Console\\Input\\ArgvInput), Object(Symfony\\Component\\Console\\Output\\ConsoleOutput))
#26 /var/www/morechina/vendor/symfony/console/Application.php(148): Symfony\\Component\\Console\\Application->doRun(Object(Symfony\\Component\\Console\\Input\\ArgvInput), Object(Symfony\\Component\\Console\\Output\\ConsoleOutput))
#27 /var/www/morechina/vendor/laravel/framework/src/Illuminate/Console/Application.php(89): Symfony\\Component\\Console\\Application->run(Object(Symfony\\Component\\Console\\Input\\ArgvInput), Object(Symfony\\Component\\Console\\Output\\ConsoleOutput))
#28 /var/www/morechina/vendor/laravel/framework/src/Illuminate/Foundation/Console/Kernel.php(122): Illuminate\\Console\\Application->run(Object(Symfony\\Component\\Console\\Input\\ArgvInput), Object(Symfony\\Component\\Console\\Output\\ConsoleOutput))
#29 /var/www/morechina/artisan(37): Illuminate\\Foundation\\Console\\Kernel->handle(Object(Symfony\\Component\\Console\\Input\\ArgvInput), Object(Symfony\\Component\\Console\\Output\\ConsoleOutput))
#30 {main}
"} 
[2025-07-28 16:02:47] local.ERROR: SQLSTATE[42000]: Syntax error or access violation: 1091 Can't DROP 'img'; check that column/key exists (SQL: alter table `product_skus` drop `img`) {"exception":"[object] (Illuminate\\Database\\QueryException(code: 42000): SQLSTATE[42000]: Syntax error or access violation: 1091 Can't DROP 'img'; check that column/key exists (SQL: alter table `product_skus` drop `img`) at /var/www/morechina/vendor/laravel/framework/src/Illuminate/Database/Connection.php:664, Doctrine\\DBAL\\Driver\\PDOException(code: 42000): SQLSTATE[42000]: Syntax error or access violation: 1091 Can't DROP 'img'; check that column/key exists at /var/www/morechina/vendor/doctrine/dbal/lib/Doctrine/DBAL/Driver/PDOStatement.php:123, PDOException(code: 42000): SQLSTATE[42000]: Syntax error or access violation: 1091 Can't DROP 'img'; check that column/key exists at /var/www/morechina/vendor/doctrine/dbal/lib/Doctrine/DBAL/Driver/PDOStatement.php:121)
[stacktrace]
#0 /var/www/morechina/vendor/laravel/framework/src/Illuminate/Database/Connection.php(624): Illuminate\\Database\\Connection->runQueryCallback('alter table `pr...', Array, Object(Closure))
#1 /var/www/morechina/vendor/laravel/framework/src/Illuminate/Database/Connection.php(459): Illuminate\\Database\\Connection->run('alter table `pr...', Array, Object(Closure))
#2 /var/www/morechina/vendor/laravel/framework/src/Illuminate/Database/Schema/Blueprint.php(97): Illuminate\\Database\\Connection->statement('alter table `pr...')
#3 /var/www/morechina/vendor/laravel/framework/src/Illuminate/Database/Schema/Builder.php(264): Illuminate\\Database\\Schema\\Blueprint->build(Object(Illuminate\\Database\\MySqlConnection), Object(Illuminate\\Database\\Schema\\Grammars\\MySqlGrammar))
#4 /var/www/morechina/vendor/laravel/framework/src/Illuminate/Database/Schema/Builder.php(149): Illuminate\\Database\\Schema\\Builder->build(Object(Illuminate\\Database\\Schema\\Blueprint))
#5 /var/www/morechina/vendor/laravel/framework/src/Illuminate/Support/Facades/Facade.php(237): Illuminate\\Database\\Schema\\Builder->table('product_skus', Object(Closure))
#6 /var/www/morechina/database/migrations/2025_07_16_132920_remove_img_from_product_skus_table.php(18): Illuminate\\Support\\Facades\\Facade::__callStatic('table', Array)
#7 /var/www/morechina/vendor/laravel/framework/src/Illuminate/Database/Migrations/Migrator.php(360): RemoveImgFromProductSkusTable->up()
#8 /var/www/morechina/vendor/laravel/framework/src/Illuminate/Database/Migrations/Migrator.php(367): Illuminate\\Database\\Migrations\\Migrator->Illuminate\\Database\\Migrations\\{closure}()
#9 /var/www/morechina/vendor/laravel/framework/src/Illuminate/Database/Migrations/Migrator.php(178): Illuminate\\Database\\Migrations\\Migrator->runMigration(Object(RemoveImgFromProductSkusTable), 'up')
#10 /var/www/morechina/vendor/laravel/framework/src/Illuminate/Database/Migrations/Migrator.php(147): Illuminate\\Database\\Migrations\\Migrator->runUp('/var/www/morech...', 40, false)
#11 /var/www/morechina/vendor/laravel/framework/src/Illuminate/Database/Migrations/Migrator.php(96): Illuminate\\Database\\Migrations\\Migrator->runPending(Array, Array)
#12 /var/www/morechina/vendor/laravel/framework/src/Illuminate/Database/Console/Migrations/MigrateCommand.php(71): Illuminate\\Database\\Migrations\\Migrator->run(Array, Array)
#13 [internal function]: Illuminate\\Database\\Console\\Migrations\\MigrateCommand->handle()
#14 /var/www/morechina/vendor/laravel/framework/src/Illuminate/Container/BoundMethod.php(29): call_user_func_array(Array, Array)
#15 /var/www/morechina/vendor/laravel/framework/src/Illuminate/Container/BoundMethod.php(87): Illuminate\\Container\\BoundMethod::Illuminate\\Container\\{closure}()
#16 /var/www/morechina/vendor/laravel/framework/src/Illuminate/Container/BoundMethod.php(31): Illuminate\\Container\\BoundMethod::callBoundMethod(Object(Illuminate\\Foundation\\Application), Array, Object(Closure))
#17 /var/www/morechina/vendor/laravel/framework/src/Illuminate/Container/Container.php(572): Illuminate\\Container\\BoundMethod::call(Object(Illuminate\\Foundation\\Application), Array, Array, NULL)
#18 /var/www/morechina/vendor/laravel/framework/src/Illuminate/Console/Command.php(183): Illuminate\\Container\\Container->call(Array)
#19 /var/www/morechina/vendor/symfony/console/Command/Command.php(255): Illuminate\\Console\\Command->execute(Object(Symfony\\Component\\Console\\Input\\ArgvInput), Object(Illuminate\\Console\\OutputStyle))
#20 /var/www/morechina/vendor/laravel/framework/src/Illuminate/Console/Command.php(170): Symfony\\Component\\Console\\Command\\Command->run(Object(Symfony\\Component\\Console\\Input\\ArgvInput), Object(Illuminate\\Console\\OutputStyle))
#21 /var/www/morechina/vendor/symfony/console/Application.php(1011): Illuminate\\Console\\Command->run(Object(Symfony\\Component\\Console\\Input\\ArgvInput), Object(Symfony\\Component\\Console\\Output\\ConsoleOutput))
#22 /var/www/morechina/vendor/symfony/console/Application.php(272): Symfony\\Component\\Console\\Application->doRunCommand(Object(Illuminate\\Database\\Console\\Migrations\\MigrateCommand), Object(Symfony\\Component\\Console\\Input\\ArgvInput), Object(Symfony\\Component\\Console\\Output\\ConsoleOutput))
#23 /var/www/morechina/vendor/symfony/console/Application.php(148): Symfony\\Component\\Console\\Application->doRun(Object(Symfony\\Component\\Console\\Input\\ArgvInput), Object(Symfony\\Component\\Console\\Output\\ConsoleOutput))
#24 /var/www/morechina/vendor/laravel/framework/src/Illuminate/Console/Application.php(89): Symfony\\Component\\Console\\Application->run(Object(Symfony\\Component\\Console\\Input\\ArgvInput), Object(Symfony\\Component\\Console\\Output\\ConsoleOutput))
#25 /var/www/morechina/vendor/laravel/framework/src/Illuminate/Foundation/Console/Kernel.php(122): Illuminate\\Console\\Application->run(Object(Symfony\\Component\\Console\\Input\\ArgvInput), Object(Symfony\\Component\\Console\\Output\\ConsoleOutput))
#26 /var/www/morechina/artisan(37): Illuminate\\Foundation\\Console\\Kernel->handle(Object(Symfony\\Component\\Console\\Input\\ArgvInput), Object(Symfony\\Component\\Console\\Output\\ConsoleOutput))
#27 {main}
"} 
[2025-07-28 16:03:49] local.ERROR: SQLSTATE[42000]: Syntax error or access violation: 1072 Key column 'product_sku_id' doesn't exist in table (SQL: alter table `product_sku_images` add constraint `product_sku_images_product_sku_id_foreign` foreign key (`product_sku_id`) references `product_skus` (`id`) on delete cascade) {"exception":"[object] (Illuminate\\Database\\QueryException(code: 42000): SQLSTATE[42000]: Syntax error or access violation: 1072 Key column 'product_sku_id' doesn't exist in table (SQL: alter table `product_sku_images` add constraint `product_sku_images_product_sku_id_foreign` foreign key (`product_sku_id`) references `product_skus` (`id`) on delete cascade) at /var/www/morechina/vendor/laravel/framework/src/Illuminate/Database/Connection.php:664, Doctrine\\DBAL\\Driver\\PDOException(code: 42000): SQLSTATE[42000]: Syntax error or access violation: 1072 Key column 'product_sku_id' doesn't exist in table at /var/www/morechina/vendor/doctrine/dbal/lib/Doctrine/DBAL/Driver/PDOStatement.php:123, PDOException(code: 42000): SQLSTATE[42000]: Syntax error or access violation: 1072 Key column 'product_sku_id' doesn't exist in table at /var/www/morechina/vendor/doctrine/dbal/lib/Doctrine/DBAL/Driver/PDOStatement.php:121)
[stacktrace]
#0 /var/www/morechina/vendor/laravel/framework/src/Illuminate/Database/Connection.php(624): Illuminate\\Database\\Connection->runQueryCallback('alter table `pr...', Array, Object(Closure))
#1 /var/www/morechina/vendor/laravel/framework/src/Illuminate/Database/Connection.php(459): Illuminate\\Database\\Connection->run('alter table `pr...', Array, Object(Closure))
#2 /var/www/morechina/vendor/laravel/framework/src/Illuminate/Database/Schema/Blueprint.php(97): Illuminate\\Database\\Connection->statement('alter table `pr...')
#3 /var/www/morechina/vendor/laravel/framework/src/Illuminate/Database/Schema/Builder.php(264): Illuminate\\Database\\Schema\\Blueprint->build(Object(Illuminate\\Database\\MySqlConnection), Object(Illuminate\\Database\\Schema\\Grammars\\MySqlGrammar))
#4 /var/www/morechina/vendor/laravel/framework/src/Illuminate/Database/Schema/Builder.php(165): Illuminate\\Database\\Schema\\Builder->build(Object(Illuminate\\Database\\Schema\\Blueprint))
#5 /var/www/morechina/vendor/laravel/framework/src/Illuminate/Support/Facades/Facade.php(237): Illuminate\\Database\\Schema\\Builder->create('product_sku_ima...', Object(Closure))
#6 /var/www/morechina/database/migrations/2025_07_22_141337_create_product_sku_images_table.php(24): Illuminate\\Support\\Facades\\Facade::__callStatic('create', Array)
#7 /var/www/morechina/vendor/laravel/framework/src/Illuminate/Database/Migrations/Migrator.php(360): CreateProductSkuImagesTable->up()
#8 /var/www/morechina/vendor/laravel/framework/src/Illuminate/Database/Migrations/Migrator.php(367): Illuminate\\Database\\Migrations\\Migrator->Illuminate\\Database\\Migrations\\{closure}()
#9 /var/www/morechina/vendor/laravel/framework/src/Illuminate/Database/Migrations/Migrator.php(178): Illuminate\\Database\\Migrations\\Migrator->runMigration(Object(CreateProductSkuImagesTable), 'up')
#10 /var/www/morechina/vendor/laravel/framework/src/Illuminate/Database/Migrations/Migrator.php(147): Illuminate\\Database\\Migrations\\Migrator->runUp('/var/www/morech...', 40, false)
#11 /var/www/morechina/vendor/laravel/framework/src/Illuminate/Database/Migrations/Migrator.php(96): Illuminate\\Database\\Migrations\\Migrator->runPending(Array, Array)
#12 /var/www/morechina/vendor/laravel/framework/src/Illuminate/Database/Console/Migrations/MigrateCommand.php(71): Illuminate\\Database\\Migrations\\Migrator->run(Array, Array)
#13 [internal function]: Illuminate\\Database\\Console\\Migrations\\MigrateCommand->handle()
#14 /var/www/morechina/vendor/laravel/framework/src/Illuminate/Container/BoundMethod.php(29): call_user_func_array(Array, Array)
#15 /var/www/morechina/vendor/laravel/framework/src/Illuminate/Container/BoundMethod.php(87): Illuminate\\Container\\BoundMethod::Illuminate\\Container\\{closure}()
#16 /var/www/morechina/vendor/laravel/framework/src/Illuminate/Container/BoundMethod.php(31): Illuminate\\Container\\BoundMethod::callBoundMethod(Object(Illuminate\\Foundation\\Application), Array, Object(Closure))
#17 /var/www/morechina/vendor/laravel/framework/src/Illuminate/Container/Container.php(572): Illuminate\\Container\\BoundMethod::call(Object(Illuminate\\Foundation\\Application), Array, Array, NULL)
#18 /var/www/morechina/vendor/laravel/framework/src/Illuminate/Console/Command.php(183): Illuminate\\Container\\Container->call(Array)
#19 /var/www/morechina/vendor/symfony/console/Command/Command.php(255): Illuminate\\Console\\Command->execute(Object(Symfony\\Component\\Console\\Input\\ArgvInput), Object(Illuminate\\Console\\OutputStyle))
#20 /var/www/morechina/vendor/laravel/framework/src/Illuminate/Console/Command.php(170): Symfony\\Component\\Console\\Command\\Command->run(Object(Symfony\\Component\\Console\\Input\\ArgvInput), Object(Illuminate\\Console\\OutputStyle))
#21 /var/www/morechina/vendor/symfony/console/Application.php(1011): Illuminate\\Console\\Command->run(Object(Symfony\\Component\\Console\\Input\\ArgvInput), Object(Symfony\\Component\\Console\\Output\\ConsoleOutput))
#22 /var/www/morechina/vendor/symfony/console/Application.php(272): Symfony\\Component\\Console\\Application->doRunCommand(Object(Illuminate\\Database\\Console\\Migrations\\MigrateCommand), Object(Symfony\\Component\\Console\\Input\\ArgvInput), Object(Symfony\\Component\\Console\\Output\\ConsoleOutput))
#23 /var/www/morechina/vendor/symfony/console/Application.php(148): Symfony\\Component\\Console\\Application->doRun(Object(Symfony\\Component\\Console\\Input\\ArgvInput), Object(Symfony\\Component\\Console\\Output\\ConsoleOutput))
#24 /var/www/morechina/vendor/laravel/framework/src/Illuminate/Console/Application.php(89): Symfony\\Component\\Console\\Application->run(Object(Symfony\\Component\\Console\\Input\\ArgvInput), Object(Symfony\\Component\\Console\\Output\\ConsoleOutput))
#25 /var/www/morechina/vendor/laravel/framework/src/Illuminate/Foundation/Console/Kernel.php(122): Illuminate\\Console\\Application->run(Object(Symfony\\Component\\Console\\Input\\ArgvInput), Object(Symfony\\Component\\Console\\Output\\ConsoleOutput))
#26 /var/www/morechina/artisan(37): Illuminate\\Foundation\\Console\\Kernel->handle(Object(Symfony\\Component\\Console\\Input\\ArgvInput), Object(Symfony\\Component\\Console\\Output\\ConsoleOutput))
#27 {main}
"} 
[2025-07-28 16:34:25] local.ERROR: syntax error, unexpected '}', expecting ')' {"userId":1,"email":"8016@morechina.com.cn","exception":"[object] (Symfony\\Component\\Debug\\Exception\\FatalThrowableError(code: 0): syntax error, unexpected '}', expecting ')' at /var/www/morechina/app/Models/ProductSkuImage.php:23)
[stacktrace]
#0 /var/www/morechina/vendor/composer/ClassLoader.php(322): Composer\\Autoload\\includeFile('/var/www/morech...')
#1 [internal function]: Composer\\Autoload\\ClassLoader->loadClass('App\\\\Models\\\\Prod...')
#2 /var/www/morechina/vendor/laravel/framework/src/Illuminate/Database/Eloquent/Concerns/HasRelationships.php(670): spl_autoload_call('App\\\\Models\\\\Prod...')
#3 /var/www/morechina/vendor/laravel/framework/src/Illuminate/Database/Eloquent/Concerns/HasRelationships.php(283): Illuminate\\Database\\Eloquent\\Model->newRelatedInstance('App\\\\Models\\\\Prod...')
#4 /var/www/morechina/app/Models/ProductSku.php(39): Illuminate\\Database\\Eloquent\\Model->hasMany('App\\\\Models\\\\Prod...')
#5 /var/www/morechina/vendor/laravel/framework/src/Illuminate/Database/Eloquent/Builder.php(584): App\\Models\\ProductSku->images()
#6 [internal function]: Illuminate\\Database\\Eloquent\\Builder->Illuminate\\Database\\Eloquent\\{closure}()
#7 /var/www/morechina/vendor/laravel/framework/src/Illuminate/Database/Eloquent/Relations/Relation.php(90): call_user_func(Object(Closure))
#8 /var/www/morechina/vendor/laravel/framework/src/Illuminate/Database/Eloquent/Builder.php(588): Illuminate\\Database\\Eloquent\\Relations\\Relation::noConstraints(Object(Closure))
#9 /var/www/morechina/vendor/laravel/framework/src/Illuminate/Database/Eloquent/Builder.php(556): Illuminate\\Database\\Eloquent\\Builder->getRelation('images')
#10 /var/www/morechina/vendor/laravel/framework/src/Illuminate/Database/Eloquent/Builder.php(536): Illuminate\\Database\\Eloquent\\Builder->eagerLoadRelation(Array, 'images', Object(Closure))
#11 /var/www/morechina/vendor/laravel/framework/src/Illuminate/Database/Eloquent/Builder.php(504): Illuminate\\Database\\Eloquent\\Builder->eagerLoadRelations(Array)
#12 /var/www/morechina/vendor/laravel/framework/src/Illuminate/Database/Concerns/BuildsQueries.php(77): Illuminate\\Database\\Eloquent\\Builder->get(Array)
#13 /var/www/morechina/vendor/laravel/framework/src/Illuminate/Database/Eloquent/Builder.php(329): Illuminate\\Database\\Eloquent\\Builder->first(Array)
#14 /var/www/morechina/vendor/laravel/framework/src/Illuminate/Database/Eloquent/Builder.php(359): Illuminate\\Database\\Eloquent\\Builder->find('1074', Array)
#15 /var/www/morechina/vendor/encore/laravel-admin/src/Form.php(1149): Illuminate\\Database\\Eloquent\\Builder->findOrFail('1074')
#16 /var/www/morechina/vendor/encore/laravel-admin/src/Form.php(321): Encore\\Admin\\Form->setFieldValue('1074')
#17 /var/www/morechina/app/Admin/Controllers/ProductSkuController.php(115): Encore\\Admin\\Form->edit('1074')
#18 [internal function]: App\\Admin\\Controllers\\ProductSkuController->edit('1074', Object(Encore\\Admin\\Layout\\Content))
#19 /var/www/morechina/vendor/laravel/framework/src/Illuminate/Routing/Controller.php(54): call_user_func_array(Array, Array)
#20 /var/www/morechina/vendor/laravel/framework/src/Illuminate/Routing/ControllerDispatcher.php(45): Illuminate\\Routing\\Controller->callAction('edit', Array)
#21 /var/www/morechina/vendor/laravel/framework/src/Illuminate/Routing/Route.php(219): Illuminate\\Routing\\ControllerDispatcher->dispatch(Object(Illuminate\\Routing\\Route), Object(App\\Admin\\Controllers\\ProductSkuController), 'edit')
#22 /var/www/morechina/vendor/laravel/framework/src/Illuminate/Routing/Route.php(176): Illuminate\\Routing\\Route->runController()
#23 /var/www/morechina/vendor/laravel/framework/src/Illuminate/Routing/Router.php(682): Illuminate\\Routing\\Route->run()
#24 /var/www/morechina/vendor/laravel/framework/src/Illuminate/Routing/Pipeline.php(30): Illuminate\\Routing\\Router->Illuminate\\Routing\\{closure}(Object(Illuminate\\Http\\Request))
#25 /var/www/morechina/vendor/encore/laravel-admin/src/Middleware/Permission.php(46): Illuminate\\Routing\\Pipeline->Illuminate\\Routing\\{closure}(Object(Illuminate\\Http\\Request))
#26 /var/www/morechina/vendor/laravel/framework/src/Illuminate/Pipeline/Pipeline.php(163): Encore\\Admin\\Middleware\\Permission->handle(Object(Illuminate\\Http\\Request), Object(Closure))
#27 /var/www/morechina/vendor/laravel/framework/src/Illuminate/Routing/Pipeline.php(53): Illuminate\\Pipeline\\Pipeline->Illuminate\\Pipeline\\{closure}(Object(Illuminate\\Http\\Request))
#28 /var/www/morechina/vendor/encore/laravel-admin/src/Middleware/Bootstrap.php(15): Illuminate\\Routing\\Pipeline->Illuminate\\Routing\\{closure}(Object(Illuminate\\Http\\Request))
#29 /var/www/morechina/vendor/laravel/framework/src/Illuminate/Pipeline/Pipeline.php(163): Encore\\Admin\\Middleware\\Bootstrap->handle(Object(Illuminate\\Http\\Request), Object(Closure))
#30 /var/www/morechina/vendor/laravel/framework/src/Illuminate/Routing/Pipeline.php(53): Illuminate\\Pipeline\\Pipeline->Illuminate\\Pipeline\\{closure}(Object(Illuminate\\Http\\Request))
#31 /var/www/morechina/vendor/encore/laravel-admin/src/Middleware/LogOperation.php(38): Illuminate\\Routing\\Pipeline->Illuminate\\Routing\\{closure}(Object(Illuminate\\Http\\Request))
#32 /var/www/morechina/vendor/laravel/framework/src/Illuminate/Pipeline/Pipeline.php(163): Encore\\Admin\\Middleware\\LogOperation->handle(Object(Illuminate\\Http\\Request), Object(Closure))
#33 /var/www/morechina/vendor/laravel/framework/src/Illuminate/Routing/Pipeline.php(53): Illuminate\\Pipeline\\Pipeline->Illuminate\\Pipeline\\{closure}(Object(Illuminate\\Http\\Request))
#34 /var/www/morechina/vendor/encore/laravel-admin/src/Middleware/Pjax.php(24): Illuminate\\Routing\\Pipeline->Illuminate\\Routing\\{closure}(Object(Illuminate\\Http\\Request))
#35 /var/www/morechina/vendor/laravel/framework/src/Illuminate/Pipeline/Pipeline.php(163): Encore\\Admin\\Middleware\\Pjax->handle(Object(Illuminate\\Http\\Request), Object(Closure))
#36 /var/www/morechina/vendor/laravel/framework/src/Illuminate/Routing/Pipeline.php(53): Illuminate\\Pipeline\\Pipeline->Illuminate\\Pipeline\\{closure}(Object(Illuminate\\Http\\Request))
#37 /var/www/morechina/vendor/encore/laravel-admin/src/Middleware/Authenticate.php(26): Illuminate\\Routing\\Pipeline->Illuminate\\Routing\\{closure}(Object(Illuminate\\Http\\Request))
#38 /var/www/morechina/vendor/laravel/framework/src/Illuminate/Pipeline/Pipeline.php(163): Encore\\Admin\\Middleware\\Authenticate->handle(Object(Illuminate\\Http\\Request), Object(Closure))
#39 /var/www/morechina/vendor/laravel/framework/src/Illuminate/Routing/Pipeline.php(53): Illuminate\\Pipeline\\Pipeline->Illuminate\\Pipeline\\{closure}(Object(Illuminate\\Http\\Request))
#40 /var/www/morechina/app/Http/Middleware/EnsureEmailIsVerified.php(26): Illuminate\\Routing\\Pipeline->Illuminate\\Routing\\{closure}(Object(Illuminate\\Http\\Request))
#41 /var/www/morechina/vendor/laravel/framework/src/Illuminate/Pipeline/Pipeline.php(163): App\\Http\\Middleware\\EnsureEmailIsVerified->handle(Object(Illuminate\\Http\\Request), Object(Closure))
#42 /var/www/morechina/vendor/laravel/framework/src/Illuminate/Routing/Pipeline.php(53): Illuminate\\Pipeline\\Pipeline->Illuminate\\Pipeline\\{closure}(Object(Illuminate\\Http\\Request))
#43 /var/www/morechina/vendor/laravel/framework/src/Illuminate/Routing/Middleware/SubstituteBindings.php(41): Illuminate\\Routing\\Pipeline->Illuminate\\Routing\\{closure}(Object(Illuminate\\Http\\Request))
#44 /var/www/morechina/vendor/laravel/framework/src/Illuminate/Pipeline/Pipeline.php(163): Illuminate\\Routing\\Middleware\\SubstituteBindings->handle(Object(Illuminate\\Http\\Request), Object(Closure))
#45 /var/www/morechina/vendor/laravel/framework/src/Illuminate/Routing/Pipeline.php(53): Illuminate\\Pipeline\\Pipeline->Illuminate\\Pipeline\\{closure}(Object(Illuminate\\Http\\Request))
#46 /var/www/morechina/vendor/laravel/framework/src/Illuminate/Foundation/Http/Middleware/VerifyCsrfToken.php(75): Illuminate\\Routing\\Pipeline->Illuminate\\Routing\\{closure}(Object(Illuminate\\Http\\Request))
#47 /var/www/morechina/vendor/laravel/framework/src/Illuminate/Pipeline/Pipeline.php(163): Illuminate\\Foundation\\Http\\Middleware\\VerifyCsrfToken->handle(Object(Illuminate\\Http\\Request), Object(Closure))
#48 /var/www/morechina/vendor/laravel/framework/src/Illuminate/Routing/Pipeline.php(53): Illuminate\\Pipeline\\Pipeline->Illuminate\\Pipeline\\{closure}(Object(Illuminate\\Http\\Request))
#49 /var/www/morechina/vendor/laravel/framework/src/Illuminate/View/Middleware/ShareErrorsFromSession.php(49): Illuminate\\Routing\\Pipeline->Illuminate\\Routing\\{closure}(Object(Illuminate\\Http\\Request))
#50 /var/www/morechina/vendor/laravel/framework/src/Illuminate/Pipeline/Pipeline.php(163): Illuminate\\View\\Middleware\\ShareErrorsFromSession->handle(Object(Illuminate\\Http\\Request), Object(Closure))
#51 /var/www/morechina/vendor/laravel/framework/src/Illuminate/Routing/Pipeline.php(53): Illuminate\\Pipeline\\Pipeline->Illuminate\\Pipeline\\{closure}(Object(Illuminate\\Http\\Request))
#52 /var/www/morechina/vendor/laravel/framework/src/Illuminate/Session/Middleware/StartSession.php(63): Illuminate\\Routing\\Pipeline->Illuminate\\Routing\\{closure}(Object(Illuminate\\Http\\Request))
#53 /var/www/morechina/vendor/laravel/framework/src/Illuminate/Pipeline/Pipeline.php(163): Illuminate\\Session\\Middleware\\StartSession->handle(Object(Illuminate\\Http\\Request), Object(Closure))
#54 /var/www/morechina/vendor/laravel/framework/src/Illuminate/Routing/Pipeline.php(53): Illuminate\\Pipeline\\Pipeline->Illuminate\\Pipeline\\{closure}(Object(Illuminate\\Http\\Request))
#55 /var/www/morechina/vendor/laravel/framework/src/Illuminate/Cookie/Middleware/AddQueuedCookiesToResponse.php(37): Illuminate\\Routing\\Pipeline->Illuminate\\Routing\\{closure}(Object(Illuminate\\Http\\Request))
#56 /var/www/morechina/vendor/laravel/framework/src/Illuminate/Pipeline/Pipeline.php(163): Illuminate\\Cookie\\Middleware\\AddQueuedCookiesToResponse->handle(Object(Illuminate\\Http\\Request), Object(Closure))
#57 /var/www/morechina/vendor/laravel/framework/src/Illuminate/Routing/Pipeline.php(53): Illuminate\\Pipeline\\Pipeline->Illuminate\\Pipeline\\{closure}(Object(Illuminate\\Http\\Request))
#58 /var/www/morechina/vendor/laravel/framework/src/Illuminate/Cookie/Middleware/EncryptCookies.php(66): Illuminate\\Routing\\Pipeline->Illuminate\\Routing\\{closure}(Object(Illuminate\\Http\\Request))
#59 /var/www/morechina/vendor/laravel/framework/src/Illuminate/Pipeline/Pipeline.php(163): Illuminate\\Cookie\\Middleware\\EncryptCookies->handle(Object(Illuminate\\Http\\Request), Object(Closure))
#60 /var/www/morechina/vendor/laravel/framework/src/Illuminate/Routing/Pipeline.php(53): Illuminate\\Pipeline\\Pipeline->Illuminate\\Pipeline\\{closure}(Object(Illuminate\\Http\\Request))
#61 /var/www/morechina/vendor/laravel/framework/src/Illuminate/Pipeline/Pipeline.php(104): Illuminate\\Routing\\Pipeline->Illuminate\\Routing\\{closure}(Object(Illuminate\\Http\\Request))
#62 /var/www/morechina/vendor/laravel/framework/src/Illuminate/Routing/Router.php(684): Illuminate\\Pipeline\\Pipeline->then(Object(Closure))
#63 /var/www/morechina/vendor/laravel/framework/src/Illuminate/Routing/Router.php(659): Illuminate\\Routing\\Router->runRouteWithinStack(Object(Illuminate\\Routing\\Route), Object(Illuminate\\Http\\Request))
#64 /var/www/morechina/vendor/laravel/framework/src/Illuminate/Routing/Router.php(625): Illuminate\\Routing\\Router->runRoute(Object(Illuminate\\Http\\Request), Object(Illuminate\\Routing\\Route))
#65 /var/www/morechina/vendor/laravel/framework/src/Illuminate/Routing/Router.php(614): Illuminate\\Routing\\Router->dispatchToRoute(Object(Illuminate\\Http\\Request))
#66 /var/www/morechina/vendor/laravel/framework/src/Illuminate/Foundation/Http/Kernel.php(176): Illuminate\\Routing\\Router->dispatch(Object(Illuminate\\Http\\Request))
#67 /var/www/morechina/vendor/laravel/framework/src/Illuminate/Routing/Pipeline.php(30): Illuminate\\Foundation\\Http\\Kernel->Illuminate\\Foundation\\Http\\{closure}(Object(Illuminate\\Http\\Request))
#68 /var/www/morechina/vendor/barryvdh/laravel-debugbar/src/Middleware/InjectDebugbar.php(65): Illuminate\\Routing\\Pipeline->Illuminate\\Routing\\{closure}(Object(Illuminate\\Http\\Request))
#69 /var/www/morechina/vendor/laravel/framework/src/Illuminate/Pipeline/Pipeline.php(163): Barryvdh\\Debugbar\\Middleware\\InjectDebugbar->handle(Object(Illuminate\\Http\\Request), Object(Closure))
#70 /var/www/morechina/vendor/laravel/framework/src/Illuminate/Routing/Pipeline.php(53): Illuminate\\Pipeline\\Pipeline->Illuminate\\Pipeline\\{closure}(Object(Illuminate\\Http\\Request))
#71 /var/www/morechina/vendor/fideloper/proxy/src/TrustProxies.php(57): Illuminate\\Routing\\Pipeline->Illuminate\\Routing\\{closure}(Object(Illuminate\\Http\\Request))
#72 /var/www/morechina/vendor/laravel/framework/src/Illuminate/Pipeline/Pipeline.php(163): Fideloper\\Proxy\\TrustProxies->handle(Object(Illuminate\\Http\\Request), Object(Closure))
#73 /var/www/morechina/vendor/laravel/framework/src/Illuminate/Routing/Pipeline.php(53): Illuminate\\Pipeline\\Pipeline->Illuminate\\Pipeline\\{closure}(Object(Illuminate\\Http\\Request))
#74 /var/www/morechina/vendor/laravel/framework/src/Illuminate/Foundation/Http/Middleware/TransformsRequest.php(31): Illuminate\\Routing\\Pipeline->Illuminate\\Routing\\{closure}(Object(Illuminate\\Http\\Request))
#75 /var/www/morechina/vendor/laravel/framework/src/Illuminate/Pipeline/Pipeline.php(163): Illuminate\\Foundation\\Http\\Middleware\\TransformsRequest->handle(Object(Illuminate\\Http\\Request), Object(Closure))
#76 /var/www/morechina/vendor/laravel/framework/src/Illuminate/Routing/Pipeline.php(53): Illuminate\\Pipeline\\Pipeline->Illuminate\\Pipeline\\{closure}(Object(Illuminate\\Http\\Request))
#77 /var/www/morechina/vendor/laravel/framework/src/Illuminate/Foundation/Http/Middleware/TransformsRequest.php(31): Illuminate\\Routing\\Pipeline->Illuminate\\Routing\\{closure}(Object(Illuminate\\Http\\Request))
#78 /var/www/morechina/vendor/laravel/framework/src/Illuminate/Pipeline/Pipeline.php(163): Illuminate\\Foundation\\Http\\Middleware\\TransformsRequest->handle(Object(Illuminate\\Http\\Request), Object(Closure))
#79 /var/www/morechina/vendor/laravel/framework/src/Illuminate/Routing/Pipeline.php(53): Illuminate\\Pipeline\\Pipeline->Illuminate\\Pipeline\\{closure}(Object(Illuminate\\Http\\Request))
#80 /var/www/morechina/vendor/laravel/framework/src/Illuminate/Foundation/Http/Middleware/ValidatePostSize.php(27): Illuminate\\Routing\\Pipeline->Illuminate\\Routing\\{closure}(Object(Illuminate\\Http\\Request))
#81 /var/www/morechina/vendor/laravel/framework/src/Illuminate/Pipeline/Pipeline.php(163): Illuminate\\Foundation\\Http\\Middleware\\ValidatePostSize->handle(Object(Illuminate\\Http\\Request), Object(Closure))
#82 /var/www/morechina/vendor/laravel/framework/src/Illuminate/Routing/Pipeline.php(53): Illuminate\\Pipeline\\Pipeline->Illuminate\\Pipeline\\{closure}(Object(Illuminate\\Http\\Request))
#83 /var/www/morechina/vendor/laravel/framework/src/Illuminate/Foundation/Http/Middleware/CheckForMaintenanceMode.php(62): Illuminate\\Routing\\Pipeline->Illuminate\\Routing\\{closure}(Object(Illuminate\\Http\\Request))
#84 /var/www/morechina/vendor/laravel/framework/src/Illuminate/Pipeline/Pipeline.php(163): Illuminate\\Foundation\\Http\\Middleware\\CheckForMaintenanceMode->handle(Object(Illuminate\\Http\\Request), Object(Closure))
#85 /var/www/morechina/vendor/laravel/framework/src/Illuminate/Routing/Pipeline.php(53): Illuminate\\Pipeline\\Pipeline->Illuminate\\Pipeline\\{closure}(Object(Illuminate\\Http\\Request))
#86 /var/www/morechina/vendor/laravel/framework/src/Illuminate/Pipeline/Pipeline.php(104): Illuminate\\Routing\\Pipeline->Illuminate\\Routing\\{closure}(Object(Illuminate\\Http\\Request))
#87 /var/www/morechina/vendor/laravel/framework/src/Illuminate/Foundation/Http/Kernel.php(151): Illuminate\\Pipeline\\Pipeline->then(Object(Closure))
#88 /var/www/morechina/vendor/laravel/framework/src/Illuminate/Foundation/Http/Kernel.php(116): Illuminate\\Foundation\\Http\\Kernel->sendRequestThroughRouter(Object(Illuminate\\Http\\Request))
#89 /var/www/morechina/public/index.php(55): Illuminate\\Foundation\\Http\\Kernel->handle(Object(Illuminate\\Http\\Request))
#90 {main}
"} 
[2025-07-28 16:35:24] local.ERROR: syntax error, unexpected '}', expecting ')' {"userId":1,"email":"8016@morechina.com.cn","exception":"[object] (Symfony\\Component\\Debug\\Exception\\FatalThrowableError(code: 0): syntax error, unexpected '}', expecting ')' at /var/www/morechina/app/Models/ProductSkuImage.php:23)
[stacktrace]
#0 /var/www/morechina/vendor/composer/ClassLoader.php(322): Composer\\Autoload\\includeFile('/var/www/morech...')
#1 [internal function]: Composer\\Autoload\\ClassLoader->loadClass('App\\\\Models\\\\Prod...')
#2 /var/www/morechina/vendor/laravel/framework/src/Illuminate/Database/Eloquent/Concerns/HasRelationships.php(670): spl_autoload_call('App\\\\Models\\\\Prod...')
#3 /var/www/morechina/vendor/laravel/framework/src/Illuminate/Database/Eloquent/Concerns/HasRelationships.php(283): Illuminate\\Database\\Eloquent\\Model->newRelatedInstance('App\\\\Models\\\\Prod...')
#4 /var/www/morechina/app/Models/ProductSku.php(39): Illuminate\\Database\\Eloquent\\Model->hasMany('App\\\\Models\\\\Prod...')
#5 /var/www/morechina/vendor/laravel/framework/src/Illuminate/Database/Eloquent/Builder.php(584): App\\Models\\ProductSku->images()
#6 [internal function]: Illuminate\\Database\\Eloquent\\Builder->Illuminate\\Database\\Eloquent\\{closure}()
#7 /var/www/morechina/vendor/laravel/framework/src/Illuminate/Database/Eloquent/Relations/Relation.php(90): call_user_func(Object(Closure))
#8 /var/www/morechina/vendor/laravel/framework/src/Illuminate/Database/Eloquent/Builder.php(588): Illuminate\\Database\\Eloquent\\Relations\\Relation::noConstraints(Object(Closure))
#9 /var/www/morechina/vendor/laravel/framework/src/Illuminate/Database/Eloquent/Builder.php(556): Illuminate\\Database\\Eloquent\\Builder->getRelation('images')
#10 /var/www/morechina/vendor/laravel/framework/src/Illuminate/Database/Eloquent/Builder.php(536): Illuminate\\Database\\Eloquent\\Builder->eagerLoadRelation(Array, 'images', Object(Closure))
#11 /var/www/morechina/vendor/laravel/framework/src/Illuminate/Database/Eloquent/Builder.php(504): Illuminate\\Database\\Eloquent\\Builder->eagerLoadRelations(Array)
#12 /var/www/morechina/vendor/laravel/framework/src/Illuminate/Database/Concerns/BuildsQueries.php(77): Illuminate\\Database\\Eloquent\\Builder->get(Array)
#13 /var/www/morechina/vendor/laravel/framework/src/Illuminate/Database/Eloquent/Builder.php(329): Illuminate\\Database\\Eloquent\\Builder->first(Array)
#14 /var/www/morechina/vendor/laravel/framework/src/Illuminate/Database/Eloquent/Builder.php(359): Illuminate\\Database\\Eloquent\\Builder->find('1074', Array)
#15 /var/www/morechina/vendor/encore/laravel-admin/src/Form.php(1149): Illuminate\\Database\\Eloquent\\Builder->findOrFail('1074')
#16 /var/www/morechina/vendor/encore/laravel-admin/src/Form.php(321): Encore\\Admin\\Form->setFieldValue('1074')
#17 /var/www/morechina/app/Admin/Controllers/ProductSkuController.php(115): Encore\\Admin\\Form->edit('1074')
#18 [internal function]: App\\Admin\\Controllers\\ProductSkuController->edit('1074', Object(Encore\\Admin\\Layout\\Content))
#19 /var/www/morechina/vendor/laravel/framework/src/Illuminate/Routing/Controller.php(54): call_user_func_array(Array, Array)
#20 /var/www/morechina/vendor/laravel/framework/src/Illuminate/Routing/ControllerDispatcher.php(45): Illuminate\\Routing\\Controller->callAction('edit', Array)
#21 /var/www/morechina/vendor/laravel/framework/src/Illuminate/Routing/Route.php(219): Illuminate\\Routing\\ControllerDispatcher->dispatch(Object(Illuminate\\Routing\\Route), Object(App\\Admin\\Controllers\\ProductSkuController), 'edit')
#22 /var/www/morechina/vendor/laravel/framework/src/Illuminate/Routing/Route.php(176): Illuminate\\Routing\\Route->runController()
#23 /var/www/morechina/vendor/laravel/framework/src/Illuminate/Routing/Router.php(682): Illuminate\\Routing\\Route->run()
#24 /var/www/morechina/vendor/laravel/framework/src/Illuminate/Routing/Pipeline.php(30): Illuminate\\Routing\\Router->Illuminate\\Routing\\{closure}(Object(Illuminate\\Http\\Request))
#25 /var/www/morechina/vendor/encore/laravel-admin/src/Middleware/Permission.php(46): Illuminate\\Routing\\Pipeline->Illuminate\\Routing\\{closure}(Object(Illuminate\\Http\\Request))
#26 /var/www/morechina/vendor/laravel/framework/src/Illuminate/Pipeline/Pipeline.php(163): Encore\\Admin\\Middleware\\Permission->handle(Object(Illuminate\\Http\\Request), Object(Closure))
#27 /var/www/morechina/vendor/laravel/framework/src/Illuminate/Routing/Pipeline.php(53): Illuminate\\Pipeline\\Pipeline->Illuminate\\Pipeline\\{closure}(Object(Illuminate\\Http\\Request))
#28 /var/www/morechina/vendor/encore/laravel-admin/src/Middleware/Bootstrap.php(15): Illuminate\\Routing\\Pipeline->Illuminate\\Routing\\{closure}(Object(Illuminate\\Http\\Request))
#29 /var/www/morechina/vendor/laravel/framework/src/Illuminate/Pipeline/Pipeline.php(163): Encore\\Admin\\Middleware\\Bootstrap->handle(Object(Illuminate\\Http\\Request), Object(Closure))
#30 /var/www/morechina/vendor/laravel/framework/src/Illuminate/Routing/Pipeline.php(53): Illuminate\\Pipeline\\Pipeline->Illuminate\\Pipeline\\{closure}(Object(Illuminate\\Http\\Request))
#31 /var/www/morechina/vendor/encore/laravel-admin/src/Middleware/LogOperation.php(38): Illuminate\\Routing\\Pipeline->Illuminate\\Routing\\{closure}(Object(Illuminate\\Http\\Request))
#32 /var/www/morechina/vendor/laravel/framework/src/Illuminate/Pipeline/Pipeline.php(163): Encore\\Admin\\Middleware\\LogOperation->handle(Object(Illuminate\\Http\\Request), Object(Closure))
#33 /var/www/morechina/vendor/laravel/framework/src/Illuminate/Routing/Pipeline.php(53): Illuminate\\Pipeline\\Pipeline->Illuminate\\Pipeline\\{closure}(Object(Illuminate\\Http\\Request))
#34 /var/www/morechina/vendor/encore/laravel-admin/src/Middleware/Pjax.php(24): Illuminate\\Routing\\Pipeline->Illuminate\\Routing\\{closure}(Object(Illuminate\\Http\\Request))
#35 /var/www/morechina/vendor/laravel/framework/src/Illuminate/Pipeline/Pipeline.php(163): Encore\\Admin\\Middleware\\Pjax->handle(Object(Illuminate\\Http\\Request), Object(Closure))
#36 /var/www/morechina/vendor/laravel/framework/src/Illuminate/Routing/Pipeline.php(53): Illuminate\\Pipeline\\Pipeline->Illuminate\\Pipeline\\{closure}(Object(Illuminate\\Http\\Request))
#37 /var/www/morechina/vendor/encore/laravel-admin/src/Middleware/Authenticate.php(26): Illuminate\\Routing\\Pipeline->Illuminate\\Routing\\{closure}(Object(Illuminate\\Http\\Request))
#38 /var/www/morechina/vendor/laravel/framework/src/Illuminate/Pipeline/Pipeline.php(163): Encore\\Admin\\Middleware\\Authenticate->handle(Object(Illuminate\\Http\\Request), Object(Closure))
#39 /var/www/morechina/vendor/laravel/framework/src/Illuminate/Routing/Pipeline.php(53): Illuminate\\Pipeline\\Pipeline->Illuminate\\Pipeline\\{closure}(Object(Illuminate\\Http\\Request))
#40 /var/www/morechina/app/Http/Middleware/EnsureEmailIsVerified.php(26): Illuminate\\Routing\\Pipeline->Illuminate\\Routing\\{closure}(Object(Illuminate\\Http\\Request))
#41 /var/www/morechina/vendor/laravel/framework/src/Illuminate/Pipeline/Pipeline.php(163): App\\Http\\Middleware\\EnsureEmailIsVerified->handle(Object(Illuminate\\Http\\Request), Object(Closure))
#42 /var/www/morechina/vendor/laravel/framework/src/Illuminate/Routing/Pipeline.php(53): Illuminate\\Pipeline\\Pipeline->Illuminate\\Pipeline\\{closure}(Object(Illuminate\\Http\\Request))
#43 /var/www/morechina/vendor/laravel/framework/src/Illuminate/Routing/Middleware/SubstituteBindings.php(41): Illuminate\\Routing\\Pipeline->Illuminate\\Routing\\{closure}(Object(Illuminate\\Http\\Request))
#44 /var/www/morechina/vendor/laravel/framework/src/Illuminate/Pipeline/Pipeline.php(163): Illuminate\\Routing\\Middleware\\SubstituteBindings->handle(Object(Illuminate\\Http\\Request), Object(Closure))
#45 /var/www/morechina/vendor/laravel/framework/src/Illuminate/Routing/Pipeline.php(53): Illuminate\\Pipeline\\Pipeline->Illuminate\\Pipeline\\{closure}(Object(Illuminate\\Http\\Request))
#46 /var/www/morechina/vendor/laravel/framework/src/Illuminate/Foundation/Http/Middleware/VerifyCsrfToken.php(75): Illuminate\\Routing\\Pipeline->Illuminate\\Routing\\{closure}(Object(Illuminate\\Http\\Request))
#47 /var/www/morechina/vendor/laravel/framework/src/Illuminate/Pipeline/Pipeline.php(163): Illuminate\\Foundation\\Http\\Middleware\\VerifyCsrfToken->handle(Object(Illuminate\\Http\\Request), Object(Closure))
#48 /var/www/morechina/vendor/laravel/framework/src/Illuminate/Routing/Pipeline.php(53): Illuminate\\Pipeline\\Pipeline->Illuminate\\Pipeline\\{closure}(Object(Illuminate\\Http\\Request))
#49 /var/www/morechina/vendor/laravel/framework/src/Illuminate/View/Middleware/ShareErrorsFromSession.php(49): Illuminate\\Routing\\Pipeline->Illuminate\\Routing\\{closure}(Object(Illuminate\\Http\\Request))
#50 /var/www/morechina/vendor/laravel/framework/src/Illuminate/Pipeline/Pipeline.php(163): Illuminate\\View\\Middleware\\ShareErrorsFromSession->handle(Object(Illuminate\\Http\\Request), Object(Closure))
#51 /var/www/morechina/vendor/laravel/framework/src/Illuminate/Routing/Pipeline.php(53): Illuminate\\Pipeline\\Pipeline->Illuminate\\Pipeline\\{closure}(Object(Illuminate\\Http\\Request))
#52 /var/www/morechina/vendor/laravel/framework/src/Illuminate/Session/Middleware/StartSession.php(63): Illuminate\\Routing\\Pipeline->Illuminate\\Routing\\{closure}(Object(Illuminate\\Http\\Request))
#53 /var/www/morechina/vendor/laravel/framework/src/Illuminate/Pipeline/Pipeline.php(163): Illuminate\\Session\\Middleware\\StartSession->handle(Object(Illuminate\\Http\\Request), Object(Closure))
#54 /var/www/morechina/vendor/laravel/framework/src/Illuminate/Routing/Pipeline.php(53): Illuminate\\Pipeline\\Pipeline->Illuminate\\Pipeline\\{closure}(Object(Illuminate\\Http\\Request))
#55 /var/www/morechina/vendor/laravel/framework/src/Illuminate/Cookie/Middleware/AddQueuedCookiesToResponse.php(37): Illuminate\\Routing\\Pipeline->Illuminate\\Routing\\{closure}(Object(Illuminate\\Http\\Request))
#56 /var/www/morechina/vendor/laravel/framework/src/Illuminate/Pipeline/Pipeline.php(163): Illuminate\\Cookie\\Middleware\\AddQueuedCookiesToResponse->handle(Object(Illuminate\\Http\\Request), Object(Closure))
#57 /var/www/morechina/vendor/laravel/framework/src/Illuminate/Routing/Pipeline.php(53): Illuminate\\Pipeline\\Pipeline->Illuminate\\Pipeline\\{closure}(Object(Illuminate\\Http\\Request))
#58 /var/www/morechina/vendor/laravel/framework/src/Illuminate/Cookie/Middleware/EncryptCookies.php(66): Illuminate\\Routing\\Pipeline->Illuminate\\Routing\\{closure}(Object(Illuminate\\Http\\Request))
#59 /var/www/morechina/vendor/laravel/framework/src/Illuminate/Pipeline/Pipeline.php(163): Illuminate\\Cookie\\Middleware\\EncryptCookies->handle(Object(Illuminate\\Http\\Request), Object(Closure))
#60 /var/www/morechina/vendor/laravel/framework/src/Illuminate/Routing/Pipeline.php(53): Illuminate\\Pipeline\\Pipeline->Illuminate\\Pipeline\\{closure}(Object(Illuminate\\Http\\Request))
#61 /var/www/morechina/vendor/laravel/framework/src/Illuminate/Pipeline/Pipeline.php(104): Illuminate\\Routing\\Pipeline->Illuminate\\Routing\\{closure}(Object(Illuminate\\Http\\Request))
#62 /var/www/morechina/vendor/laravel/framework/src/Illuminate/Routing/Router.php(684): Illuminate\\Pipeline\\Pipeline->then(Object(Closure))
#63 /var/www/morechina/vendor/laravel/framework/src/Illuminate/Routing/Router.php(659): Illuminate\\Routing\\Router->runRouteWithinStack(Object(Illuminate\\Routing\\Route), Object(Illuminate\\Http\\Request))
#64 /var/www/morechina/vendor/laravel/framework/src/Illuminate/Routing/Router.php(625): Illuminate\\Routing\\Router->runRoute(Object(Illuminate\\Http\\Request), Object(Illuminate\\Routing\\Route))
#65 /var/www/morechina/vendor/laravel/framework/src/Illuminate/Routing/Router.php(614): Illuminate\\Routing\\Router->dispatchToRoute(Object(Illuminate\\Http\\Request))
#66 /var/www/morechina/vendor/laravel/framework/src/Illuminate/Foundation/Http/Kernel.php(176): Illuminate\\Routing\\Router->dispatch(Object(Illuminate\\Http\\Request))
#67 /var/www/morechina/vendor/laravel/framework/src/Illuminate/Routing/Pipeline.php(30): Illuminate\\Foundation\\Http\\Kernel->Illuminate\\Foundation\\Http\\{closure}(Object(Illuminate\\Http\\Request))
#68 /var/www/morechina/vendor/barryvdh/laravel-debugbar/src/Middleware/InjectDebugbar.php(65): Illuminate\\Routing\\Pipeline->Illuminate\\Routing\\{closure}(Object(Illuminate\\Http\\Request))
#69 /var/www/morechina/vendor/laravel/framework/src/Illuminate/Pipeline/Pipeline.php(163): Barryvdh\\Debugbar\\Middleware\\InjectDebugbar->handle(Object(Illuminate\\Http\\Request), Object(Closure))
#70 /var/www/morechina/vendor/laravel/framework/src/Illuminate/Routing/Pipeline.php(53): Illuminate\\Pipeline\\Pipeline->Illuminate\\Pipeline\\{closure}(Object(Illuminate\\Http\\Request))
#71 /var/www/morechina/vendor/fideloper/proxy/src/TrustProxies.php(57): Illuminate\\Routing\\Pipeline->Illuminate\\Routing\\{closure}(Object(Illuminate\\Http\\Request))
#72 /var/www/morechina/vendor/laravel/framework/src/Illuminate/Pipeline/Pipeline.php(163): Fideloper\\Proxy\\TrustProxies->handle(Object(Illuminate\\Http\\Request), Object(Closure))
#73 /var/www/morechina/vendor/laravel/framework/src/Illuminate/Routing/Pipeline.php(53): Illuminate\\Pipeline\\Pipeline->Illuminate\\Pipeline\\{closure}(Object(Illuminate\\Http\\Request))
#74 /var/www/morechina/vendor/laravel/framework/src/Illuminate/Foundation/Http/Middleware/TransformsRequest.php(31): Illuminate\\Routing\\Pipeline->Illuminate\\Routing\\{closure}(Object(Illuminate\\Http\\Request))
#75 /var/www/morechina/vendor/laravel/framework/src/Illuminate/Pipeline/Pipeline.php(163): Illuminate\\Foundation\\Http\\Middleware\\TransformsRequest->handle(Object(Illuminate\\Http\\Request), Object(Closure))
#76 /var/www/morechina/vendor/laravel/framework/src/Illuminate/Routing/Pipeline.php(53): Illuminate\\Pipeline\\Pipeline->Illuminate\\Pipeline\\{closure}(Object(Illuminate\\Http\\Request))
#77 /var/www/morechina/vendor/laravel/framework/src/Illuminate/Foundation/Http/Middleware/TransformsRequest.php(31): Illuminate\\Routing\\Pipeline->Illuminate\\Routing\\{closure}(Object(Illuminate\\Http\\Request))
#78 /var/www/morechina/vendor/laravel/framework/src/Illuminate/Pipeline/Pipeline.php(163): Illuminate\\Foundation\\Http\\Middleware\\TransformsRequest->handle(Object(Illuminate\\Http\\Request), Object(Closure))
#79 /var/www/morechina/vendor/laravel/framework/src/Illuminate/Routing/Pipeline.php(53): Illuminate\\Pipeline\\Pipeline->Illuminate\\Pipeline\\{closure}(Object(Illuminate\\Http\\Request))
#80 /var/www/morechina/vendor/laravel/framework/src/Illuminate/Foundation/Http/Middleware/ValidatePostSize.php(27): Illuminate\\Routing\\Pipeline->Illuminate\\Routing\\{closure}(Object(Illuminate\\Http\\Request))
#81 /var/www/morechina/vendor/laravel/framework/src/Illuminate/Pipeline/Pipeline.php(163): Illuminate\\Foundation\\Http\\Middleware\\ValidatePostSize->handle(Object(Illuminate\\Http\\Request), Object(Closure))
#82 /var/www/morechina/vendor/laravel/framework/src/Illuminate/Routing/Pipeline.php(53): Illuminate\\Pipeline\\Pipeline->Illuminate\\Pipeline\\{closure}(Object(Illuminate\\Http\\Request))
#83 /var/www/morechina/vendor/laravel/framework/src/Illuminate/Foundation/Http/Middleware/CheckForMaintenanceMode.php(62): Illuminate\\Routing\\Pipeline->Illuminate\\Routing\\{closure}(Object(Illuminate\\Http\\Request))
#84 /var/www/morechina/vendor/laravel/framework/src/Illuminate/Pipeline/Pipeline.php(163): Illuminate\\Foundation\\Http\\Middleware\\CheckForMaintenanceMode->handle(Object(Illuminate\\Http\\Request), Object(Closure))
#85 /var/www/morechina/vendor/laravel/framework/src/Illuminate/Routing/Pipeline.php(53): Illuminate\\Pipeline\\Pipeline->Illuminate\\Pipeline\\{closure}(Object(Illuminate\\Http\\Request))
#86 /var/www/morechina/vendor/laravel/framework/src/Illuminate/Pipeline/Pipeline.php(104): Illuminate\\Routing\\Pipeline->Illuminate\\Routing\\{closure}(Object(Illuminate\\Http\\Request))
#87 /var/www/morechina/vendor/laravel/framework/src/Illuminate/Foundation/Http/Kernel.php(151): Illuminate\\Pipeline\\Pipeline->then(Object(Closure))
#88 /var/www/morechina/vendor/laravel/framework/src/Illuminate/Foundation/Http/Kernel.php(116): Illuminate\\Foundation\\Http\\Kernel->sendRequestThroughRouter(Object(Illuminate\\Http\\Request))
#89 /var/www/morechina/public/index.php(55): Illuminate\\Foundation\\Http\\Kernel->handle(Object(Illuminate\\Http\\Request))
#90 {main}
"} 
[2025-07-28 17:17:50] local.ERROR: Class 'App\Providers\ProductSkuImage' not found {"exception":"[object] (Symfony\\Component\\Debug\\Exception\\FatalThrowableError(code: 0): Class 'App\\Providers\\ProductSkuImage' not found at /var/www/morechina/app/Providers/AppServiceProvider.php:65)
[stacktrace]
#0 [internal function]: App\\Providers\\AppServiceProvider->boot()
#1 /var/www/morechina/vendor/laravel/framework/src/Illuminate/Container/BoundMethod.php(29): call_user_func_array(Array, Array)
#2 /var/www/morechina/vendor/laravel/framework/src/Illuminate/Container/BoundMethod.php(87): Illuminate\\Container\\BoundMethod::Illuminate\\Container\\{closure}()
#3 /var/www/morechina/vendor/laravel/framework/src/Illuminate/Container/BoundMethod.php(31): Illuminate\\Container\\BoundMethod::callBoundMethod(Object(Illuminate\\Foundation\\Application), Array, Object(Closure))
#4 /var/www/morechina/vendor/laravel/framework/src/Illuminate/Container/Container.php(572): Illuminate\\Container\\BoundMethod::call(Object(Illuminate\\Foundation\\Application), Array, Array, NULL)
#5 /var/www/morechina/vendor/laravel/framework/src/Illuminate/Foundation/Application.php(819): Illuminate\\Container\\Container->call(Array)
#6 /var/www/morechina/vendor/laravel/framework/src/Illuminate/Foundation/Application.php(802): Illuminate\\Foundation\\Application->bootProvider(Object(App\\Providers\\AppServiceProvider))
#7 [internal function]: Illuminate\\Foundation\\Application->Illuminate\\Foundation\\{closure}(Object(App\\Providers\\AppServiceProvider), 23)
#8 /var/www/morechina/vendor/laravel/framework/src/Illuminate/Foundation/Application.php(803): array_walk(Array, Object(Closure))
#9 /var/www/morechina/vendor/laravel/framework/src/Illuminate/Foundation/Bootstrap/BootProviders.php(17): Illuminate\\Foundation\\Application->boot()
#10 /var/www/morechina/vendor/laravel/framework/src/Illuminate/Foundation/Application.php(211): Illuminate\\Foundation\\Bootstrap\\BootProviders->bootstrap(Object(Illuminate\\Foundation\\Application))
#11 /var/www/morechina/vendor/laravel/framework/src/Illuminate/Foundation/Http/Kernel.php(162): Illuminate\\Foundation\\Application->bootstrapWith(Array)
#12 /var/www/morechina/vendor/laravel/framework/src/Illuminate/Foundation/Http/Kernel.php(146): Illuminate\\Foundation\\Http\\Kernel->bootstrap()
#13 /var/www/morechina/vendor/laravel/framework/src/Illuminate/Foundation/Http/Kernel.php(116): Illuminate\\Foundation\\Http\\Kernel->sendRequestThroughRouter(Object(Illuminate\\Http\\Request))
#14 /var/www/morechina/public/index.php(55): Illuminate\\Foundation\\Http\\Kernel->handle(Object(Illuminate\\Http\\Request))
#15 {main}
"} 
[2025-07-28 17:17:50] local.ERROR: Class 'App\Providers\ProductSkuImage' not found {"exception":"[object] (Symfony\\Component\\Debug\\Exception\\FatalThrowableError(code: 0): Class 'App\\Providers\\ProductSkuImage' not found at /var/www/morechina/app/Providers/AppServiceProvider.php:65)
[stacktrace]
#0 [internal function]: App\\Providers\\AppServiceProvider->boot()
#1 /var/www/morechina/vendor/laravel/framework/src/Illuminate/Container/BoundMethod.php(29): call_user_func_array(Array, Array)
#2 /var/www/morechina/vendor/laravel/framework/src/Illuminate/Container/BoundMethod.php(87): Illuminate\\Container\\BoundMethod::Illuminate\\Container\\{closure}()
#3 /var/www/morechina/vendor/laravel/framework/src/Illuminate/Container/BoundMethod.php(31): Illuminate\\Container\\BoundMethod::callBoundMethod(Object(Illuminate\\Foundation\\Application), Array, Object(Closure))
#4 /var/www/morechina/vendor/laravel/framework/src/Illuminate/Container/Container.php(572): Illuminate\\Container\\BoundMethod::call(Object(Illuminate\\Foundation\\Application), Array, Array, NULL)
#5 /var/www/morechina/vendor/laravel/framework/src/Illuminate/Foundation/Application.php(819): Illuminate\\Container\\Container->call(Array)
#6 /var/www/morechina/vendor/laravel/framework/src/Illuminate/Foundation/Application.php(802): Illuminate\\Foundation\\Application->bootProvider(Object(App\\Providers\\AppServiceProvider))
#7 [internal function]: Illuminate\\Foundation\\Application->Illuminate\\Foundation\\{closure}(Object(App\\Providers\\AppServiceProvider), 23)
#8 /var/www/morechina/vendor/laravel/framework/src/Illuminate/Foundation/Application.php(803): array_walk(Array, Object(Closure))
#9 /var/www/morechina/vendor/laravel/framework/src/Illuminate/Foundation/Bootstrap/BootProviders.php(17): Illuminate\\Foundation\\Application->boot()
#10 /var/www/morechina/vendor/laravel/framework/src/Illuminate/Foundation/Application.php(211): Illuminate\\Foundation\\Bootstrap\\BootProviders->bootstrap(Object(Illuminate\\Foundation\\Application))
#11 /var/www/morechina/vendor/laravel/framework/src/Illuminate/Foundation/Http/Kernel.php(162): Illuminate\\Foundation\\Application->bootstrapWith(Array)
#12 /var/www/morechina/vendor/laravel/framework/src/Illuminate/Foundation/Http/Kernel.php(146): Illuminate\\Foundation\\Http\\Kernel->bootstrap()
#13 /var/www/morechina/vendor/laravel/framework/src/Illuminate/Foundation/Http/Kernel.php(116): Illuminate\\Foundation\\Http\\Kernel->sendRequestThroughRouter(Object(Illuminate\\Http\\Request))
#14 /var/www/morechina/public/index.php(55): Illuminate\\Foundation\\Http\\Kernel->handle(Object(Illuminate\\Http\\Request))
#15 {main}
"} 
[2025-07-28 17:17:54] local.ERROR: Class 'App\Providers\ProductSkuImage' not found {"exception":"[object] (Symfony\\Component\\Debug\\Exception\\FatalThrowableError(code: 0): Class 'App\\Providers\\ProductSkuImage' not found at /var/www/morechina/app/Providers/AppServiceProvider.php:65)
[stacktrace]
#0 [internal function]: App\\Providers\\AppServiceProvider->boot()
#1 /var/www/morechina/vendor/laravel/framework/src/Illuminate/Container/BoundMethod.php(29): call_user_func_array(Array, Array)
#2 /var/www/morechina/vendor/laravel/framework/src/Illuminate/Container/BoundMethod.php(87): Illuminate\\Container\\BoundMethod::Illuminate\\Container\\{closure}()
#3 /var/www/morechina/vendor/laravel/framework/src/Illuminate/Container/BoundMethod.php(31): Illuminate\\Container\\BoundMethod::callBoundMethod(Object(Illuminate\\Foundation\\Application), Array, Object(Closure))
#4 /var/www/morechina/vendor/laravel/framework/src/Illuminate/Container/Container.php(572): Illuminate\\Container\\BoundMethod::call(Object(Illuminate\\Foundation\\Application), Array, Array, NULL)
#5 /var/www/morechina/vendor/laravel/framework/src/Illuminate/Foundation/Application.php(819): Illuminate\\Container\\Container->call(Array)
#6 /var/www/morechina/vendor/laravel/framework/src/Illuminate/Foundation/Application.php(802): Illuminate\\Foundation\\Application->bootProvider(Object(App\\Providers\\AppServiceProvider))
#7 [internal function]: Illuminate\\Foundation\\Application->Illuminate\\Foundation\\{closure}(Object(App\\Providers\\AppServiceProvider), 23)
#8 /var/www/morechina/vendor/laravel/framework/src/Illuminate/Foundation/Application.php(803): array_walk(Array, Object(Closure))
#9 /var/www/morechina/vendor/laravel/framework/src/Illuminate/Foundation/Bootstrap/BootProviders.php(17): Illuminate\\Foundation\\Application->boot()
#10 /var/www/morechina/vendor/laravel/framework/src/Illuminate/Foundation/Application.php(211): Illuminate\\Foundation\\Bootstrap\\BootProviders->bootstrap(Object(Illuminate\\Foundation\\Application))
#11 /var/www/morechina/vendor/laravel/framework/src/Illuminate/Foundation/Http/Kernel.php(162): Illuminate\\Foundation\\Application->bootstrapWith(Array)
#12 /var/www/morechina/vendor/laravel/framework/src/Illuminate/Foundation/Http/Kernel.php(146): Illuminate\\Foundation\\Http\\Kernel->bootstrap()
#13 /var/www/morechina/vendor/laravel/framework/src/Illuminate/Foundation/Http/Kernel.php(116): Illuminate\\Foundation\\Http\\Kernel->sendRequestThroughRouter(Object(Illuminate\\Http\\Request))
#14 /var/www/morechina/public/index.php(55): Illuminate\\Foundation\\Http\\Kernel->handle(Object(Illuminate\\Http\\Request))
#15 {main}
"} 
[2025-07-28 17:18:05] local.ERROR: Class 'App\Providers\ProductSkuImage' not found {"exception":"[object] (Symfony\\Component\\Debug\\Exception\\FatalThrowableError(code: 0): Class 'App\\Providers\\ProductSkuImage' not found at /var/www/morechina/app/Providers/AppServiceProvider.php:65)
[stacktrace]
#0 [internal function]: App\\Providers\\AppServiceProvider->boot()
#1 /var/www/morechina/vendor/laravel/framework/src/Illuminate/Container/BoundMethod.php(29): call_user_func_array(Array, Array)
#2 /var/www/morechina/vendor/laravel/framework/src/Illuminate/Container/BoundMethod.php(87): Illuminate\\Container\\BoundMethod::Illuminate\\Container\\{closure}()
#3 /var/www/morechina/vendor/laravel/framework/src/Illuminate/Container/BoundMethod.php(31): Illuminate\\Container\\BoundMethod::callBoundMethod(Object(Illuminate\\Foundation\\Application), Array, Object(Closure))
#4 /var/www/morechina/vendor/laravel/framework/src/Illuminate/Container/Container.php(572): Illuminate\\Container\\BoundMethod::call(Object(Illuminate\\Foundation\\Application), Array, Array, NULL)
#5 /var/www/morechina/vendor/laravel/framework/src/Illuminate/Foundation/Application.php(819): Illuminate\\Container\\Container->call(Array)
#6 /var/www/morechina/vendor/laravel/framework/src/Illuminate/Foundation/Application.php(802): Illuminate\\Foundation\\Application->bootProvider(Object(App\\Providers\\AppServiceProvider))
#7 [internal function]: Illuminate\\Foundation\\Application->Illuminate\\Foundation\\{closure}(Object(App\\Providers\\AppServiceProvider), 23)
#8 /var/www/morechina/vendor/laravel/framework/src/Illuminate/Foundation/Application.php(803): array_walk(Array, Object(Closure))
#9 /var/www/morechina/vendor/laravel/framework/src/Illuminate/Foundation/Bootstrap/BootProviders.php(17): Illuminate\\Foundation\\Application->boot()
#10 /var/www/morechina/vendor/laravel/framework/src/Illuminate/Foundation/Application.php(211): Illuminate\\Foundation\\Bootstrap\\BootProviders->bootstrap(Object(Illuminate\\Foundation\\Application))
#11 /var/www/morechina/vendor/laravel/framework/src/Illuminate/Foundation/Http/Kernel.php(162): Illuminate\\Foundation\\Application->bootstrapWith(Array)
#12 /var/www/morechina/vendor/laravel/framework/src/Illuminate/Foundation/Http/Kernel.php(146): Illuminate\\Foundation\\Http\\Kernel->bootstrap()
#13 /var/www/morechina/vendor/laravel/framework/src/Illuminate/Foundation/Http/Kernel.php(116): Illuminate\\Foundation\\Http\\Kernel->sendRequestThroughRouter(Object(Illuminate\\Http\\Request))
#14 /var/www/morechina/public/index.php(55): Illuminate\\Foundation\\Http\\Kernel->handle(Object(Illuminate\\Http\\Request))
#15 {main}
"} 
[2025-07-28 17:18:05] local.ERROR: Class 'App\Providers\ProductSkuImage' not found {"exception":"[object] (Symfony\\Component\\Debug\\Exception\\FatalThrowableError(code: 0): Class 'App\\Providers\\ProductSkuImage' not found at /var/www/morechina/app/Providers/AppServiceProvider.php:65)
[stacktrace]
#0 [internal function]: App\\Providers\\AppServiceProvider->boot()
#1 /var/www/morechina/vendor/laravel/framework/src/Illuminate/Container/BoundMethod.php(29): call_user_func_array(Array, Array)
#2 /var/www/morechina/vendor/laravel/framework/src/Illuminate/Container/BoundMethod.php(87): Illuminate\\Container\\BoundMethod::Illuminate\\Container\\{closure}()
#3 /var/www/morechina/vendor/laravel/framework/src/Illuminate/Container/BoundMethod.php(31): Illuminate\\Container\\BoundMethod::callBoundMethod(Object(Illuminate\\Foundation\\Application), Array, Object(Closure))
#4 /var/www/morechina/vendor/laravel/framework/src/Illuminate/Container/Container.php(572): Illuminate\\Container\\BoundMethod::call(Object(Illuminate\\Foundation\\Application), Array, Array, NULL)
#5 /var/www/morechina/vendor/laravel/framework/src/Illuminate/Foundation/Application.php(819): Illuminate\\Container\\Container->call(Array)
#6 /var/www/morechina/vendor/laravel/framework/src/Illuminate/Foundation/Application.php(802): Illuminate\\Foundation\\Application->bootProvider(Object(App\\Providers\\AppServiceProvider))
#7 [internal function]: Illuminate\\Foundation\\Application->Illuminate\\Foundation\\{closure}(Object(App\\Providers\\AppServiceProvider), 23)
#8 /var/www/morechina/vendor/laravel/framework/src/Illuminate/Foundation/Application.php(803): array_walk(Array, Object(Closure))
#9 /var/www/morechina/vendor/laravel/framework/src/Illuminate/Foundation/Bootstrap/BootProviders.php(17): Illuminate\\Foundation\\Application->boot()
#10 /var/www/morechina/vendor/laravel/framework/src/Illuminate/Foundation/Application.php(211): Illuminate\\Foundation\\Bootstrap\\BootProviders->bootstrap(Object(Illuminate\\Foundation\\Application))
#11 /var/www/morechina/vendor/laravel/framework/src/Illuminate/Foundation/Http/Kernel.php(162): Illuminate\\Foundation\\Application->bootstrapWith(Array)
#12 /var/www/morechina/vendor/laravel/framework/src/Illuminate/Foundation/Http/Kernel.php(146): Illuminate\\Foundation\\Http\\Kernel->bootstrap()
#13 /var/www/morechina/vendor/laravel/framework/src/Illuminate/Foundation/Http/Kernel.php(116): Illuminate\\Foundation\\Http\\Kernel->sendRequestThroughRouter(Object(Illuminate\\Http\\Request))
#14 /var/www/morechina/public/index.php(55): Illuminate\\Foundation\\Http\\Kernel->handle(Object(Illuminate\\Http\\Request))
#15 {main}
"} 
[2025-07-28 17:18:24] local.ERROR: Class 'App\Providers\ProductSkuImage' not found {"exception":"[object] (Symfony\\Component\\Debug\\Exception\\FatalThrowableError(code: 0): Class 'App\\Providers\\ProductSkuImage' not found at /var/www/morechina/app/Providers/AppServiceProvider.php:65)
[stacktrace]
#0 [internal function]: App\\Providers\\AppServiceProvider->boot()
#1 /var/www/morechina/vendor/laravel/framework/src/Illuminate/Container/BoundMethod.php(29): call_user_func_array(Array, Array)
#2 /var/www/morechina/vendor/laravel/framework/src/Illuminate/Container/BoundMethod.php(87): Illuminate\\Container\\BoundMethod::Illuminate\\Container\\{closure}()
#3 /var/www/morechina/vendor/laravel/framework/src/Illuminate/Container/BoundMethod.php(31): Illuminate\\Container\\BoundMethod::callBoundMethod(Object(Illuminate\\Foundation\\Application), Array, Object(Closure))
#4 /var/www/morechina/vendor/laravel/framework/src/Illuminate/Container/Container.php(572): Illuminate\\Container\\BoundMethod::call(Object(Illuminate\\Foundation\\Application), Array, Array, NULL)
#5 /var/www/morechina/vendor/laravel/framework/src/Illuminate/Foundation/Application.php(819): Illuminate\\Container\\Container->call(Array)
#6 /var/www/morechina/vendor/laravel/framework/src/Illuminate/Foundation/Application.php(802): Illuminate\\Foundation\\Application->bootProvider(Object(App\\Providers\\AppServiceProvider))
#7 [internal function]: Illuminate\\Foundation\\Application->Illuminate\\Foundation\\{closure}(Object(App\\Providers\\AppServiceProvider), 23)
#8 /var/www/morechina/vendor/laravel/framework/src/Illuminate/Foundation/Application.php(803): array_walk(Array, Object(Closure))
#9 /var/www/morechina/vendor/laravel/framework/src/Illuminate/Foundation/Bootstrap/BootProviders.php(17): Illuminate\\Foundation\\Application->boot()
#10 /var/www/morechina/vendor/laravel/framework/src/Illuminate/Foundation/Application.php(211): Illuminate\\Foundation\\Bootstrap\\BootProviders->bootstrap(Object(Illuminate\\Foundation\\Application))
#11 /var/www/morechina/vendor/laravel/framework/src/Illuminate/Foundation/Http/Kernel.php(162): Illuminate\\Foundation\\Application->bootstrapWith(Array)
#12 /var/www/morechina/vendor/laravel/framework/src/Illuminate/Foundation/Http/Kernel.php(146): Illuminate\\Foundation\\Http\\Kernel->bootstrap()
#13 /var/www/morechina/vendor/laravel/framework/src/Illuminate/Foundation/Http/Kernel.php(116): Illuminate\\Foundation\\Http\\Kernel->sendRequestThroughRouter(Object(Illuminate\\Http\\Request))
#14 /var/www/morechina/public/index.php(55): Illuminate\\Foundation\\Http\\Kernel->handle(Object(Illuminate\\Http\\Request))
#15 {main}
"} 
[2025-07-28 17:19:23] local.ERROR: Class 'App\Providers\ProductSkuImage' not found {"exception":"[object] (Symfony\\Component\\Debug\\Exception\\FatalThrowableError(code: 0): Class 'App\\Providers\\ProductSkuImage' not found at /var/www/morechina/app/Providers/AppServiceProvider.php:65)
[stacktrace]
#0 [internal function]: App\\Providers\\AppServiceProvider->boot()
#1 /var/www/morechina/vendor/laravel/framework/src/Illuminate/Container/BoundMethod.php(29): call_user_func_array(Array, Array)
#2 /var/www/morechina/vendor/laravel/framework/src/Illuminate/Container/BoundMethod.php(87): Illuminate\\Container\\BoundMethod::Illuminate\\Container\\{closure}()
#3 /var/www/morechina/vendor/laravel/framework/src/Illuminate/Container/BoundMethod.php(31): Illuminate\\Container\\BoundMethod::callBoundMethod(Object(Illuminate\\Foundation\\Application), Array, Object(Closure))
#4 /var/www/morechina/vendor/laravel/framework/src/Illuminate/Container/Container.php(572): Illuminate\\Container\\BoundMethod::call(Object(Illuminate\\Foundation\\Application), Array, Array, NULL)
#5 /var/www/morechina/vendor/laravel/framework/src/Illuminate/Foundation/Application.php(819): Illuminate\\Container\\Container->call(Array)
#6 /var/www/morechina/vendor/laravel/framework/src/Illuminate/Foundation/Application.php(802): Illuminate\\Foundation\\Application->bootProvider(Object(App\\Providers\\AppServiceProvider))
#7 [internal function]: Illuminate\\Foundation\\Application->Illuminate\\Foundation\\{closure}(Object(App\\Providers\\AppServiceProvider), 23)
#8 /var/www/morechina/vendor/laravel/framework/src/Illuminate/Foundation/Application.php(803): array_walk(Array, Object(Closure))
#9 /var/www/morechina/vendor/laravel/framework/src/Illuminate/Foundation/Bootstrap/BootProviders.php(17): Illuminate\\Foundation\\Application->boot()
#10 /var/www/morechina/vendor/laravel/framework/src/Illuminate/Foundation/Application.php(211): Illuminate\\Foundation\\Bootstrap\\BootProviders->bootstrap(Object(Illuminate\\Foundation\\Application))
#11 /var/www/morechina/vendor/laravel/framework/src/Illuminate/Foundation/Http/Kernel.php(162): Illuminate\\Foundation\\Application->bootstrapWith(Array)
#12 /var/www/morechina/vendor/laravel/framework/src/Illuminate/Foundation/Http/Kernel.php(146): Illuminate\\Foundation\\Http\\Kernel->bootstrap()
#13 /var/www/morechina/vendor/laravel/framework/src/Illuminate/Foundation/Http/Kernel.php(116): Illuminate\\Foundation\\Http\\Kernel->sendRequestThroughRouter(Object(Illuminate\\Http\\Request))
#14 /var/www/morechina/public/index.php(55): Illuminate\\Foundation\\Http\\Kernel->handle(Object(Illuminate\\Http\\Request))
#15 {main}
"} 
[2025-07-28 17:19:27] local.ERROR: Class 'App\Providers\ProductSkuImage' not found {"exception":"[object] (Symfony\\Component\\Debug\\Exception\\FatalThrowableError(code: 0): Class 'App\\Providers\\ProductSkuImage' not found at /var/www/morechina/app/Providers/AppServiceProvider.php:65)
[stacktrace]
#0 [internal function]: App\\Providers\\AppServiceProvider->boot()
#1 /var/www/morechina/vendor/laravel/framework/src/Illuminate/Container/BoundMethod.php(29): call_user_func_array(Array, Array)
#2 /var/www/morechina/vendor/laravel/framework/src/Illuminate/Container/BoundMethod.php(87): Illuminate\\Container\\BoundMethod::Illuminate\\Container\\{closure}()
#3 /var/www/morechina/vendor/laravel/framework/src/Illuminate/Container/BoundMethod.php(31): Illuminate\\Container\\BoundMethod::callBoundMethod(Object(Illuminate\\Foundation\\Application), Array, Object(Closure))
#4 /var/www/morechina/vendor/laravel/framework/src/Illuminate/Container/Container.php(572): Illuminate\\Container\\BoundMethod::call(Object(Illuminate\\Foundation\\Application), Array, Array, NULL)
#5 /var/www/morechina/vendor/laravel/framework/src/Illuminate/Foundation/Application.php(819): Illuminate\\Container\\Container->call(Array)
#6 /var/www/morechina/vendor/laravel/framework/src/Illuminate/Foundation/Application.php(802): Illuminate\\Foundation\\Application->bootProvider(Object(App\\Providers\\AppServiceProvider))
#7 [internal function]: Illuminate\\Foundation\\Application->Illuminate\\Foundation\\{closure}(Object(App\\Providers\\AppServiceProvider), 23)
#8 /var/www/morechina/vendor/laravel/framework/src/Illuminate/Foundation/Application.php(803): array_walk(Array, Object(Closure))
#9 /var/www/morechina/vendor/laravel/framework/src/Illuminate/Foundation/Bootstrap/BootProviders.php(17): Illuminate\\Foundation\\Application->boot()
#10 /var/www/morechina/vendor/laravel/framework/src/Illuminate/Foundation/Application.php(211): Illuminate\\Foundation\\Bootstrap\\BootProviders->bootstrap(Object(Illuminate\\Foundation\\Application))
#11 /var/www/morechina/vendor/laravel/framework/src/Illuminate/Foundation/Http/Kernel.php(162): Illuminate\\Foundation\\Application->bootstrapWith(Array)
#12 /var/www/morechina/vendor/laravel/framework/src/Illuminate/Foundation/Http/Kernel.php(146): Illuminate\\Foundation\\Http\\Kernel->bootstrap()
#13 /var/www/morechina/vendor/laravel/framework/src/Illuminate/Foundation/Http/Kernel.php(116): Illuminate\\Foundation\\Http\\Kernel->sendRequestThroughRouter(Object(Illuminate\\Http\\Request))
#14 /var/www/morechina/public/index.php(55): Illuminate\\Foundation\\Http\\Kernel->handle(Object(Illuminate\\Http\\Request))
#15 {main}
"} 
[2025-07-28 17:19:34] local.ERROR: Class 'App\Providers\ProductSkuImage' not found {"exception":"[object] (Symfony\\Component\\Debug\\Exception\\FatalThrowableError(code: 0): Class 'App\\Providers\\ProductSkuImage' not found at /var/www/morechina/app/Providers/AppServiceProvider.php:65)
[stacktrace]
#0 [internal function]: App\\Providers\\AppServiceProvider->boot()
#1 /var/www/morechina/vendor/laravel/framework/src/Illuminate/Container/BoundMethod.php(29): call_user_func_array(Array, Array)
#2 /var/www/morechina/vendor/laravel/framework/src/Illuminate/Container/BoundMethod.php(87): Illuminate\\Container\\BoundMethod::Illuminate\\Container\\{closure}()
#3 /var/www/morechina/vendor/laravel/framework/src/Illuminate/Container/BoundMethod.php(31): Illuminate\\Container\\BoundMethod::callBoundMethod(Object(Illuminate\\Foundation\\Application), Array, Object(Closure))
#4 /var/www/morechina/vendor/laravel/framework/src/Illuminate/Container/Container.php(572): Illuminate\\Container\\BoundMethod::call(Object(Illuminate\\Foundation\\Application), Array, Array, NULL)
#5 /var/www/morechina/vendor/laravel/framework/src/Illuminate/Foundation/Application.php(819): Illuminate\\Container\\Container->call(Array)
#6 /var/www/morechina/vendor/laravel/framework/src/Illuminate/Foundation/Application.php(802): Illuminate\\Foundation\\Application->bootProvider(Object(App\\Providers\\AppServiceProvider))
#7 [internal function]: Illuminate\\Foundation\\Application->Illuminate\\Foundation\\{closure}(Object(App\\Providers\\AppServiceProvider), 23)
#8 /var/www/morechina/vendor/laravel/framework/src/Illuminate/Foundation/Application.php(803): array_walk(Array, Object(Closure))
#9 /var/www/morechina/vendor/laravel/framework/src/Illuminate/Foundation/Bootstrap/BootProviders.php(17): Illuminate\\Foundation\\Application->boot()
#10 /var/www/morechina/vendor/laravel/framework/src/Illuminate/Foundation/Application.php(211): Illuminate\\Foundation\\Bootstrap\\BootProviders->bootstrap(Object(Illuminate\\Foundation\\Application))
#11 /var/www/morechina/vendor/laravel/framework/src/Illuminate/Foundation/Http/Kernel.php(162): Illuminate\\Foundation\\Application->bootstrapWith(Array)
#12 /var/www/morechina/vendor/laravel/framework/src/Illuminate/Foundation/Http/Kernel.php(146): Illuminate\\Foundation\\Http\\Kernel->bootstrap()
#13 /var/www/morechina/vendor/laravel/framework/src/Illuminate/Foundation/Http/Kernel.php(116): Illuminate\\Foundation\\Http\\Kernel->sendRequestThroughRouter(Object(Illuminate\\Http\\Request))
#14 /var/www/morechina/public/index.php(55): Illuminate\\Foundation\\Http\\Kernel->handle(Object(Illuminate\\Http\\Request))
#15 {main}
"} 
[2025-07-28 17:22:00] local.ERROR: Class 'App\Providers\ProductSkuImage' not found {"exception":"[object] (Symfony\\Component\\Debug\\Exception\\FatalThrowableError(code: 0): Class 'App\\Providers\\ProductSkuImage' not found at /var/www/morechina/app/Providers/AppServiceProvider.php:65)
[stacktrace]
#0 [internal function]: App\\Providers\\AppServiceProvider->boot()
#1 /var/www/morechina/vendor/laravel/framework/src/Illuminate/Container/BoundMethod.php(29): call_user_func_array(Array, Array)
#2 /var/www/morechina/vendor/laravel/framework/src/Illuminate/Container/BoundMethod.php(87): Illuminate\\Container\\BoundMethod::Illuminate\\Container\\{closure}()
#3 /var/www/morechina/vendor/laravel/framework/src/Illuminate/Container/BoundMethod.php(31): Illuminate\\Container\\BoundMethod::callBoundMethod(Object(Illuminate\\Foundation\\Application), Array, Object(Closure))
#4 /var/www/morechina/vendor/laravel/framework/src/Illuminate/Container/Container.php(572): Illuminate\\Container\\BoundMethod::call(Object(Illuminate\\Foundation\\Application), Array, Array, NULL)
#5 /var/www/morechina/vendor/laravel/framework/src/Illuminate/Foundation/Application.php(819): Illuminate\\Container\\Container->call(Array)
#6 /var/www/morechina/vendor/laravel/framework/src/Illuminate/Foundation/Application.php(802): Illuminate\\Foundation\\Application->bootProvider(Object(App\\Providers\\AppServiceProvider))
#7 [internal function]: Illuminate\\Foundation\\Application->Illuminate\\Foundation\\{closure}(Object(App\\Providers\\AppServiceProvider), 23)
#8 /var/www/morechina/vendor/laravel/framework/src/Illuminate/Foundation/Application.php(803): array_walk(Array, Object(Closure))
#9 /var/www/morechina/vendor/laravel/framework/src/Illuminate/Foundation/Bootstrap/BootProviders.php(17): Illuminate\\Foundation\\Application->boot()
#10 /var/www/morechina/vendor/laravel/framework/src/Illuminate/Foundation/Application.php(211): Illuminate\\Foundation\\Bootstrap\\BootProviders->bootstrap(Object(Illuminate\\Foundation\\Application))
#11 /var/www/morechina/vendor/laravel/framework/src/Illuminate/Foundation/Http/Kernel.php(162): Illuminate\\Foundation\\Application->bootstrapWith(Array)
#12 /var/www/morechina/vendor/laravel/framework/src/Illuminate/Foundation/Http/Kernel.php(146): Illuminate\\Foundation\\Http\\Kernel->bootstrap()
#13 /var/www/morechina/vendor/laravel/framework/src/Illuminate/Foundation/Http/Kernel.php(116): Illuminate\\Foundation\\Http\\Kernel->sendRequestThroughRouter(Object(Illuminate\\Http\\Request))
#14 /var/www/morechina/public/index.php(55): Illuminate\\Foundation\\Http\\Kernel->handle(Object(Illuminate\\Http\\Request))
#15 {main}
"} 
[2025-07-28 17:22:00] local.ERROR: Class 'App\Providers\ProductSkuImage' not found {"exception":"[object] (Symfony\\Component\\Debug\\Exception\\FatalThrowableError(code: 0): Class 'App\\Providers\\ProductSkuImage' not found at /var/www/morechina/app/Providers/AppServiceProvider.php:65)
[stacktrace]
#0 [internal function]: App\\Providers\\AppServiceProvider->boot()
#1 /var/www/morechina/vendor/laravel/framework/src/Illuminate/Container/BoundMethod.php(29): call_user_func_array(Array, Array)
#2 /var/www/morechina/vendor/laravel/framework/src/Illuminate/Container/BoundMethod.php(87): Illuminate\\Container\\BoundMethod::Illuminate\\Container\\{closure}()
#3 /var/www/morechina/vendor/laravel/framework/src/Illuminate/Container/BoundMethod.php(31): Illuminate\\Container\\BoundMethod::callBoundMethod(Object(Illuminate\\Foundation\\Application), Array, Object(Closure))
#4 /var/www/morechina/vendor/laravel/framework/src/Illuminate/Container/Container.php(572): Illuminate\\Container\\BoundMethod::call(Object(Illuminate\\Foundation\\Application), Array, Array, NULL)
#5 /var/www/morechina/vendor/laravel/framework/src/Illuminate/Foundation/Application.php(819): Illuminate\\Container\\Container->call(Array)
#6 /var/www/morechina/vendor/laravel/framework/src/Illuminate/Foundation/Application.php(802): Illuminate\\Foundation\\Application->bootProvider(Object(App\\Providers\\AppServiceProvider))
#7 [internal function]: Illuminate\\Foundation\\Application->Illuminate\\Foundation\\{closure}(Object(App\\Providers\\AppServiceProvider), 23)
#8 /var/www/morechina/vendor/laravel/framework/src/Illuminate/Foundation/Application.php(803): array_walk(Array, Object(Closure))
#9 /var/www/morechina/vendor/laravel/framework/src/Illuminate/Foundation/Bootstrap/BootProviders.php(17): Illuminate\\Foundation\\Application->boot()
#10 /var/www/morechina/vendor/laravel/framework/src/Illuminate/Foundation/Application.php(211): Illuminate\\Foundation\\Bootstrap\\BootProviders->bootstrap(Object(Illuminate\\Foundation\\Application))
#11 /var/www/morechina/vendor/laravel/framework/src/Illuminate/Foundation/Http/Kernel.php(162): Illuminate\\Foundation\\Application->bootstrapWith(Array)
#12 /var/www/morechina/vendor/laravel/framework/src/Illuminate/Foundation/Http/Kernel.php(146): Illuminate\\Foundation\\Http\\Kernel->bootstrap()
#13 /var/www/morechina/vendor/laravel/framework/src/Illuminate/Foundation/Http/Kernel.php(116): Illuminate\\Foundation\\Http\\Kernel->sendRequestThroughRouter(Object(Illuminate\\Http\\Request))
#14 /var/www/morechina/public/index.php(55): Illuminate\\Foundation\\Http\\Kernel->handle(Object(Illuminate\\Http\\Request))
#15 {main}
"} 
[2025-07-28 17:24:15] local.ERROR: Class 'App\Providers\ProductSkuImage' not found {"exception":"[object] (Symfony\\Component\\Debug\\Exception\\FatalThrowableError(code: 0): Class 'App\\Providers\\ProductSkuImage' not found at /var/www/morechina/app/Providers/AppServiceProvider.php:65)
[stacktrace]
#0 [internal function]: App\\Providers\\AppServiceProvider->boot()
#1 /var/www/morechina/vendor/laravel/framework/src/Illuminate/Container/BoundMethod.php(29): call_user_func_array(Array, Array)
#2 /var/www/morechina/vendor/laravel/framework/src/Illuminate/Container/BoundMethod.php(87): Illuminate\\Container\\BoundMethod::Illuminate\\Container\\{closure}()
#3 /var/www/morechina/vendor/laravel/framework/src/Illuminate/Container/BoundMethod.php(31): Illuminate\\Container\\BoundMethod::callBoundMethod(Object(Illuminate\\Foundation\\Application), Array, Object(Closure))
#4 /var/www/morechina/vendor/laravel/framework/src/Illuminate/Container/Container.php(572): Illuminate\\Container\\BoundMethod::call(Object(Illuminate\\Foundation\\Application), Array, Array, NULL)
#5 /var/www/morechina/vendor/laravel/framework/src/Illuminate/Foundation/Application.php(819): Illuminate\\Container\\Container->call(Array)
#6 /var/www/morechina/vendor/laravel/framework/src/Illuminate/Foundation/Application.php(802): Illuminate\\Foundation\\Application->bootProvider(Object(App\\Providers\\AppServiceProvider))
#7 [internal function]: Illuminate\\Foundation\\Application->Illuminate\\Foundation\\{closure}(Object(App\\Providers\\AppServiceProvider), 23)
#8 /var/www/morechina/vendor/laravel/framework/src/Illuminate/Foundation/Application.php(803): array_walk(Array, Object(Closure))
#9 /var/www/morechina/vendor/laravel/framework/src/Illuminate/Foundation/Bootstrap/BootProviders.php(17): Illuminate\\Foundation\\Application->boot()
#10 /var/www/morechina/vendor/laravel/framework/src/Illuminate/Foundation/Application.php(211): Illuminate\\Foundation\\Bootstrap\\BootProviders->bootstrap(Object(Illuminate\\Foundation\\Application))
#11 /var/www/morechina/vendor/laravel/framework/src/Illuminate/Foundation/Http/Kernel.php(162): Illuminate\\Foundation\\Application->bootstrapWith(Array)
#12 /var/www/morechina/vendor/laravel/framework/src/Illuminate/Foundation/Http/Kernel.php(146): Illuminate\\Foundation\\Http\\Kernel->bootstrap()
#13 /var/www/morechina/vendor/laravel/framework/src/Illuminate/Foundation/Http/Kernel.php(116): Illuminate\\Foundation\\Http\\Kernel->sendRequestThroughRouter(Object(Illuminate\\Http\\Request))
#14 /var/www/morechina/public/index.php(55): Illuminate\\Foundation\\Http\\Kernel->handle(Object(Illuminate\\Http\\Request))
#15 {main}
"} 
[2025-07-28 17:26:12] local.ERROR: Class 'App\Providers\ProductSkuImage' not found {"exception":"[object] (Symfony\\Component\\Debug\\Exception\\FatalThrowableError(code: 0): Class 'App\\Providers\\ProductSkuImage' not found at /var/www/morechina/app/Providers/AppServiceProvider.php:65)
[stacktrace]
#0 [internal function]: App\\Providers\\AppServiceProvider->boot()
#1 /var/www/morechina/vendor/laravel/framework/src/Illuminate/Container/BoundMethod.php(29): call_user_func_array(Array, Array)
#2 /var/www/morechina/vendor/laravel/framework/src/Illuminate/Container/BoundMethod.php(87): Illuminate\\Container\\BoundMethod::Illuminate\\Container\\{closure}()
#3 /var/www/morechina/vendor/laravel/framework/src/Illuminate/Container/BoundMethod.php(31): Illuminate\\Container\\BoundMethod::callBoundMethod(Object(Illuminate\\Foundation\\Application), Array, Object(Closure))
#4 /var/www/morechina/vendor/laravel/framework/src/Illuminate/Container/Container.php(572): Illuminate\\Container\\BoundMethod::call(Object(Illuminate\\Foundation\\Application), Array, Array, NULL)
#5 /var/www/morechina/vendor/laravel/framework/src/Illuminate/Foundation/Application.php(819): Illuminate\\Container\\Container->call(Array)
#6 /var/www/morechina/vendor/laravel/framework/src/Illuminate/Foundation/Application.php(802): Illuminate\\Foundation\\Application->bootProvider(Object(App\\Providers\\AppServiceProvider))
#7 [internal function]: Illuminate\\Foundation\\Application->Illuminate\\Foundation\\{closure}(Object(App\\Providers\\AppServiceProvider), 23)
#8 /var/www/morechina/vendor/laravel/framework/src/Illuminate/Foundation/Application.php(803): array_walk(Array, Object(Closure))
#9 /var/www/morechina/vendor/laravel/framework/src/Illuminate/Foundation/Bootstrap/BootProviders.php(17): Illuminate\\Foundation\\Application->boot()
#10 /var/www/morechina/vendor/laravel/framework/src/Illuminate/Foundation/Application.php(211): Illuminate\\Foundation\\Bootstrap\\BootProviders->bootstrap(Object(Illuminate\\Foundation\\Application))
#11 /var/www/morechina/vendor/laravel/framework/src/Illuminate/Foundation/Http/Kernel.php(162): Illuminate\\Foundation\\Application->bootstrapWith(Array)
#12 /var/www/morechina/vendor/laravel/framework/src/Illuminate/Foundation/Http/Kernel.php(146): Illuminate\\Foundation\\Http\\Kernel->bootstrap()
#13 /var/www/morechina/vendor/laravel/framework/src/Illuminate/Foundation/Http/Kernel.php(116): Illuminate\\Foundation\\Http\\Kernel->sendRequestThroughRouter(Object(Illuminate\\Http\\Request))
#14 /var/www/morechina/public/index.php(55): Illuminate\\Foundation\\Http\\Kernel->handle(Object(Illuminate\\Http\\Request))
#15 {main}
"} 
